   0.0000000e+00   1.4099175e-06   1.1915562e-07
   1.0000000e-02   5.6412405e-06   4.7697175e-07
   2.0000000e-02   1.2696143e-05   1.0740778e-06
   3.0000000e-02   2.2576525e-05   1.9112839e-06
   4.0000000e-02   3.5283895e-05   2.9896535e-06
   5.0000000e-02   5.0819073e-05   4.3106005e-06
   6.0000000e-02   6.9181746e-05   5.8759927e-06
   7.0000000e-02   9.0370096e-05   7.6882266e-06
   8.0000000e-02   1.1438077e-04   9.7502486e-06
   9.0000000e-02   1.4120925e-04   1.2065511e-05
   1.0000000e-01   1.7085056e-04   1.4637877e-05
   1.1000000e-01   2.0330006e-04   1.7471482e-05
   1.2000000e-01   2.3855437e-04   2.0570589e-05
   1.3000000e-01   2.7661182e-04   2.3939417e-05
   1.4000000e-01   3.1747209e-04   2.7582006e-05
   1.5000000e-01   3.6113509e-04   3.1502089e-05
   1.6000000e-01   4.0759954e-04   3.5703016e-05
   1.7000000e-01   4.5686205e-04   4.0187673e-05
   1.8000000e-01   5.0891660e-04   4.4958374e-05
   1.9000000e-01   5.6375440e-04   5.0016704e-05
   2.0000000e-01   6.2136398e-04   5.5363347e-05
   2.1000000e-01   6.8173194e-04   6.0998036e-05
   2.2000000e-01   7.4484435e-04   6.6919625e-05
   2.3000000e-01   8.1068846e-04   7.3126157e-05
   2.4000000e-01   8.7925421e-04   7.9614885e-05
   2.5000000e-01   9.5053543e-04   8.6382321e-05
   2.6000000e-01   1.0245320e-03   9.3424453e-05
   2.7000000e-01   1.1012530e-03   1.0073709e-04
   2.8000000e-01   1.1807192e-03   1.0831632e-04
   2.9000000e-01   1.2629619e-03   1.1615903e-04
   3.0000000e-01   1.3480206e-03   1.2426358e-04
   3.1000000e-01   1.4359367e-03   1.3263025e-04
   3.2000000e-01   1.5267468e-03   1.4126156e-04
   3.3000000e-01   1.6204750e-03   1.5016230e-04
   3.4000000e-01   1.7171289e-03   1.5933933e-04
   3.5000000e-01   1.8167006e-03   1.6880132e-04
   3.6000000e-01   1.9191724e-03   1.7855836e-04
   3.7000000e-01   2.0245236e-03   1.8862118e-04
   3.8000000e-01   2.1327360e-03   1.9900023e-04
   3.9000000e-01   2.2437929e-03   2.0970485e-04
   4.0000000e-01   2.3576744e-03   2.2074289e-04
   4.1000000e-01   2.4743588e-03   2.3212052e-04
   4.2000000e-01   2.5938283e-03   2.4384207e-04
   4.3000000e-01   2.7160714e-03   2.5590993e-04
   4.4000000e-01   2.8410750e-03   2.6832485e-04
   4.5000000e-01   2.9688166e-03   2.8108672e-04
   4.6000000e-01   3.0992660e-03   2.9419563e-04
   4.7000000e-01   3.2323896e-03   3.0765317e-04
   4.8000000e-01   3.3681511e-03   3.2146388e-04
   4.9000000e-01   3.5065075e-03   3.3563620e-04
   5.0000000e-01   3.6474063e-03   3.5018212e-04
   5.1000000e-01   3.7907879e-03   3.6511521e-04
   5.2000000e-01   3.9365962e-03   3.8044725e-04
   5.3000000e-01   4.0847927e-03   3.9618465e-04
   5.4000000e-01   4.2353605e-03   4.1232584e-04
   5.5000000e-01   4.3883003e-03   4.2885990e-04
   5.6000000e-01   4.5436279e-03   4.4576659e-04
   5.7000000e-01   4.7013770e-03   4.6301769e-04
   5.8000000e-01   4.8615956e-03   4.8057947e-04
   5.9000000e-01   5.0243325e-03   4.9841537e-04
   6.0000000e-01   5.1896235e-03   5.1648878e-04
   6.1000000e-01   5.3574845e-03   5.3476585e-04
   6.2000000e-01   5.5279117e-03   5.5321848e-04
   6.3000000e-01   5.7008825e-03   5.7182754e-04
   6.4000000e-01   5.8763615e-03   5.9058560e-04
   6.5000000e-01   6.0543103e-03   6.0949871e-04
   6.6000000e-01   6.2346996e-03   6.2858665e-04
   6.7000000e-01   6.4175197e-03   6.4788159e-04
   6.8000000e-01   6.6027897e-03   6.6742584e-04
   6.9000000e-01   6.7905645e-03   6.8726881e-04
   7.0000000e-01   6.9809312e-03   7.0746281e-04
   7.1000000e-01   7.1739921e-03   7.2805732e-04
   7.2000000e-01   7.3698417e-03   7.4909233e-04
   7.3000000e-01   7.5685485e-03   7.7059263e-04
   7.4000000e-01   7.7701480e-03   7.9256498e-04
   7.5000000e-01   7.9746440e-03   8.1499954e-04
   7.6000000e-01   8.1820147e-03   8.3787418e-04
   7.7000000e-01   8.3922297e-03   8.6115898e-04
   7.8000000e-01   8.6052762e-03   8.8481871e-04
   7.9000000e-01   8.8211739e-03   9.0881318e-04
   8.0000000e-01   9.0399639e-03   9.3309825e-04
   8.1000000e-01   9.2616816e-03   9.5762969e-04
   8.2000000e-01   9.4863336e-03   9.8236957e-04
   8.3000000e-01   9.7138976e-03   1.0072918e-03
   8.4000000e-01   9.9443446e-03   1.0323851e-03
   8.5000000e-01   1.0177663e-02   1.0576519e-03
   8.6000000e-01   1.0413867e-02   1.0831062e-03
   8.7000000e-01   1.0652982e-02   1.1087699e-03
   8.8000000e-01   1.0895030e-02   1.1346721e-03
   8.9000000e-01   1.1139997e-02   1.1608500e-03
   9.0000000e-01   1.1387805e-02   1.1873491e-03
   9.1000000e-01   1.1638309e-02   1.2142170e-03
   9.2000000e-01   1.1891315e-02   1.2414927e-03
   9.3000000e-01   1.2146621e-02   1.2691954e-03
   9.4000000e-01   1.2404047e-02   1.2973186e-03
   9.5000000e-01   1.2663450e-02   1.3258320e-03
   9.6000000e-01   1.2924708e-02   1.3546876e-03
   9.7000000e-01   1.3187709e-02   1.3838272e-03
   9.8000000e-01   1.3452336e-02   1.4131884e-03
   9.9000000e-01   1.3718441e-02   1.4427121e-03
   1.0000000e+00   1.3985858e-02   1.4723502e-03
   1.0100000e+00   1.4254457e-02   1.5020748e-03
   1.0200000e+00   1.4524219e-02   1.5318842e-03
   1.0300000e+00   1.4795251e-02   1.5618039e-03
   1.0400000e+00   1.5067725e-02   1.5918827e-03
   1.0500000e+00   1.5341758e-02   1.6221843e-03
   1.0600000e+00   1.5617325e-02   1.6527782e-03
   1.0700000e+00   1.5894281e-02   1.6837303e-03
   1.0800000e+00   1.6172475e-02   1.7150952e-03
   1.0900000e+00   1.6451858e-02   1.7469114e-03
   1.1000000e+00   1.6732515e-02   1.7792018e-03
   1.1100000e+00   1.7014640e-02   1.8119774e-03
   1.1200000e+00   1.7298510e-02   1.8452417e-03
   1.1300000e+00   1.7584451e-02   1.8789947e-03
   1.1400000e+00   1.7872823e-02   1.9132364e-03
   1.1500000e+00   1.8163986e-02   1.9479702e-03
   1.1600000e+00   1.8458212e-02   1.9832022e-03
   1.1700000e+00   1.8755579e-02   2.0189380e-03
   1.1800000e+00   1.9055934e-02   2.0551779e-03
   1.1900000e+00   1.9358981e-02   2.0919166e-03
   1.2000000e+00   1.9664415e-02   2.1291476e-03
   1.2100000e+00   1.9972004e-02   2.1668676e-03
   1.2200000e+00   2.0281585e-02   2.2050794e-03
   1.2300000e+00   2.0593056e-02   2.2437907e-03
   1.2400000e+00   2.0906398e-02   2.2830105e-03
   1.2500000e+00   2.1221687e-02   2.3227470e-03
   1.2600000e+00   2.1539037e-02   2.3630066e-03
   1.2700000e+00   2.1858535e-02   2.4037977e-03
   1.2800000e+00   2.2180238e-02   2.4451354e-03
   1.2900000e+00   2.2504225e-02   2.4870449e-03
   1.3000000e+00   2.2830607e-02   2.5295612e-03
   1.3100000e+00   2.3159444e-02   2.5727262e-03
   1.3200000e+00   2.3490638e-02   2.6165822e-03
   1.3300000e+00   2.3823968e-02   2.6611594e-03
   1.3400000e+00   2.4159222e-02   2.7064612e-03
   1.3500000e+00   2.4496295e-02   2.7524546e-03
   1.3600000e+00   2.4835166e-02   2.7990695e-03
   1.3700000e+00   2.5175839e-02   2.8462069e-03
   1.3800000e+00   2.5518354e-02   2.8937511e-03
   1.3900000e+00   2.5862844e-02   2.9415777e-03
   1.4000000e+00   2.6209592e-02   2.9895531e-03
   1.4100000e+00   2.6559011e-02   3.0375318e-03
   1.4200000e+00   2.6911518e-02   3.0853593e-03
   1.4300000e+00   2.7267386e-02   3.1328853e-03
   1.4400000e+00   2.7626666e-02   3.1799791e-03
   1.4500000e+00   2.7989195e-02   3.2265449e-03
   1.4600000e+00   2.8354625e-02   3.2725314e-03
   1.4700000e+00   2.8722475e-02   3.3179373e-03
   1.4800000e+00   2.9092213e-02   3.3628103e-03
   1.4900000e+00   2.9463398e-02   3.4072427e-03
   1.5000000e+00   2.9835787e-02   3.4513646e-03
   1.5100000e+00   3.0209363e-02   3.4953327e-03
   1.5200000e+00   3.0584262e-02   3.5393158e-03
   1.5300000e+00   3.0960689e-02   3.5834800e-03
   1.5400000e+00   3.1338885e-02   3.6279782e-03
   1.5500000e+00   3.1719114e-02   3.6729480e-03
   1.5600000e+00   3.2101646e-02   3.7185183e-03
   1.5700000e+00   3.2486684e-02   3.7648136e-03
   1.5800000e+00   3.2874289e-02   3.8119469e-03
   1.5900000e+00   3.3264342e-02   3.8600089e-03
   1.6000000e+00   3.3656546e-02   3.9090677e-03
   1.6100000e+00   3.4050391e-02   3.9591770e-03
   1.6200000e+00   3.4445103e-02   4.0103818e-03
   1.6300000e+00   3.4839684e-02   4.0627161e-03
   1.6400000e+00   3.5233066e-02   4.1161959e-03
   1.6500000e+00   3.5624299e-02   4.1708136e-03
   1.6600000e+00   3.6012742e-02   4.2265318e-03
   1.6700000e+00   3.6398210e-02   4.2832803e-03
   1.6800000e+00   3.6781019e-02   4.3409539e-03
   1.6900000e+00   3.7161887e-02   4.3994144e-03
   1.7000000e+00   3.7541729e-02   4.4584971e-03
   1.7100000e+00   3.7921463e-02   4.5180190e-03
   1.7200000e+00   3.8301845e-02   4.5777853e-03
   1.7300000e+00   3.8683406e-02   4.6375977e-03
   1.7400000e+00   3.9066566e-02   4.6972696e-03
   1.7500000e+00   3.9451786e-02   4.7566439e-03
   1.7600000e+00   3.9839512e-02   4.8156016e-03
   1.7700000e+00   4.0229991e-02   4.8740610e-03
   1.7800000e+00   4.0623241e-02   4.9319766e-03
   1.7900000e+00   4.1019254e-02   4.9893447e-03
   1.8000000e+00   4.1418147e-02   5.0462073e-03
   1.8100000e+00   4.1820111e-02   5.1026483e-03
   1.8200000e+00   4.2225308e-02   5.1587832e-03
   1.8300000e+00   4.2633893e-02   5.2147415e-03
   1.8400000e+00   4.3046094e-02   5.2706438e-03
   1.8500000e+00   4.3462257e-02   5.3265750e-03
   1.8600000e+00   4.3882773e-02   5.3825657e-03
   1.8700000e+00   4.4307867e-02   5.4385921e-03
   1.8800000e+00   4.4737397e-02   5.4946026e-03
   1.8900000e+00   4.5170884e-02   5.5505583e-03
   1.9000000e+00   4.5607717e-02   5.6064721e-03
   1.9100000e+00   4.6047229e-02   5.6624323e-03
   1.9200000e+00   4.6488628e-02   5.7186052e-03
   1.9300000e+00   4.6931057e-02   5.7752204e-03
   1.9400000e+00   4.7373806e-02   5.8325424e-03
   1.9500000e+00   4.7816491e-02   5.8908442e-03
   1.9600000e+00   4.8259040e-02   5.9503870e-03
   1.9700000e+00   4.8701602e-02   6.0114031e-03
   1.9800000e+00   4.9144465e-02   6.0740741e-03
   1.9900000e+00   4.9587968e-02   6.1385085e-03
   2.0000000e+00   5.0032386e-02   6.2047216e-03
   2.0100000e+00   5.0477812e-02   6.2726240e-03
   2.0200000e+00   5.0924086e-02   6.3420214e-03
   2.0300000e+00   5.1370767e-02   6.4126286e-03
   2.0400000e+00   5.1817168e-02   6.4840893e-03
   2.0500000e+00   5.2262478e-02   6.5560005e-03
   2.0600000e+00   5.2705963e-02   6.6279419e-03
   2.0700000e+00   5.3147124e-02   6.6995185e-03
   2.0800000e+00   5.3585773e-02   6.7704136e-03
   2.0900000e+00   5.4021986e-02   6.8404458e-03
   2.1000000e+00   5.4456003e-02   6.9096072e-03
   2.1100000e+00   5.4888148e-02   6.9780631e-03
   2.1200000e+00   5.5318728e-02   7.0461079e-03
   2.1300000e+00   5.5747876e-02   7.1140972e-03
   2.1400000e+00   5.6175514e-02   7.1823920e-03
   2.1500000e+00   5.6601514e-02   7.2513341e-03
   2.1600000e+00   5.7025923e-02   7.3212434e-03
   2.1700000e+00   5.7449059e-02   7.3924052e-03
   2.1800000e+00   5.7871390e-02   7.4650275e-03
   2.1900000e+00   5.8293267e-02   7.5391953e-03
   2.2000000e+00   5.8714744e-02   7.6148556e-03
   2.2100000e+00   5.9135663e-02   7.6918408e-03
   2.2200000e+00   5.9555879e-02   7.7699130e-03
   2.2300000e+00   5.9975427e-02   7.8488068e-03
   2.2400000e+00   6.0394648e-02   7.9282588e-03
   2.2500000e+00   6.0814256e-02   8.0080086e-03
   2.2600000e+00   6.1235266e-02   8.0877815e-03
   2.2700000e+00   6.1658773e-02   8.1672872e-03
   2.2800000e+00   6.2085732e-02   8.2462573e-03
   2.2900000e+00   6.2516794e-02   8.3245096e-03
   2.3000000e+00   6.2952339e-02   8.4019991e-03
   2.3100000e+00   6.3392649e-02   8.4788323e-03
   2.3200000e+00   6.3838004e-02   8.5552401e-03
   2.3300000e+00   6.4288719e-02   8.6315302e-03
   2.3400000e+00   6.4745163e-02   8.7080496e-03
   2.3500000e+00   6.5207612e-02   8.7851596e-03
   2.3600000e+00   6.5675898e-02   8.8632022e-03
   2.3700000e+00   6.6149132e-02   8.9424494e-03
   2.3800000e+00   6.6625829e-02   9.0230440e-03
   2.3900000e+00   6.7104521e-02   9.1049584e-03
   2.4000000e+00   6.7584540e-02   9.1879921e-03
   2.4100000e+00   6.8066321e-02   9.2718061e-03
   2.4200000e+00   6.8550888e-02   9.3559713e-03
   2.4300000e+00   6.9038893e-02   9.4400211e-03
   2.4400000e+00   6.9530036e-02   9.5235120e-03
   2.4500000e+00   7.0023182e-02   9.6060928e-03
   2.4600000e+00   7.0516768e-02   9.6875605e-03
   2.4700000e+00   7.1009104e-02   9.7678760e-03
   2.4800000e+00   7.1498591e-02   9.8471384e-03
   2.4900000e+00   7.1983861e-02   9.9255441e-03
   2.5000000e+00   7.2463870e-02   1.0003346e-02
   2.5100000e+00   7.2938193e-02   1.0080817e-02
   2.5200000e+00   7.3407370e-02   1.0158214e-02
   2.5300000e+00   7.3872831e-02   1.0235755e-02
   2.5400000e+00   7.4336314e-02   1.0313607e-02
   2.5500000e+00   7.4799191e-02   1.0391882e-02
   2.5600000e+00   7.5262222e-02   1.0470620e-02
   2.5700000e+00   7.5725772e-02   1.0549773e-02
   2.5800000e+00   7.6190044e-02   1.0629204e-02
   2.5900000e+00   7.6654970e-02   1.0708704e-02
   2.6000000e+00   7.7120079e-02   1.0788015e-02
   2.6100000e+00   7.7584737e-02   1.0866875e-02
   2.6200000e+00   7.8048475e-02   1.0945056e-02
   2.6300000e+00   7.8510953e-02   1.1022389e-02
   2.6400000e+00   7.8971676e-02   1.1098750e-02
   2.6500000e+00   7.9429954e-02   1.1174041e-02
   2.6600000e+00   7.9885396e-02   1.1248175e-02
   2.6700000e+00   8.0338442e-02   1.1321071e-02
   2.6800000e+00   8.0790183e-02   1.1392660e-02
   2.6900000e+00   8.1241540e-02   1.1462907e-02
   2.7000000e+00   8.1692780e-02   1.1531857e-02
   2.7100000e+00   8.2143744e-02   1.1599691e-02
   2.7200000e+00   8.2594200e-02   1.1666748e-02
   2.7300000e+00   8.3043815e-02   1.1733500e-02
   2.7400000e+00   8.3491874e-02   1.1800496e-02
   2.7500000e+00   8.3937084e-02   1.1868285e-02
   2.7600000e+00   8.4377782e-02   1.1937378e-02
   2.7700000e+00   8.4812632e-02   1.2008263e-02
   2.7800000e+00   8.5241226e-02   1.2081423e-02
   2.7900000e+00   8.5664132e-02   1.2157303e-02
   2.8000000e+00   8.6082581e-02   1.2236261e-02
   2.8100000e+00   8.6498197e-02   1.2318517e-02
   2.8200000e+00   8.6912818e-02   1.2404132e-02
   2.8300000e+00   8.7328211e-02   1.2492985e-02
   2.8400000e+00   8.7745630e-02   1.2584781e-02
   2.8500000e+00   8.8165492e-02   1.2679060e-02
   2.8600000e+00   8.8587490e-02   1.2775228e-02
   2.8700000e+00   8.9011011e-02   1.2872597e-02
   2.8800000e+00   8.9435458e-02   1.2970452e-02
   2.8900000e+00   8.9860230e-02   1.3068113e-02
   2.9000000e+00   9.0284522e-02   1.3165006e-02
   2.9100000e+00   9.0707330e-02   1.3260702e-02
   2.9200000e+00   9.1127807e-02   1.3354905e-02
   2.9300000e+00   9.1545697e-02   1.3447406e-02
   2.9400000e+00   9.1961498e-02   1.3538043e-02
   2.9500000e+00   9.2376384e-02   1.3626726e-02
   2.9600000e+00   9.2792225e-02   1.3713460e-02
   2.9700000e+00   9.3211637e-02   1.3798320e-02
   2.9800000e+00   9.3637670e-02   1.3881388e-02
   2.9900000e+00   9.4073142e-02   1.3962726e-02
   3.0000000e+00   9.4519963e-02   1.4042377e-02
   3.0100000e+00   9.4978649e-02   1.4120400e-02
   3.0200000e+00   9.5448073e-02   1.4196886e-02
   3.0300000e+00   9.5925681e-02   1.4271975e-02
   3.0400000e+00   9.6408195e-02   1.4345855e-02
   3.0500000e+00   9.6892344e-02   1.4418771e-02
   3.0600000e+00   9.7375283e-02   1.4491037e-02
   3.0700000e+00   9.7854880e-02   1.4563032e-02
   3.0800000e+00   9.8329783e-02   1.4635188e-02
   3.0900000e+00   9.8798919e-02   1.4707982e-02
   3.1000000e+00   9.9260975e-02   1.4781914e-02
   3.1100000e+00   9.9714759e-02   1.4857459e-02
   3.1200000e+00   1.0016001e-01   1.4935016e-02
   3.1300000e+00   1.0059741e-01   1.5014896e-02
   3.1400000e+00   1.0102778e-01   1.5097334e-02
   3.1500000e+00   1.0145142e-01   1.5182473e-02
   3.1600000e+00   1.0186835e-01   1.5270332e-02
   3.1700000e+00   1.0227862e-01   1.5360780e-02
   3.1800000e+00   1.0268222e-01   1.5453529e-02
   3.1900000e+00   1.0307885e-01   1.5548147e-02
   3.2000000e+00   1.0346780e-01   1.5644101e-02
   3.2100000e+00   1.0384825e-01   1.5740832e-02
   3.2200000e+00   1.0422005e-01   1.5837859e-02
   3.2300000e+00   1.0458438e-01   1.5934870e-02
   3.2400000e+00   1.0494336e-01   1.6031739e-02
   3.2500000e+00   1.0529910e-01   1.6128462e-02
   3.2600000e+00   1.0565337e-01   1.6225061e-02
   3.2700000e+00   1.0600818e-01   1.6321482e-02
   3.2800000e+00   1.0636563e-01   1.6417534e-02
   3.2900000e+00   1.0672714e-01   1.6512888e-02
   3.3000000e+00   1.0709295e-01   1.6607135e-02
   3.3100000e+00   1.0746234e-01   1.6699858e-02
   3.3200000e+00   1.0783422e-01   1.6790666e-02
   3.3300000e+00   1.0820743e-01   1.6879191e-02
   3.3400000e+00   1.0858094e-01   1.6965094e-02
   3.3500000e+00   1.0895403e-01   1.7048102e-02
   3.3600000e+00   1.0932662e-01   1.7128065e-02
   3.3700000e+00   1.0969933e-01   1.7204996e-02
   3.3800000e+00   1.1007344e-01   1.7279091e-02
   3.3900000e+00   1.1045063e-01   1.7350701e-02
   3.4000000e+00   1.1083248e-01   1.7420316e-02
   3.4100000e+00   1.1121999e-01   1.7488556e-02
   3.4200000e+00   1.1161352e-01   1.7556167e-02
   3.4300000e+00   1.1201272e-01   1.7623977e-02
   3.4400000e+00   1.1241683e-01   1.7692791e-02
   3.4500000e+00   1.1282497e-01   1.7763245e-02
   3.4600000e+00   1.1323624e-01   1.7835656e-02
   3.4700000e+00   1.1364987e-01   1.7909935e-02
   3.4800000e+00   1.1406537e-01   1.7985606e-02
   3.4900000e+00   1.1448267e-01   1.8061942e-02
   3.5000000e+00   1.1490153e-01   1.8138138e-02
   3.5100000e+00   1.1532118e-01   1.8213447e-02
   3.5200000e+00   1.1574024e-01   1.8287217e-02
   3.5300000e+00   1.1615726e-01   1.8358885e-02
   3.5400000e+00   1.1657153e-01   1.8428020e-02
   3.5500000e+00   1.1698333e-01   1.8494480e-02
   3.5600000e+00   1.1739335e-01   1.8558517e-02
   3.5700000e+00   1.1780184e-01   1.8620759e-02
   3.5800000e+00   1.1820822e-01   1.8682058e-02
   3.5900000e+00   1.1861122e-01   1.8743308e-02
   3.6000000e+00   1.1900899e-01   1.8805303e-02
   3.6100000e+00   1.1939937e-01   1.8868675e-02
   3.6200000e+00   1.1978040e-01   1.8933931e-02
   3.6300000e+00   1.2015062e-01   1.9001503e-02
   3.6400000e+00   1.2050925e-01   1.9071753e-02
   3.6500000e+00   1.2085610e-01   1.9144895e-02
   3.6600000e+00   1.2119098e-01   1.9220900e-02
   3.6700000e+00   1.2151358e-01   1.9299464e-02
   3.6800000e+00   1.2182363e-01   1.9380027e-02
   3.6900000e+00   1.2212109e-01   1.9461869e-02
   3.7000000e+00   1.2240656e-01   1.9544219e-02
   3.7100000e+00   1.2268190e-01   1.9626311e-02
   3.7200000e+00   1.2295039e-01   1.9707392e-02
   3.7300000e+00   1.2321599e-01   1.9786762e-02
   3.7400000e+00   1.2348161e-01   1.9863851e-02
   3.7500000e+00   1.2374741e-01   1.9938337e-02
   3.7600000e+00   1.2401075e-01   2.0010245e-02
   3.7700000e+00   1.2426837e-01   2.0079954e-02
   3.7800000e+00   1.2451914e-01   2.0148125e-02
   3.7900000e+00   1.2476500e-01   2.0215618e-02
   3.8000000e+00   1.2500963e-01   2.0283419e-02
   3.8100000e+00   1.2525681e-01   2.0352502e-02
   3.8200000e+00   1.2550974e-01   2.0423640e-02
   3.8300000e+00   1.2577071e-01   2.0497239e-02
   3.8400000e+00   1.2604097e-01   2.0573280e-02
   3.8500000e+00   1.2632080e-01   2.0651392e-02
   3.8600000e+00   1.2660934e-01   2.0730957e-02
   3.8700000e+00   1.2690406e-01   2.0811226e-02
   3.8800000e+00   1.2720121e-01   2.0891394e-02
   3.8900000e+00   1.2749718e-01   2.0970682e-02
   3.9000000e+00   1.2778962e-01   2.1048415e-02
   3.9100000e+00   1.2807766e-01   2.1124117e-02
   3.9200000e+00   1.2836107e-01   2.1197585e-02
   3.9300000e+00   1.2863962e-01   2.1268955e-02
   3.9400000e+00   1.2891347e-01   2.1338699e-02
   3.9500000e+00   1.2918373e-01   2.1407566e-02
   3.9600000e+00   1.2945203e-01   2.1476484e-02
   3.9700000e+00   1.2971962e-01   2.1546474e-02
   3.9800000e+00   1.2998741e-01   2.1618512e-02
   3.9900000e+00   1.3025662e-01   2.1693364e-02
   4.0000000e+00   1.3052883e-01   2.1771471e-02
   4.0100000e+00   1.3080473e-01   2.1852967e-02
   4.0200000e+00   1.3108285e-01   2.1937759e-02
   4.0300000e+00   1.3136018e-01   2.2025604e-02
   4.0400000e+00   1.3163451e-01   2.2116155e-02
   4.0500000e+00   1.3190559e-01   2.2208997e-02
   4.0600000e+00   1.3217427e-01   2.2303630e-02
   4.0700000e+00   1.3244132e-01   2.2399416e-02
   4.0800000e+00   1.3270749e-01   2.2495535e-02
   4.0900000e+00   1.3297423e-01   2.2590971e-02
   4.1000000e+00   1.3324403e-01   2.2684581e-02
   4.1100000e+00   1.3351981e-01   2.2775248e-02
   4.1200000e+00   1.3380326e-01   2.2862051e-02
   4.1300000e+00   1.3409368e-01   2.2944306e-02
   4.1400000e+00   1.3438853e-01   2.3021466e-02
   4.1500000e+00   1.3468471e-01   2.3093068e-02
   4.1600000e+00   1.3497904e-01   2.3158801e-02
   4.1700000e+00   1.3526835e-01   2.3218596e-02
   4.1800000e+00   1.3554973e-01   2.3272655e-02
   4.1900000e+00   1.3582139e-01   2.3321426e-02
   4.2000000e+00   1.3608307e-01   2.3365598e-02
   4.2100000e+00   1.3633569e-01   2.3406078e-02
   4.2200000e+00   1.3658034e-01   2.3443983e-02
   4.2300000e+00   1.3681776e-01   2.3480594e-02
   4.2400000e+00   1.3704874e-01   2.3517257e-02
   4.2500000e+00   1.3727495e-01   2.3555240e-02
   4.2600000e+00   1.3749888e-01   2.3595589e-02
   4.2700000e+00   1.3772257e-01   2.3639018e-02
   4.2800000e+00   1.3794643e-01   2.3685847e-02
   4.2900000e+00   1.3816901e-01   2.3736073e-02
   4.3000000e+00   1.3838752e-01   2.3789523e-02
   4.3100000e+00   1.3859812e-01   2.3845942e-02
   4.3200000e+00   1.3879606e-01   2.3904957e-02
   4.3300000e+00   1.3897653e-01   2.3966052e-02
   4.3400000e+00   1.3913592e-01   2.4028677e-02
   4.3500000e+00   1.3927291e-01   2.4092383e-02
   4.3600000e+00   1.3938900e-01   2.4156885e-02
   4.3700000e+00   1.3948845e-01   2.4222036e-02
   4.3800000e+00   1.3957732e-01   2.4287750e-02
   4.3900000e+00   1.3966171e-01   2.4353937e-02
   4.4000000e+00   1.3974670e-01   2.4420497e-02
   4.4100000e+00   1.3983630e-01   2.4487326e-02
   4.4200000e+00   1.3993341e-01   2.4554276e-02
   4.4300000e+00   1.4003962e-01   2.4621099e-02
   4.4400000e+00   1.4015617e-01   2.4687425e-02
   4.4500000e+00   1.4028483e-01   2.4752756e-02
   4.4600000e+00   1.4042685e-01   2.4816471e-02
   4.4700000e+00   1.4058121e-01   2.4877890e-02
   4.4800000e+00   1.4074488e-01   2.4936390e-02
   4.4900000e+00   1.4091490e-01   2.4991463e-02
   4.5000000e+00   1.4108970e-01   2.5042705e-02
   4.5100000e+00   1.4126861e-01   2.5089798e-02
   4.5200000e+00   1.4145112e-01   2.5132562e-02
   4.5300000e+00   1.4163700e-01   2.5171037e-02
   4.5400000e+00   1.4182656e-01   2.5205525e-02
   4.5500000e+00   1.4202066e-01   2.5236611e-02
   4.5600000e+00   1.4222034e-01   2.5265169e-02
   4.5700000e+00   1.4242519e-01   2.5292314e-02
   4.5800000e+00   1.4263204e-01   2.5319243e-02
   4.5900000e+00   1.4283630e-01   2.5346983e-02
   4.6000000e+00   1.4303445e-01   2.5376177e-02
   4.6100000e+00   1.4322437e-01   2.5407062e-02
   4.6200000e+00   1.4340360e-01   2.5439572e-02
   4.6300000e+00   1.4356932e-01   2.5473506e-02
   4.6400000e+00   1.4372019e-01   2.5508696e-02
   4.6500000e+00   1.4385725e-01   2.5545116e-02
   4.6600000e+00   1.4398295e-01   2.5582867e-02
   4.6700000e+00   1.4409986e-01   2.5622060e-02
   4.6800000e+00   1.4420993e-01   2.5662724e-02
   4.6900000e+00   1.4431450e-01   2.5704833e-02
   4.7000000e+00   1.4441429e-01   2.5748397e-02
   4.7100000e+00   1.4450918e-01   2.5793494e-02
   4.7200000e+00   1.4459792e-01   2.5840230e-02
   4.7300000e+00   1.4467831e-01   2.5888658e-02
   4.7400000e+00   1.4474800e-01   2.5938703e-02
   4.7500000e+00   1.4480550e-01   2.5990198e-02
   4.7600000e+00   1.4485052e-01   2.6042956e-02
   4.7700000e+00   1.4488357e-01   2.6096779e-02
   4.7800000e+00   1.4490571e-01   2.6151346e-02
   4.7900000e+00   1.4491828e-01   2.6206090e-02
   4.8000000e+00   1.4492252e-01   2.6260206e-02
   4.8100000e+00   1.4491956e-01   2.6312805e-02
   4.8200000e+00   1.4491062e-01   2.6363169e-02
   4.8300000e+00   1.4489662e-01   2.6410968e-02
   4.8400000e+00   1.4487808e-01   2.6456358e-02
   4.8500000e+00   1.4485585e-01   2.6499930e-02
   4.8600000e+00   1.4483174e-01   2.6542531e-02
   4.8700000e+00   1.4480805e-01   2.6585067e-02
   4.8800000e+00   1.4478658e-01   2.6628374e-02
   4.8900000e+00   1.4476760e-01   2.6673212e-02
   4.9000000e+00   1.4474958e-01   2.6720307e-02
   4.9100000e+00   1.4473087e-01   2.6770209e-02
   4.9200000e+00   1.4471135e-01   2.6822993e-02
   4.9300000e+00   1.4469251e-01   2.6878061e-02
   4.9400000e+00   1.4467650e-01   2.6934242e-02
   4.9500000e+00   1.4466560e-01   2.6990081e-02
   4.9600000e+00   1.4466193e-01   2.7044168e-02
   4.9700000e+00   1.4466715e-01   2.7095362e-02
   4.9800000e+00   1.4468237e-01   2.7142827e-02
   4.9900000e+00   1.4470800e-01   2.7185949e-02
   5.0000000e+00   1.4474518e-01   2.7224553e-02
   5.0100000e+00   1.4479505e-01   2.7258705e-02
   5.0200000e+00   1.4485764e-01   2.7288558e-02
   5.0300000e+00   1.4493259e-01   2.7314664e-02
   5.0400000e+00   1.4501855e-01   2.7337904e-02
   5.0500000e+00   1.4511283e-01   2.7359355e-02
   5.0600000e+00   1.4521111e-01   2.7380131e-02
   5.0700000e+00   1.4530786e-01   2.7401232e-02
   5.0800000e+00   1.4539795e-01   2.7423496e-02
   5.0900000e+00   1.4547912e-01   2.7447624e-02
   5.1000000e+00   1.4555398e-01   2.7474209e-02
   5.1100000e+00   1.4562872e-01   2.7503711e-02
   5.1200000e+00   1.4570873e-01   2.7536379e-02
   5.1300000e+00   1.4579418e-01   2.7572126e-02
   5.1400000e+00   1.4587966e-01   2.7610532e-02
   5.1500000e+00   1.4595836e-01   2.7650921e-02
   5.1600000e+00   1.4602544e-01   2.7692398e-02
   5.1700000e+00   1.4607821e-01   2.7733874e-02
   5.1800000e+00   1.4611581e-01   2.7774249e-02
   5.1900000e+00   1.4613901e-01   2.7812678e-02
   5.2000000e+00   1.4614952e-01   2.7848785e-02
   5.2100000e+00   1.4614994e-01   2.7882701e-02
   5.2200000e+00   1.4614430e-01   2.7914956e-02
   5.2300000e+00   1.4613742e-01   2.7946313e-02
   5.2400000e+00   1.4613326e-01   2.7977642e-02
   5.2500000e+00   1.4613389e-01   2.8009864e-02
   5.2600000e+00   1.4613957e-01   2.8043903e-02
   5.2700000e+00   1.4615005e-01   2.8080566e-02
   5.2800000e+00   1.4616537e-01   2.8120362e-02
   5.2900000e+00   1.4618506e-01   2.8163313e-02
   5.3000000e+00   1.4620692e-01   2.8208822e-02
   5.3100000e+00   1.4622769e-01   2.8255721e-02
   5.3200000e+00   1.4624489e-01   2.8302473e-02
   5.3300000e+00   1.4625694e-01   2.8347325e-02
   5.3400000e+00   1.4626210e-01   2.8388395e-02
   5.3500000e+00   1.4625837e-01   2.8423897e-02
   5.3600000e+00   1.4624540e-01   2.8452508e-02
   5.3700000e+00   1.4622636e-01   2.8473632e-02
   5.3800000e+00   1.4620655e-01   2.8487388e-02
   5.3900000e+00   1.4618926e-01   2.8494436e-02
   5.4000000e+00   1.4617392e-01   2.8495794e-02
   5.4100000e+00   1.4615834e-01   2.8492690e-02
   5.4200000e+00   1.4614102e-01   2.8486498e-02
   5.4300000e+00   1.4612113e-01   2.8478729e-02
   5.4400000e+00   1.4609711e-01   2.8471001e-02
   5.4500000e+00   1.4606606e-01   2.8464965e-02
   5.4600000e+00   1.4602472e-01   2.8462270e-02
   5.4700000e+00   1.4597210e-01   2.8464485e-02
   5.4800000e+00   1.4591097e-01   2.8472875e-02
   5.4900000e+00   1.4584608e-01   2.8488178e-02
   5.5000000e+00   1.4578158e-01   2.8510652e-02
   5.5100000e+00   1.4572081e-01   2.8540314e-02
   5.5200000e+00   1.4566704e-01   2.8577049e-02
   5.5300000e+00   1.4562343e-01   2.8620531e-02
   5.5400000e+00   1.4559185e-01   2.8670170e-02
   5.5500000e+00   1.4557211e-01   2.8725173e-02
   5.5600000e+00   1.4556257e-01   2.8784631e-02
   5.5700000e+00   1.4556169e-01   2.8847555e-02
   5.5800000e+00   1.4556863e-01   2.8912859e-02
   5.5900000e+00   1.4558222e-01   2.8979290e-02
   5.6000000e+00   1.4559928e-01   2.9045408e-02
   5.6100000e+00   1.4561516e-01   2.9109726e-02
   5.6200000e+00   1.4562652e-01   2.9170927e-02
   5.6300000e+00   1.4563339e-01   2.9228048e-02
   5.6400000e+00   1.4563890e-01   2.9280602e-02
   5.6500000e+00   1.4564767e-01   2.9328620e-02
   5.6600000e+00   1.4566494e-01   2.9372490e-02
   5.6700000e+00   1.4569626e-01   2.9412729e-02
   5.6800000e+00   1.4574633e-01   2.9449896e-02
   5.6900000e+00   1.4581748e-01   2.9484652e-02
   5.7000000e+00   1.4590883e-01   2.9517755e-02
   5.7100000e+00   1.4601604e-01   2.9549880e-02
   5.7200000e+00   1.4613184e-01   2.9581428e-02
   5.7300000e+00   1.4624792e-01   2.9612494e-02
   5.7400000e+00   1.4635747e-01   2.9642936e-02
   5.7500000e+00   1.4645593e-01   2.9672512e-02
   5.7600000e+00   1.4653970e-01   2.9700989e-02
   5.7700000e+00   1.4660590e-01   2.9728152e-02
   5.7800000e+00   1.4665322e-01   2.9753802e-02
   5.7900000e+00   1.4668095e-01   2.9777840e-02
   5.8000000e+00   1.4668779e-01   2.9800343e-02
   5.8100000e+00   1.4667363e-01   2.9821613e-02
   5.8200000e+00   1.4664210e-01   2.9842223e-02
   5.8300000e+00   1.4659938e-01   2.9863001e-02
   5.8400000e+00   1.4655065e-01   2.9884857e-02
   5.8500000e+00   1.4649836e-01   2.9908586e-02
   5.8600000e+00   1.4644317e-01   2.9934830e-02
   5.8700000e+00   1.4638522e-01   2.9964152e-02
   5.8800000e+00   1.4632427e-01   2.9997046e-02
   5.8900000e+00   1.4625976e-01   3.0033817e-02
   5.9000000e+00   1.4619083e-01   3.0074471e-02
   5.9100000e+00   1.4611633e-01   3.0118660e-02
   5.9200000e+00   1.4603714e-01   3.0165666e-02
   5.9300000e+00   1.4595835e-01   3.0214354e-02
   5.9400000e+00   1.4588651e-01   3.0263177e-02
   5.9500000e+00   1.4582511e-01   3.0310421e-02
   5.9600000e+00   1.4577472e-01   3.0354663e-02
   5.9700000e+00   1.4573681e-01   3.0395091e-02
   5.9800000e+00   1.4571407e-01   3.0431510e-02
   5.9900000e+00   1.4570699e-01   3.0464179e-02
   6.0000000e+00   1.4571265e-01   3.0493590e-02
   6.0100000e+00   1.4572660e-01   3.0520226e-02
   6.0200000e+00   1.4574512e-01   3.0544428e-02
   6.0300000e+00   1.4576624e-01   3.0566477e-02
   6.0400000e+00   1.4578926e-01   3.0586742e-02
   6.0500000e+00   1.4581386e-01   3.0605713e-02
   6.0600000e+00   1.4584028e-01   3.0623873e-02
   6.0700000e+00   1.4587006e-01   3.0641546e-02
   6.0800000e+00   1.4590596e-01   3.0658854e-02
   6.0900000e+00   1.4595054e-01   3.0675768e-02
   6.1000000e+00   1.4600442e-01   3.0692240e-02
   6.1100000e+00   1.4606642e-01   3.0708289e-02
   6.1200000e+00   1.4613533e-01   3.0723885e-02
   6.1300000e+00   1.4621016e-01   3.0738766e-02
   6.1400000e+00   1.4628975e-01   3.0752493e-02
   6.1500000e+00   1.4637294e-01   3.0764743e-02
   6.1600000e+00   1.4645854e-01   3.0775609e-02
   6.1700000e+00   1.4654488e-01   3.0785678e-02
   6.1800000e+00   1.4663037e-01   3.0795804e-02
   6.1900000e+00   1.4671415e-01   3.0806732e-02
   6.2000000e+00   1.4679484e-01   3.0818877e-02
   6.2100000e+00   1.4686988e-01   3.0832310e-02
   6.2200000e+00   1.4693678e-01   3.0846851e-02
   6.2300000e+00   1.4699434e-01   3.0862184e-02
   6.2400000e+00   1.4704351e-01   3.0877932e-02
   6.2500000e+00   1.4708729e-01   3.0893656e-02
   6.2600000e+00   1.4712812e-01   3.0908773e-02
   6.2700000e+00   1.4716545e-01   3.0922513e-02
   6.2800000e+00   1.4719655e-01   3.0934172e-02
   6.2900000e+00   1.4721884e-01   3.0943561e-02
   6.3000000e+00   1.4723068e-01   3.0951228e-02
   6.3100000e+00   1.4723100e-01   3.0958333e-02
   6.3200000e+00   1.4721896e-01   3.0966322e-02
   6.3300000e+00   1.4719361e-01   3.0976537e-02
   6.3400000e+00   1.4715433e-01   3.0989999e-02
   6.3500000e+00   1.4710159e-01   3.1007467e-02
   6.3600000e+00   1.4703633e-01   3.1029569e-02
   6.3700000e+00   1.4695924e-01   3.1056773e-02
   6.3800000e+00   1.4687174e-01   3.1089175e-02
   6.3900000e+00   1.4677711e-01   3.1126314e-02
   6.4000000e+00   1.4668055e-01   3.1167185e-02
   6.4100000e+00   1.4658846e-01   3.1210445e-02
   6.4200000e+00   1.4650688e-01   3.1254643e-02
   6.4300000e+00   1.4643975e-01   3.1298429e-02
   6.4400000e+00   1.4638648e-01   3.1340721e-02
   6.4500000e+00   1.4634043e-01   3.1380788e-02
   6.4600000e+00   1.4629191e-01   3.1418229e-02
   6.4700000e+00   1.4623498e-01   3.1452868e-02
   6.4800000e+00   1.4617261e-01   3.1484639e-02
   6.4900000e+00   1.4611531e-01   3.1513584e-02
   6.5000000e+00   1.4607272e-01   3.1539937e-02
   6.5100000e+00   1.4604838e-01   3.1564099e-02
   6.5200000e+00   1.4604191e-01   3.1586605e-02
   6.5300000e+00   1.4605129e-01   3.1608209e-02
   6.5400000e+00   1.4607324e-01   3.1629875e-02
   6.5500000e+00   1.4610448e-01   3.1652526e-02
   6.5600000e+00   1.4614185e-01   3.1676754e-02
   6.5700000e+00   1.4618110e-01   3.1702713e-02
   6.5800000e+00   1.4621766e-01   3.1730178e-02
   6.5900000e+00   1.4624826e-01   3.1758673e-02
   6.6000000e+00   1.4627132e-01   3.1787634e-02
   6.6100000e+00   1.4628678e-01   3.1816477e-02
   6.6200000e+00   1.4629518e-01   3.1844559e-02
   6.6300000e+00   1.4629690e-01   3.1871156e-02
   6.6400000e+00   1.4629319e-01   3.1895569e-02
   6.6500000e+00   1.4628803e-01   3.1917320e-02
   6.6600000e+00   1.4628695e-01   3.1936461e-02
   6.6700000e+00   1.4629376e-01   3.1953822e-02
   6.6800000e+00   1.4631009e-01   3.1970874e-02
   6.6900000e+00   1.4633729e-01   3.1989359e-02
   6.7000000e+00   1.4637685e-01   3.2011184e-02
   6.7100000e+00   1.4642792e-01   3.2038480e-02
   6.7200000e+00   1.4648489e-01   3.2073342e-02
   6.7300000e+00   1.4653980e-01   3.2117211e-02
   6.7400000e+00   1.4658878e-01   3.2170435e-02
   6.7500000e+00   1.4663433e-01   3.2232270e-02
   6.7600000e+00   1.4668083e-01   3.2301193e-02
   6.7700000e+00   1.4673027e-01   3.2375278e-02
   6.7800000e+00   1.4678282e-01   3.2452452e-02
   6.7900000e+00   1.4683935e-01   3.2530486e-02
   6.8000000e+00   1.4690267e-01   3.2606919e-02
   6.8100000e+00   1.4697617e-01   3.2679277e-02
   6.8200000e+00   1.4705994e-01   3.2745378e-02
   6.8300000e+00   1.4714884e-01   3.2803402e-02
   6.8400000e+00   1.4723610e-01   3.2851930e-02
   6.8500000e+00   1.4731758e-01   3.2890213e-02
   6.8600000e+00   1.4739107e-01   3.2918390e-02
   6.8700000e+00   1.4745362e-01   3.2937294e-02
   6.8800000e+00   1.4750154e-01   3.2948080e-02
   6.8900000e+00   1.4753256e-01   3.2952076e-02
   6.9000000e+00   1.4754736e-01   3.2950781e-02
   6.9100000e+00   1.4754871e-01   3.2945759e-02
   6.9200000e+00   1.4753915e-01   3.2938436e-02
   6.9300000e+00   1.4751997e-01   3.2929987e-02
   6.9400000e+00   1.4749320e-01   3.2921299e-02
   6.9500000e+00   1.4746440e-01   3.2913074e-02
   6.9600000e+00   1.4744129e-01   3.2906080e-02
   6.9700000e+00   1.4742813e-01   3.2901317e-02
   6.9800000e+00   1.4742288e-01   3.2899867e-02
   6.9900000e+00   1.4741929e-01   3.2902632e-02
   7.0000000e+00   1.4741035e-01   3.2910131e-02
   7.0100000e+00   1.4738983e-01   3.2922367e-02
   7.0200000e+00   1.4735239e-01   3.2938862e-02
   7.0300000e+00   1.4729466e-01   3.2958923e-02
   7.0400000e+00   1.4721655e-01   3.2981869e-02
   7.0500000e+00   1.4712153e-01   3.3007049e-02
   7.0600000e+00   1.4701669e-01   3.3033704e-02
   7.0700000e+00   1.4691195e-01   3.3061013e-02
   7.0800000e+00   1.4681690e-01   3.3088392e-02
   7.0900000e+00   1.4673758e-01   3.3115691e-02
   7.1000000e+00   1.4667684e-01   3.3143149e-02
   7.1100000e+00   1.4663781e-01   3.3171252e-02
   7.1200000e+00   1.4662396e-01   3.3200548e-02
   7.1300000e+00   1.4663626e-01   3.3231564e-02
   7.1400000e+00   1.4667417e-01   3.3264807e-02
   7.1500000e+00   1.4673760e-01   3.3300699e-02
   7.1600000e+00   1.4682420e-01   3.3339468e-02
   7.1700000e+00   1.4692632e-01   3.3381097e-02
   7.1800000e+00   1.4703388e-01   3.3425250e-02
   7.1900000e+00   1.4713987e-01   3.3471135e-02
   7.2000000e+00   1.4724200e-01   3.3517542e-02
   7.2100000e+00   1.4734075e-01   3.3563198e-02
   7.2200000e+00   1.4743748e-01   3.3607091e-02
   7.2300000e+00   1.4753350e-01   3.3648443e-02
   7.2400000e+00   1.4762956e-01   3.3686512e-02
   7.2500000e+00   1.4772596e-01   3.3720591e-02
   7.2600000e+00   1.4782384e-01   3.3750202e-02
   7.2700000e+00   1.4792215e-01   3.3775249e-02
   7.2800000e+00   1.4801343e-01   3.3796074e-02
   7.2900000e+00   1.4808888e-01   3.3813470e-02
   7.3000000e+00   1.4814618e-01   3.3828795e-02
   7.3100000e+00   1.4818800e-01   3.3844059e-02
   7.3200000e+00   1.4821455e-01   3.3861519e-02
   7.3300000e+00   1.4822279e-01   3.3882915e-02
   7.3400000e+00   1.4821288e-01   3.3909029e-02
   7.3500000e+00   1.4819009e-01   3.3939758e-02
   7.3600000e+00   1.4816111e-01   3.3974335e-02
   7.3700000e+00   1.4813072e-01   3.4011685e-02
   7.3800000e+00   1.4810017e-01   3.4050831e-02
   7.3900000e+00   1.4806854e-01   3.4091007e-02
   7.4000000e+00   1.4803566e-01   3.4131435e-02
   7.4100000e+00   1.4800186e-01   3.4171201e-02
   7.4200000e+00   1.4796573e-01   3.4209421e-02
   7.4300000e+00   1.4792377e-01   3.4245502e-02
   7.4400000e+00   1.4787297e-01   3.4279262e-02
   7.4500000e+00   1.4781409e-01   3.4310898e-02
   7.4600000e+00   1.4775047e-01   3.4340880e-02
   7.4700000e+00   1.4768365e-01   3.4369716e-02
   7.4800000e+00   1.4761346e-01   3.4397840e-02
   7.4900000e+00   1.4754052e-01   3.4425881e-02
   7.5000000e+00   1.4746614e-01   3.4454951e-02
   7.5100000e+00   1.4739217e-01   3.4486483e-02
   7.5200000e+00   1.4732142e-01   3.4521709e-02
   7.5300000e+00   1.4725636e-01   3.4561162e-02
   7.5400000e+00   1.4719787e-01   3.4604511e-02
   7.5500000e+00   1.4714732e-01   3.4650959e-02
   7.5600000e+00   1.4710805e-01   3.4699824e-02
   7.5700000e+00   1.4708233e-01   3.4750660e-02
   7.5800000e+00   1.4706978e-01   3.4803056e-02
   7.5900000e+00   1.4706765e-01   3.4856480e-02
   7.6000000e+00   1.4707125e-01   3.4910288e-02
   7.6100000e+00   1.4707762e-01   3.4963900e-02
   7.6200000e+00   1.4708858e-01   3.5017012e-02
   7.6300000e+00   1.4710841e-01   3.5069792e-02
   7.6400000e+00   1.4713958e-01   3.5122870e-02
   7.6500000e+00   1.4718200e-01   3.5176918e-02
   7.6600000e+00   1.4723518e-01   3.5232143e-02
   7.6700000e+00   1.4729951e-01   3.5288134e-02
   7.6800000e+00   1.4737687e-01   3.5343975e-02
   7.6900000e+00   1.4746915e-01   3.5398516e-02
   7.7000000e+00   1.4757562e-01   3.5450734e-02
   7.7100000e+00   1.4769355e-01   3.5499839e-02
   7.7200000e+00   1.4782048e-01   3.5545060e-02
   7.7300000e+00   1.4795352e-01   3.5585488e-02
   7.7400000e+00   1.4808713e-01   3.5620251e-02
   7.7500000e+00   1.4821329e-01   3.5648912e-02
   7.7600000e+00   1.4832424e-01   3.5671782e-02
   7.7700000e+00   1.4841544e-01   3.5689945e-02
   7.7800000e+00   1.4848669e-01   3.5704979e-02
   7.7900000e+00   1.4854308e-01   3.5718622e-02
   7.8000000e+00   1.4859595e-01   3.5732559e-02
   7.8100000e+00   1.4865776e-01   3.5748176e-02
   7.8200000e+00   1.4873292e-01   3.5766349e-02
   7.8300000e+00   1.4881264e-01   3.5787414e-02
   7.8400000e+00   1.4887929e-01   3.5811360e-02
   7.8500000e+00   1.4892091e-01   3.5838062e-02
   7.8600000e+00   1.4893893e-01   3.5867324e-02
   7.8700000e+00   1.4893986e-01   3.5898884e-02
   7.8800000e+00   1.4892907e-01   3.5932493e-02
   7.8900000e+00   1.4891138e-01   3.5967794e-02
   7.9000000e+00   1.4888998e-01   3.6004074e-02
   7.9100000e+00   1.4886685e-01   3.6040398e-02
   7.9200000e+00   1.4884549e-01   3.6076115e-02
   7.9300000e+00   1.4882985e-01   3.6111101e-02
   7.9400000e+00   1.4882238e-01   3.6145552e-02
   7.9500000e+00   1.4882482e-01   3.6179715e-02
   7.9600000e+00   1.4883795e-01   3.6213752e-02
   7.9700000e+00   1.4886081e-01   3.6247684e-02
   7.9800000e+00   1.4889136e-01   3.6281443e-02
   7.9900000e+00   1.4892611e-01   3.6315026e-02
   8.0000000e+00   1.4895827e-01   3.6348526e-02
   8.0100000e+00   1.4897925e-01   3.6382096e-02
   8.0200000e+00   1.4898438e-01   3.6415919e-02
   8.0300000e+00   1.4897373e-01   3.6449808e-02
   8.0400000e+00   1.4894777e-01   3.6482777e-02
   8.0500000e+00   1.4890660e-01   3.6513346e-02
   8.0600000e+00   1.4885319e-01   3.6540101e-02
   8.0700000e+00   1.4879636e-01   3.6561612e-02
   8.0800000e+00   1.4874714e-01   3.6576063e-02
   8.0900000e+00   1.4870937e-01   3.6581544e-02
   8.1000000e+00   1.4867696e-01   3.6576927e-02
   8.1100000e+00   1.4864249e-01   3.6562484e-02
   8.1200000e+00   1.4860442e-01   3.6539876e-02
   8.1300000e+00   1.4856489e-01   3.6511665e-02
   8.1400000e+00   1.4852479e-01   3.6480596e-02
   8.1500000e+00   1.4848142e-01   3.6449241e-02
   8.1600000e+00   1.4843061e-01   3.6420369e-02
   8.1700000e+00   1.4837270e-01   3.6397235e-02
   8.1800000e+00   1.4831541e-01   3.6383025e-02
   8.1900000e+00   1.4826763e-01   3.6380222e-02
   8.2000000e+00   1.4823219e-01   3.6390550e-02
   8.2100000e+00   1.4820891e-01   3.6414996e-02
   8.2200000e+00   1.4820074e-01   3.6453498e-02
   8.2300000e+00   1.4821304e-01   3.6504844e-02
   8.2400000e+00   1.4824910e-01   3.6567024e-02
   8.2500000e+00   1.4830714e-01   3.6637528e-02
   8.2600000e+00   1.4838166e-01   3.6713458e-02
   8.2700000e+00   1.4846766e-01   3.6791817e-02
   8.2800000e+00   1.4856269e-01   3.6870001e-02
   8.2900000e+00   1.4866353e-01   3.6946148e-02
   8.3000000e+00   1.4876119e-01   3.7019179e-02
   8.3100000e+00   1.4884366e-01   3.7088775e-02
   8.3200000e+00   1.4890674e-01   3.7155159e-02
   8.3300000e+00   1.4895745e-01   3.7218582e-02
   8.3400000e+00   1.4900727e-01   3.7278962e-02
   8.3500000e+00   1.4906575e-01   3.7335984e-02
   8.3600000e+00   1.4913905e-01   3.7389334e-02
   8.3700000e+00   1.4923081e-01   3.7438951e-02
   8.3800000e+00   1.4934178e-01   3.7485213e-02
   8.3900000e+00   1.4946932e-01   3.7528761e-02
   8.4000000e+00   1.4960786e-01   3.7570132e-02
   8.4100000e+00   1.4974822e-01   3.7609612e-02
   8.4200000e+00   1.4987815e-01   3.7647398e-02
   8.4300000e+00   1.4998752e-01   3.7683926e-02
   8.4400000e+00   1.5007261e-01   3.7719789e-02
   8.4500000e+00   1.5013310e-01   3.7755227e-02
   8.4600000e+00   1.5016555e-01   3.7789936e-02
   8.4700000e+00   1.5016446e-01   3.7823308e-02
   8.4800000e+00   1.5012975e-01   3.7854720e-02
   8.4900000e+00   1.5006518e-01   3.7883651e-02
   8.5000000e+00   1.4997390e-01   3.7909569e-02
   8.5100000e+00   1.4986262e-01   3.7931947e-02
   8.5200000e+00   1.4974458e-01   3.7950493e-02
   8.5300000e+00   1.4963384e-01   3.7965203e-02
   8.5400000e+00   1.4953756e-01   3.7976287e-02
   8.5500000e+00   1.4945593e-01   3.7984310e-02
   8.5600000e+00   1.4938586e-01   3.7990472e-02
   8.5700000e+00   1.4932302e-01   3.7996502e-02
   8.5800000e+00   1.4926437e-01   3.8004064e-02
   8.5900000e+00   1.4920966e-01   3.8014268e-02
   8.6000000e+00   1.4916013e-01   3.8027781e-02
   8.6100000e+00   1.4911445e-01   3.8045255e-02
   8.6200000e+00   1.4907249e-01   3.8067388e-02
   8.6300000e+00   1.4904443e-01   3.8094665e-02
   8.6400000e+00   1.4904210e-01   3.8127178e-02
   8.6500000e+00   1.4906475e-01   3.8164518e-02
   8.6600000e+00   1.4910398e-01   3.8205742e-02
   8.6700000e+00   1.4915755e-01   3.8249129e-02
   8.6800000e+00   1.4923033e-01   3.8291968e-02
   8.6900000e+00   1.4932223e-01   3.8331257e-02
   8.7000000e+00   1.4942507e-01   3.8364893e-02
   8.7100000e+00   1.4952949e-01   3.8392132e-02
   8.7200000e+00   1.4962951e-01   3.8413445e-02
   8.7300000e+00   1.4972554e-01   3.8430280e-02
   8.7400000e+00   1.4982193e-01   3.8444450e-02
   8.7500000e+00   1.4991944e-01   3.8457410e-02
   8.7600000e+00   1.5001551e-01   3.8470372e-02
   8.7700000e+00   1.5011091e-01   3.8484858e-02
   8.7800000e+00   1.5021109e-01   3.8502585e-02
   8.7900000e+00   1.5032069e-01   3.8524877e-02
   8.8000000e+00   1.5043721e-01   3.8552272e-02
   8.8100000e+00   1.5055393e-01   3.8584539e-02
   8.8200000e+00   1.5066973e-01   3.8620884e-02
   8.8300000e+00   1.5078807e-01   3.8660206e-02
   8.8400000e+00   1.5090914e-01   3.8701452e-02
   8.8500000e+00   1.5103058e-01   3.8743703e-02
   8.8600000e+00   1.5114883e-01   3.8785707e-02
   8.8700000e+00   1.5125895e-01   3.8825542e-02
   8.8800000e+00   1.5135783e-01   3.8861012e-02
   8.8900000e+00   1.5144600e-01   3.8890368e-02
   8.9000000e+00   1.5152317e-01   3.8912975e-02
   8.9100000e+00   1.5158462e-01   3.8929538e-02
   8.9200000e+00   1.5162793e-01   3.8941278e-02
   8.9300000e+00   1.5165664e-01   3.8949041e-02
   8.9400000e+00   1.5167598e-01   3.8953470e-02
   8.9500000e+00   1.5169187e-01   3.8955509e-02
   8.9600000e+00   1.5170726e-01   3.8956620e-02
   8.9700000e+00   1.5171813e-01   3.8958586e-02
   8.9800000e+00   1.5171838e-01   3.8963020e-02
   8.9900000e+00   1.5170662e-01   3.8970894e-02
   9.0000000e+00   1.5168585e-01   3.8982269e-02
   9.0100000e+00   1.5165822e-01   3.8996543e-02
   9.0200000e+00   1.5162239e-01   3.9013091e-02
   9.0300000e+00   1.5157358e-01   3.9031577e-02
   9.0400000e+00   1.5150732e-01   3.9051911e-02
   9.0500000e+00   1.5142552e-01   3.9074202e-02
   9.0600000e+00   1.5133545e-01   3.9098590e-02
   9.0700000e+00   1.5124326e-01   3.9125067e-02
   9.0800000e+00   1.5115278e-01   3.9153668e-02
   9.0900000e+00   1.5107096e-01   3.9184856e-02
   9.1000000e+00   1.5100879e-01   3.9219606e-02
   9.1100000e+00   1.5097435e-01   3.9259105e-02
   9.1200000e+00   1.5096740e-01   3.9304302e-02
   9.1300000e+00   1.5098138e-01   3.9355414e-02
   9.1400000e+00   1.5100579e-01   3.9411655e-02
   9.1500000e+00   1.5102550e-01   3.9471516e-02
   9.1600000e+00   1.5102743e-01   3.9533072e-02
   9.1700000e+00   1.5101197e-01   3.9594156e-02
   9.1800000e+00   1.5099655e-01   3.9652860e-02
   9.1900000e+00   1.5100766e-01   3.9707985e-02
   9.2000000e+00   1.5105804e-01   3.9758972e-02
   9.2100000e+00   1.5113484e-01   3.9805516e-02
   9.2200000e+00   1.5122118e-01   3.9847459e-02
   9.2300000e+00   1.5131003e-01   3.9884902e-02
   9.2400000e+00   1.5139803e-01   3.9917954e-02
   9.2500000e+00   1.5148514e-01   3.9946606e-02
   9.2600000e+00   1.5157260e-01   3.9971254e-02
   9.2700000e+00   1.5165712e-01   3.9993098e-02
   9.2800000e+00   1.5173427e-01   4.0013553e-02
   9.2900000e+00   1.5180212e-01   4.0033242e-02
   9.3000000e+00   1.5185737e-01   4.0051878e-02
   9.3100000e+00   1.5189698e-01   4.0069013e-02
   9.3200000e+00   1.5192321e-01   4.0084642e-02
   9.3300000e+00   1.5194283e-01   4.0099255e-02
   9.3400000e+00   1.5196426e-01   4.0113613e-02
   9.3500000e+00   1.5199761e-01   4.0128444e-02
   9.3600000e+00   1.5205442e-01   4.0144285e-02
   9.3700000e+00   1.5213840e-01   4.0161784e-02
   9.3800000e+00   1.5224412e-01   4.0181593e-02
   9.3900000e+00   1.5236757e-01   4.0203925e-02
   9.4000000e+00   1.5250694e-01   4.0229075e-02
   9.4100000e+00   1.5265660e-01   4.0258100e-02
   9.4200000e+00   1.5280419e-01   4.0292225e-02
   9.4300000e+00   1.5293578e-01   4.0332129e-02
   9.4400000e+00   1.5304890e-01   4.0378443e-02
   9.4500000e+00   1.5315572e-01   4.0432428e-02
   9.4600000e+00   1.5326770e-01   4.0495559e-02
   9.4700000e+00   1.5338377e-01   4.0568477e-02
   9.4800000e+00   1.5349677e-01   4.0650288e-02
   9.4900000e+00   1.5360327e-01   4.0738573e-02
   9.5000000e+00   1.5370713e-01   4.0830123e-02
   9.5100000e+00   1.5381579e-01   4.0922188e-02
   9.5200000e+00   1.5392998e-01   4.1012825e-02
   9.5300000e+00   1.5403917e-01   4.1099725e-02
   9.5400000e+00   1.5413172e-01   4.1179639e-02
   9.5500000e+00   1.5420749e-01   4.1249439e-02
   9.5600000e+00   1.5427073e-01   4.1306986e-02
   9.5700000e+00   1.5431690e-01   4.1351075e-02
   9.5800000e+00   1.5433607e-01   4.1381438e-02
   9.5900000e+00   1.5432320e-01   4.1399049e-02
   9.6000000e+00   1.5428298e-01   4.1405795e-02
   9.6100000e+00   1.5422693e-01   4.1404119e-02
   9.6200000e+00   1.5416495e-01   4.1397420e-02
   9.6300000e+00   1.5410066e-01   4.1390055e-02
   9.6400000e+00   1.5403734e-01   4.1386414e-02
   9.6500000e+00   1.5398793e-01   4.1389672e-02
   9.6600000e+00   1.5397053e-01   4.1401350e-02
   9.6700000e+00   1.5398714e-01   4.1421619e-02
   9.6800000e+00   1.5401995e-01   4.1449454e-02
   9.6900000e+00   1.5404954e-01   4.1483008e-02
   9.7000000e+00   1.5406476e-01   4.1520325e-02
   9.7100000e+00   1.5406167e-01   4.1559791e-02
   9.7200000e+00   1.5404060e-01   4.1600266e-02
   9.7300000e+00   1.5400492e-01   4.1641100e-02
   9.7400000e+00   1.5395967e-01   4.1681743e-02
   9.7500000e+00   1.5391032e-01   4.1721438e-02
   9.7600000e+00   1.5386697e-01   4.1759603e-02
   9.7700000e+00   1.5384509e-01   4.1796250e-02
   9.7800000e+00   1.5385547e-01   4.1832126e-02
   9.7900000e+00   1.5389778e-01   4.1868285e-02
   9.8000000e+00   1.5396943e-01   4.1905180e-02
   9.8100000e+00   1.5407666e-01   4.1942749e-02
   9.8200000e+00   1.5422960e-01   4.1981397e-02
   9.8300000e+00   1.5442559e-01   4.2022188e-02
   9.8400000e+00   1.5465305e-01   4.2066141e-02
   9.8500000e+00   1.5490346e-01   4.2113655e-02
   9.8600000e+00   1.5516334e-01   4.2164779e-02
   9.8700000e+00   1.5541241e-01   4.2219762e-02
   9.8800000e+00   1.5563480e-01   4.2278853e-02
   9.8900000e+00   1.5582690e-01   4.2341892e-02
   9.9000000e+00   1.5599335e-01   4.2408482e-02
   9.9100000e+00   1.5614083e-01   4.2478208e-02
   9.9200000e+00   1.5627818e-01   4.2550298e-02
   9.9300000e+00   1.5641081e-01   4.2623273e-02
   9.9400000e+00   1.5653645e-01   4.2695166e-02
   9.9500000e+00   1.5665066e-01   4.2764249e-02
   9.9600000e+00   1.5675606e-01   4.2829786e-02
   9.9700000e+00   1.5685731e-01   4.2891840e-02
   9.9800000e+00   1.5694097e-01   4.2950412e-02
   9.9900000e+00   1.5698918e-01   4.3005198e-02
   1.0000000e+01   1.5700848e-01   4.3055853e-02
   1.0010000e+01   1.5701673e-01   4.3102177e-02
   1.0020000e+01   1.5701770e-01   4.3144384e-02
   1.0030000e+01   1.5700148e-01   4.3183322e-02
   1.0040000e+01   1.5696658e-01   4.3221008e-02
   1.0050000e+01   1.5692541e-01   4.3260870e-02
   1.0060000e+01   1.5689133e-01   4.3306497e-02
   1.0070000e+01   1.5687287e-01   4.3360104e-02
   1.0080000e+01   1.5686735e-01   4.3422257e-02
   1.0090000e+01   1.5686349e-01   4.3492054e-02
   1.0100000e+01   1.5685981e-01   4.3567173e-02
   1.0110000e+01   1.5686573e-01   4.3645022e-02
   1.0120000e+01   1.5688237e-01   4.3724010e-02
   1.0130000e+01   1.5689850e-01   4.3802667e-02
   1.0140000e+01   1.5690473e-01   4.3878533e-02
   1.0150000e+01   1.5690628e-01   4.3948946e-02
   1.0160000e+01   1.5691671e-01   4.4012280e-02
   1.0170000e+01   1.5693590e-01   4.4068414e-02
   1.0180000e+01   1.5695290e-01   4.4118504e-02
   1.0190000e+01   1.5696740e-01   4.4164416e-02
   1.0200000e+01   1.5698511e-01   4.4208206e-02
   1.0210000e+01   1.5701208e-01   4.4251701e-02
   1.0220000e+01   1.5705743e-01   4.4296552e-02
   1.0230000e+01   1.5712304e-01   4.4344938e-02
   1.0240000e+01   1.5720143e-01   4.4399713e-02
   1.0250000e+01   1.5728935e-01   4.4463603e-02
   1.0260000e+01   1.5739635e-01   4.4538383e-02
   1.0270000e+01   1.5752825e-01   4.4623944e-02
   1.0280000e+01   1.5767456e-01   4.4718205e-02
   1.0290000e+01   1.5782492e-01   4.4818833e-02
   1.0300000e+01   1.5797418e-01   4.4924331e-02
   1.0310000e+01   1.5812071e-01   4.5033340e-02
   1.0320000e+01   1.5827176e-01   4.5143878e-02
   1.0330000e+01   1.5843471e-01   4.5253194e-02
   1.0340000e+01   1.5860797e-01   4.5358266e-02
   1.0350000e+01   1.5878393e-01   4.5456520e-02
   1.0360000e+01   1.5895874e-01   4.5546556e-02
   1.0370000e+01   1.5913712e-01   4.5628405e-02
   1.0380000e+01   1.5933006e-01   4.5702618e-02
   1.0390000e+01   1.5954656e-01   4.5769526e-02
   1.0400000e+01   1.5978095e-01   4.5829488e-02
   1.0410000e+01   1.6001577e-01   4.5883109e-02
   1.0420000e+01   1.6023908e-01   4.5931261e-02
   1.0430000e+01   1.6045080e-01   4.5975267e-02
   1.0440000e+01   1.6064731e-01   4.6016664e-02
   1.0450000e+01   1.6081266e-01   4.6056441e-02
   1.0460000e+01   1.6093751e-01   4.6094649e-02
   1.0470000e+01   1.6103198e-01   4.6130663e-02
   1.0480000e+01   1.6111421e-01   4.6163368e-02
   1.0490000e+01   1.6120010e-01   4.6191286e-02
   1.0500000e+01   1.6130548e-01   4.6213373e-02
   1.0510000e+01   1.6144044e-01   4.6229736e-02
   1.0520000e+01   1.6159619e-01   4.6241502e-02
   1.0530000e+01   1.6174395e-01   4.6250856e-02
   1.0540000e+01   1.6184511e-01   4.6260838e-02
   1.0550000e+01   1.6188612e-01   4.6274023e-02
   1.0560000e+01   1.6190341e-01   4.6291784e-02
   1.0570000e+01   1.6193291e-01   4.6315165e-02
   1.0580000e+01   1.6197551e-01   4.6345718e-02
   1.0590000e+01   1.6202601e-01   4.6384711e-02
   1.0600000e+01   1.6207693e-01   4.6432545e-02
   1.0610000e+01   1.6212188e-01   4.6489675e-02
   1.0620000e+01   1.6217044e-01   4.6556593e-02
   1.0630000e+01   1.6223070e-01   4.6632491e-02
   1.0640000e+01   1.6230132e-01   4.6714969e-02
   1.0650000e+01   1.6238904e-01   4.6801483e-02
   1.0660000e+01   1.6250395e-01   4.6890944e-02
   1.0670000e+01   1.6264087e-01   4.6983649e-02
   1.0680000e+01   1.6278046e-01   4.7079883e-02
   1.0690000e+01   1.6290334e-01   4.7178848e-02
   1.0700000e+01   1.6299751e-01   4.7278861e-02
   1.0710000e+01   1.6305003e-01   4.7378217e-02
   1.0720000e+01   1.6306140e-01   4.7475967e-02
   1.0730000e+01   1.6305207e-01   4.7571747e-02
   1.0740000e+01   1.6302975e-01   4.7664465e-02
   1.0750000e+01   1.6299310e-01   4.7752711e-02
   1.0760000e+01   1.6295444e-01   4.7836162e-02
   1.0770000e+01   1.6293257e-01   4.7914747e-02
   1.0780000e+01   1.6294293e-01   4.7987741e-02
   1.0790000e+01   1.6298479e-01   4.8054785e-02
   1.0800000e+01   1.6303595e-01   4.8116431e-02
   1.0810000e+01   1.6307823e-01   4.8173007e-02
   1.0820000e+01   1.6312091e-01   4.8223974e-02
   1.0830000e+01   1.6318470e-01   4.8268719e-02
   1.0840000e+01   1.6327631e-01   4.8307621e-02
   1.0850000e+01   1.6338455e-01   4.8342538e-02
   1.0860000e+01   1.6349104e-01   4.8376758e-02
   1.0870000e+01   1.6359004e-01   4.8413937e-02
   1.0880000e+01   1.6369573e-01   4.8456123e-02
   1.0890000e+01   1.6382548e-01   4.8503804e-02
   1.0900000e+01   1.6397467e-01   4.8558245e-02
   1.0910000e+01   1.6412967e-01   4.8621983e-02
   1.0920000e+01   1.6430296e-01   4.8697214e-02
   1.0930000e+01   1.6451811e-01   4.8785172e-02
   1.0940000e+01   1.6478130e-01   4.8886411e-02
   1.0950000e+01   1.6507800e-01   4.9000333e-02
   1.0960000e+01   1.6538075e-01   4.9125153e-02
   1.0970000e+01   1.6566896e-01   4.9259399e-02
   1.0980000e+01   1.6593952e-01   4.9401606e-02
   1.0990000e+01   1.6619491e-01   4.9548194e-02
   1.1000000e+01   1.6641891e-01   4.9693325e-02
   1.1010000e+01   1.6657966e-01   4.9830980e-02
   1.1020000e+01   1.6667999e-01   4.9957610e-02
   1.1030000e+01   1.6676384e-01   5.0072496e-02
   1.1040000e+01   1.6686432e-01   5.0176619e-02
   1.1050000e+01   1.6699183e-01   5.0272237e-02
   1.1060000e+01   1.6714619e-01   5.0362226e-02
   1.1070000e+01   1.6731862e-01   5.0449683e-02
   1.1080000e+01   1.6749582e-01   5.0537866e-02
   1.1090000e+01   1.6767088e-01   5.0629419e-02
   1.1100000e+01   1.6784894e-01   5.0725621e-02
   1.1110000e+01   1.6802306e-01   5.0827077e-02
   1.1120000e+01   1.6816584e-01   5.0934344e-02
   1.1130000e+01   1.6826106e-01   5.1047513e-02
   1.1140000e+01   1.6831775e-01   5.1165839e-02
   1.1150000e+01   1.6834194e-01   5.1286961e-02
   1.1160000e+01   1.6831673e-01   5.1407565e-02
   1.1170000e+01   1.6821977e-01   5.1525863e-02
   1.1180000e+01   1.6806263e-01   5.1641494e-02
   1.1190000e+01   1.6788051e-01   5.1753397e-02
   1.1200000e+01   1.6769155e-01   5.1859644e-02
   1.1210000e+01   1.6752054e-01   5.1959197e-02
   1.1220000e+01   1.6739792e-01   5.2052783e-02
   1.1230000e+01   1.6733204e-01   5.2141584e-02
   1.1240000e+01   1.6731463e-01   5.2226307e-02
   1.1250000e+01   1.6733280e-01   5.2307853e-02
   1.1260000e+01   1.6737916e-01   5.2387504e-02
   1.1270000e+01   1.6743898e-01   5.2466242e-02
   1.1280000e+01   1.6750053e-01   5.2544822e-02
   1.1290000e+01   1.6757390e-01   5.2624517e-02
   1.1300000e+01   1.6766841e-01   5.2706977e-02
   1.1310000e+01   1.6777358e-01   5.2794017e-02
   1.1320000e+01   1.6787094e-01   5.2887145e-02
   1.1330000e+01   1.6798133e-01   5.2986123e-02
   1.1340000e+01   1.6814530e-01   5.3089174e-02
   1.1350000e+01   1.6834732e-01   5.3194874e-02
   1.1360000e+01   1.6855059e-01   5.3302635e-02
   1.1370000e+01   1.6875281e-01   5.3412423e-02
   1.1380000e+01   1.6897611e-01   5.3524903e-02
   1.1390000e+01   1.6922537e-01   5.3640855e-02
   1.1400000e+01   1.6947702e-01   5.3760091e-02
   1.1410000e+01   1.6970715e-01   5.3880435e-02
   1.1420000e+01   1.6989764e-01   5.3998052e-02
   1.1430000e+01   1.7005718e-01   5.4109460e-02
   1.1440000e+01   1.7021977e-01   5.4213006e-02
   1.1450000e+01   1.7038725e-01   5.4308608e-02
   1.1460000e+01   1.7052304e-01   5.4397705e-02
   1.1470000e+01   1.7062200e-01   5.4483816e-02
   1.1480000e+01   1.7072200e-01   5.4570168e-02
   1.1490000e+01   1.7084801e-01   5.4657605e-02
   1.1500000e+01   1.7098612e-01   5.4747428e-02
   1.1510000e+01   1.7109869e-01   5.4843186e-02
   1.1520000e+01   1.7118036e-01   5.4948497e-02
   1.1530000e+01   1.7126781e-01   5.5065148e-02
   1.1540000e+01   1.7137061e-01   5.5192583e-02
   1.1550000e+01   1.7146648e-01   5.5328413e-02
   1.1560000e+01   1.7153558e-01   5.5469523e-02
   1.1570000e+01   1.7156741e-01   5.5612892e-02
   1.1580000e+01   1.7156867e-01   5.5755971e-02
   1.1590000e+01   1.7155530e-01   5.5896187e-02
   1.1600000e+01   1.7153506e-01   5.6029966e-02
   1.1610000e+01   1.7148991e-01   5.6153157e-02
   1.1620000e+01   1.7140444e-01   5.6262238e-02
   1.1630000e+01   1.7130708e-01   5.6355406e-02
   1.1640000e+01   1.7122703e-01   5.6434207e-02
   1.1650000e+01   1.7116665e-01   5.6502738e-02
   1.1660000e+01   1.7112137e-01   5.6564494e-02
   1.1670000e+01   1.7107859e-01   5.6621741e-02
   1.1680000e+01   1.7103236e-01   5.6676869e-02
   1.1690000e+01   1.7099189e-01   5.6733197e-02
   1.1700000e+01   1.7096713e-01   5.6794674e-02
   1.1710000e+01   1.7095269e-01   5.6864747e-02
   1.1720000e+01   1.7092489e-01   5.6945863e-02
   1.1730000e+01   1.7085267e-01   5.7038568e-02
   1.1740000e+01   1.7072422e-01   5.7141636e-02
   1.1750000e+01   1.7056390e-01   5.7254172e-02
   1.1760000e+01   1.7040724e-01   5.7375841e-02
   1.1770000e+01   1.7028319e-01   5.7505807e-02
   1.1780000e+01   1.7019345e-01   5.7642915e-02
   1.1790000e+01   1.7013092e-01   5.7785496e-02
   1.1800000e+01   1.7012008e-01   5.7930655e-02
   1.1810000e+01   1.7017257e-01   5.8075363e-02
   1.1820000e+01   1.7025353e-01   5.8218159e-02
   1.1830000e+01   1.7032397e-01   5.8358932e-02
   1.1840000e+01   1.7037313e-01   5.8497805e-02
   1.1850000e+01   1.7039634e-01   5.8635729e-02
   1.1860000e+01   1.7039398e-01   5.8775179e-02
   1.1870000e+01   1.7039377e-01   5.8918741e-02
   1.1880000e+01   1.7043280e-01   5.9067969e-02
   1.1890000e+01   1.7054623e-01   5.9223092e-02
   1.1900000e+01   1.7073475e-01   5.9381719e-02
   1.1910000e+01   1.7092146e-01   5.9539711e-02
   1.1920000e+01   1.7104749e-01   5.9694819e-02
   1.1930000e+01   1.7113406e-01   5.9847250e-02
   1.1940000e+01   1.7120398e-01   5.9996015e-02
   1.1950000e+01   1.7127361e-01   6.0137328e-02
   1.1960000e+01   1.7135947e-01   6.0268290e-02
   1.1970000e+01   1.7145481e-01   6.0387947e-02
   1.1980000e+01   1.7153376e-01   6.0494630e-02
   1.1990000e+01   1.7158229e-01   6.0587108e-02
   1.2000000e+01   1.7160346e-01   6.0667082e-02
   1.2010000e+01   1.7159505e-01   6.0738391e-02
   1.2020000e+01   1.7157982e-01   6.0804739e-02
   1.2030000e+01   1.7160109e-01   6.0868159e-02
   1.2040000e+01   1.7168678e-01   6.0928968e-02
   1.2050000e+01   1.7183801e-01   6.0987589e-02
   1.2060000e+01   1.7204621e-01   6.1046461e-02
   1.2070000e+01   1.7229064e-01   6.1109222e-02
   1.2080000e+01   1.7252712e-01   6.1178665e-02
   1.2090000e+01   1.7274212e-01   6.1255101e-02
   1.2100000e+01   1.7294893e-01   6.1337379e-02
   1.2110000e+01   1.7315619e-01   6.1426483e-02
   1.2120000e+01   1.7335250e-01   6.1523967e-02
   1.2130000e+01   1.7349875e-01   6.1629293e-02
   1.2140000e+01   1.7359544e-01   6.1741716e-02
   1.2150000e+01   1.7368582e-01   6.1860914e-02
   1.2160000e+01   1.7377750e-01   6.1985637e-02
   1.2170000e+01   1.7383865e-01   6.2114048e-02
   1.2180000e+01   1.7386029e-01   6.2245580e-02
   1.2190000e+01   1.7385790e-01   6.2380842e-02
   1.2200000e+01   1.7384824e-01   6.2519854e-02
   1.2210000e+01   1.7385541e-01   6.2660984e-02
   1.2220000e+01   1.7388184e-01   6.2801111e-02
   1.2230000e+01   1.7390603e-01   6.2936275e-02
   1.2240000e+01   1.7390547e-01   6.3063252e-02
   1.2250000e+01   1.7388101e-01   6.3181738e-02
   1.2260000e+01   1.7384805e-01   6.3292954e-02
   1.2270000e+01   1.7379829e-01   6.3396517e-02
   1.2280000e+01   1.7370729e-01   6.3491277e-02
   1.2290000e+01   1.7356334e-01   6.3577173e-02
   1.2300000e+01   1.7339421e-01   6.3654160e-02
   1.2310000e+01   1.7324528e-01   6.3721977e-02
   1.2320000e+01   1.7314456e-01   6.3782210e-02
   1.2330000e+01   1.7307812e-01   6.3836850e-02
   1.2340000e+01   1.7302504e-01   6.3884520e-02
   1.2350000e+01   1.7302039e-01   6.3923573e-02
   1.2360000e+01   1.7310600e-01   6.3956845e-02
   1.2370000e+01   1.7325730e-01   6.3991542e-02
   1.2380000e+01   1.7339711e-01   6.4035538e-02
   1.2390000e+01   1.7348923e-01   6.4091847e-02
   1.2400000e+01   1.7355563e-01   6.4159192e-02
   1.2410000e+01   1.7360753e-01   6.4234663e-02
   1.2420000e+01   1.7365325e-01   6.4315147e-02
   1.2430000e+01   1.7368803e-01   6.4398922e-02
   1.2440000e+01   1.7369286e-01   6.4483364e-02
   1.2450000e+01   1.7368718e-01   6.4563622e-02
   1.2460000e+01   1.7370537e-01   6.4635250e-02
   1.2470000e+01   1.7376941e-01   6.4697340e-02
   1.2480000e+01   1.7388656e-01   6.4751051e-02
   1.2490000e+01   1.7403780e-01   6.4797380e-02
   1.2500000e+01   1.7421526e-01   6.4836918e-02
   1.2510000e+01   1.7444507e-01   6.4870179e-02
   1.2520000e+01   1.7473989e-01   6.4901878e-02
   1.2530000e+01   1.7507331e-01   6.4939633e-02
   1.2540000e+01   1.7540864e-01   6.4987138e-02
   1.2550000e+01   1.7572327e-01   6.5044890e-02
   1.2560000e+01   1.7597930e-01   6.5115043e-02
   1.2570000e+01   1.7614108e-01   6.5200988e-02
   1.2580000e+01   1.7621938e-01   6.5303003e-02
   1.2590000e+01   1.7623540e-01   6.5418462e-02
   1.2600000e+01   1.7619355e-01   6.5545078e-02
   1.2610000e+01   1.7611139e-01   6.5680056e-02
   1.2620000e+01   1.7602554e-01   6.5819479e-02
   1.2630000e+01   1.7594660e-01   6.5960564e-02
   1.2640000e+01   1.7585687e-01   6.6102265e-02
   1.2650000e+01   1.7573470e-01   6.6242740e-02
   1.2660000e+01   1.7558640e-01   6.6379279e-02
   1.2670000e+01   1.7544696e-01   6.6510690e-02
   1.2680000e+01   1.7530039e-01   6.6635314e-02
   1.2690000e+01   1.7510404e-01   6.6751010e-02
   1.2700000e+01   1.7489684e-01   6.6859862e-02
   1.2710000e+01   1.7473653e-01   6.6967245e-02
   1.2720000e+01   1.7461642e-01   6.7076575e-02
   1.2730000e+01   1.7449884e-01   6.7189805e-02
   1.2740000e+01   1.7436688e-01   6.7308487e-02
   1.2750000e+01   1.7423641e-01   6.7430426e-02
   1.2760000e+01   1.7411970e-01   6.7551172e-02
   1.2770000e+01   1.7404026e-01   6.7669225e-02
   1.2780000e+01   1.7399519e-01   6.7786876e-02
   1.2790000e+01   1.7392784e-01   6.7907504e-02
   1.2800000e+01   1.7383558e-01   6.8033436e-02
   1.2810000e+01   1.7375967e-01   6.8165438e-02
   1.2820000e+01   1.7368886e-01   6.8303256e-02
   1.2830000e+01   1.7360335e-01   6.8444606e-02
   1.2840000e+01   1.7351498e-01   6.8583593e-02
   1.2850000e+01   1.7343921e-01   6.8716935e-02
   1.2860000e+01   1.7339905e-01   6.8847471e-02
   1.2870000e+01   1.7337471e-01   6.8975865e-02
   1.2880000e+01   1.7330705e-01   6.9098125e-02
   1.2890000e+01   1.7320274e-01   6.9210117e-02
   1.2900000e+01   1.7308295e-01   6.9310202e-02
   1.2910000e+01   1.7295692e-01   6.9400087e-02
   1.2920000e+01   1.7287266e-01   6.9483284e-02
   1.2930000e+01   1.7283297e-01   6.9563999e-02
   1.2940000e+01   1.7279969e-01   6.9646109e-02
   1.2950000e+01   1.7277518e-01   6.9731838e-02
   1.2960000e+01   1.7278920e-01   6.9823565e-02
   1.2970000e+01   1.7284234e-01   6.9925617e-02
   1.2980000e+01   1.7288802e-01   7.0042919e-02
   1.2990000e+01   1.7290632e-01   7.0180480e-02
   1.3000000e+01   1.7291048e-01   7.0340560e-02
   1.3010000e+01   1.7290165e-01   7.0518950e-02
   1.3020000e+01   1.7290523e-01   7.0708783e-02
   1.3030000e+01   1.7294652e-01   7.0905248e-02
   1.3040000e+01   1.7300217e-01   7.1104566e-02
   1.3050000e+01   1.7303526e-01   7.1302469e-02
   1.3060000e+01   1.7306242e-01   7.1492370e-02
   1.3070000e+01   1.7312449e-01   7.1667654e-02
   1.3080000e+01   1.7322495e-01   7.1825581e-02
   1.3090000e+01   1.7335109e-01   7.1965350e-02
   1.3100000e+01   1.7346623e-01   7.2088555e-02
   1.3110000e+01   1.7350939e-01   7.2197818e-02
   1.3120000e+01   1.7344893e-01   7.2293942e-02
   1.3130000e+01   1.7332612e-01   7.2377992e-02
   1.3140000e+01   1.7319033e-01   7.2452367e-02
   1.3150000e+01   1.7303631e-01   7.2519032e-02
   1.3160000e+01   1.7287826e-01   7.2579609e-02
   1.3170000e+01   1.7275392e-01   7.2637449e-02
   1.3180000e+01   1.7267000e-01   7.2696152e-02
   1.3190000e+01   1.7261996e-01   7.2756654e-02
   1.3200000e+01   1.7261354e-01   7.2818554e-02
   1.3210000e+01   1.7265240e-01   7.2883314e-02
   1.3220000e+01   1.7269281e-01   7.2951435e-02
   1.3230000e+01   1.7268364e-01   7.3019483e-02
   1.3240000e+01   1.7259376e-01   7.3083198e-02
   1.3250000e+01   1.7244718e-01   7.3138617e-02
   1.3260000e+01   1.7233805e-01   7.3183590e-02
   1.3270000e+01   1.7232108e-01   7.3222901e-02
   1.3280000e+01   1.7234858e-01   7.3263609e-02
   1.3290000e+01   1.7233631e-01   7.3305383e-02
   1.3300000e+01   1.7224056e-01   7.3342062e-02
   1.3310000e+01   1.7208428e-01   7.3374244e-02
   1.3320000e+01   1.7193509e-01   7.3410987e-02
   1.3330000e+01   1.7183808e-01   7.3455901e-02
   1.3340000e+01   1.7177521e-01   7.3509323e-02
   1.3350000e+01   1.7173060e-01   7.3576004e-02
   1.3360000e+01   1.7171410e-01   7.3657755e-02
   1.3370000e+01   1.7169756e-01   7.3751156e-02
   1.3380000e+01   1.7164151e-01   7.3853058e-02
   1.3390000e+01   1.7152716e-01   7.3960377e-02
   1.3400000e+01   1.7135795e-01   7.4068717e-02
   1.3410000e+01   1.7115687e-01   7.4175611e-02
   1.3420000e+01   1.7092822e-01   7.4279489e-02
   1.3430000e+01   1.7068286e-01   7.4375353e-02
   1.3440000e+01   1.7045228e-01   7.4456603e-02
   1.3450000e+01   1.7025466e-01   7.4517895e-02
   1.3460000e+01   1.7008316e-01   7.4559851e-02
   1.3470000e+01   1.6994212e-01   7.4587292e-02
   1.3480000e+01   1.6985971e-01   7.4599484e-02
   1.3490000e+01   1.6983792e-01   7.4595912e-02
   1.3500000e+01   1.6984998e-01   7.4579724e-02
   1.3510000e+01   1.6987444e-01   7.4552228e-02
   1.3520000e+01   1.6991469e-01   7.4516257e-02
   1.3530000e+01   1.6997968e-01   7.4478652e-02
   1.3540000e+01   1.7008242e-01   7.4445006e-02
   1.3550000e+01   1.7022826e-01   7.4414401e-02
   1.3560000e+01   1.7037017e-01   7.4384098e-02
   1.3570000e+01   1.7048740e-01   7.4354349e-02
   1.3580000e+01   1.7063041e-01   7.4328069e-02
   1.3590000e+01   1.7082227e-01   7.4309107e-02
   1.3600000e+01   1.7104071e-01   7.4300856e-02
   1.3610000e+01   1.7125995e-01   7.4304198e-02
   1.3620000e+01   1.7147771e-01   7.4315406e-02
   1.3630000e+01   1.7173253e-01   7.4333177e-02
   1.3640000e+01   1.7204714e-01   7.4360592e-02
   1.3650000e+01   1.7239152e-01   7.4397227e-02
   1.3660000e+01   1.7272904e-01   7.4437142e-02
   1.3670000e+01   1.7303080e-01   7.4476569e-02
   1.3680000e+01   1.7328508e-01   7.4516488e-02
   1.3690000e+01   1.7348854e-01   7.4553913e-02
   1.3700000e+01   1.7358808e-01   7.4586965e-02
   1.3710000e+01   1.7355749e-01   7.4622823e-02
   1.3720000e+01   1.7344972e-01   7.4668743e-02
   1.3730000e+01   1.7333106e-01   7.4724892e-02
   1.3740000e+01   1.7325321e-01   7.4781557e-02
   1.3750000e+01   1.7319805e-01   7.4827385e-02
   1.3760000e+01   1.7311529e-01   7.4862255e-02
   1.3770000e+01   1.7301071e-01   7.4888920e-02
   1.3780000e+01   1.7291358e-01   7.4910871e-02
   1.3790000e+01   1.7285104e-01   7.4935036e-02
   1.3800000e+01   1.7281422e-01   7.4962853e-02
   1.3810000e+01   1.7276276e-01   7.4993192e-02
   1.3820000e+01   1.7268346e-01   7.5028589e-02
   1.3830000e+01   1.7259391e-01   7.5075407e-02
   1.3840000e+01   1.7252934e-01   7.5138028e-02
   1.3850000e+01   1.7248781e-01   7.5214806e-02
   1.3860000e+01   1.7239921e-01   7.5301690e-02
   1.3870000e+01   1.7223299e-01   7.5398058e-02
   1.3880000e+01   1.7206349e-01   7.5506825e-02
   1.3890000e+01   1.7197337e-01   7.5620926e-02
   1.3900000e+01   1.7194162e-01   7.5726421e-02
   1.3910000e+01   1.7192113e-01   7.5820659e-02
   1.3920000e+01   1.7196374e-01   7.5906526e-02
   1.3930000e+01   1.7211411e-01   7.5981612e-02
   1.3940000e+01   1.7232825e-01   7.6041535e-02
   1.3950000e+01   1.7256181e-01   7.6087110e-02
   1.3960000e+01   1.7280251e-01   7.6124413e-02
   1.3970000e+01   1.7301383e-01   7.6155044e-02
   1.3980000e+01   1.7318323e-01   7.6181054e-02
   1.3990000e+01   1.7339287e-01   7.6211873e-02
   1.4000000e+01   1.7370634e-01   7.6254563e-02
   1.4010000e+01   1.7407392e-01   7.6306417e-02
   1.4020000e+01   1.7440517e-01   7.6365713e-02
   1.4030000e+01   1.7469705e-01   7.6441246e-02
   1.4040000e+01   1.7502188e-01   7.6538004e-02
   1.4050000e+01   1.7532346e-01   7.6654464e-02
   1.4060000e+01   1.7549820e-01   7.6789188e-02
   1.4070000e+01   1.7561808e-01   7.6936413e-02
   1.4080000e+01   1.7578234e-01   7.7086852e-02
   1.4090000e+01   1.7598341e-01   7.7232942e-02
   1.4100000e+01   1.7616813e-01   7.7373874e-02
   1.4110000e+01   1.7631029e-01   7.7512748e-02
   1.4120000e+01   1.7641841e-01   7.7653322e-02
   1.4130000e+01   1.7651303e-01   7.7802176e-02
   1.4140000e+01   1.7663497e-01   7.7960338e-02
   1.4150000e+01   1.7680063e-01   7.8120891e-02
   1.4160000e+01   1.7697806e-01   7.8279030e-02
   1.4170000e+01   1.7713223e-01   7.8435266e-02
   1.4180000e+01   1.7726457e-01   7.8595937e-02
   1.4190000e+01   1.7741482e-01   7.8766685e-02
   1.4200000e+01   1.7758062e-01   7.8948686e-02
   1.4210000e+01   1.7771611e-01   7.9145215e-02
   1.4220000e+01   1.7785129e-01   7.9357498e-02
   1.4230000e+01   1.7803555e-01   7.9582638e-02
   1.4240000e+01   1.7823452e-01   7.9819863e-02
   1.4250000e+01   1.7841136e-01   8.0070490e-02
   1.4260000e+01   1.7854394e-01   8.0335665e-02
   1.4270000e+01   1.7860054e-01   8.0611956e-02
   1.4280000e+01   1.7860927e-01   8.0893392e-02
   1.4290000e+01   1.7862360e-01   8.1175386e-02
   1.4300000e+01   1.7865327e-01   8.1452438e-02
   1.4310000e+01   1.7867702e-01   8.1720237e-02
   1.4320000e+01   1.7871190e-01   8.1975071e-02
   1.4330000e+01   1.7881651e-01   8.2213682e-02
   1.4340000e+01   1.7896390e-01   8.2432546e-02
   1.4350000e+01   1.7910159e-01   8.2622960e-02
   1.4360000e+01   1.7927208e-01   8.2774821e-02
   1.4370000e+01   1.7948142e-01   8.2889771e-02
   1.4380000e+01   1.7965364e-01   8.2981553e-02
   1.4390000e+01   1.7976392e-01   8.3058941e-02
   1.4400000e+01   1.7983496e-01   8.3126539e-02
   1.4410000e+01   1.7983860e-01   8.3193772e-02
   1.4420000e+01   1.7975387e-01   8.3269861e-02
   1.4430000e+01   1.7964551e-01   8.3361929e-02
   1.4440000e+01   1.7956922e-01   8.3477135e-02
   1.4450000e+01   1.7954019e-01   8.3620494e-02
   1.4460000e+01   1.7961016e-01   8.3791959e-02
   1.4470000e+01   1.7983560e-01   8.3985954e-02
   1.4480000e+01   1.8013614e-01   8.4197223e-02
   1.4490000e+01   1.8039877e-01   8.4425631e-02
   1.4500000e+01   1.8065569e-01   8.4665706e-02
   1.4510000e+01   1.8092343e-01   8.4908734e-02
   1.4520000e+01   1.8115965e-01   8.5157545e-02
   1.4530000e+01   1.8134844e-01   8.5411577e-02
   1.4540000e+01   1.8147314e-01   8.5655171e-02
   1.4550000e+01   1.8151331e-01   8.5877943e-02
   1.4560000e+01   1.8146187e-01   8.6085241e-02
   1.4570000e+01   1.8138184e-01   8.6280214e-02
   1.4580000e+01   1.8134343e-01   8.6462787e-02
   1.4590000e+01   1.8135014e-01   8.6642867e-02
   1.4600000e+01   1.8136897e-01   8.6828025e-02
   1.4610000e+01   1.8131389e-01   8.7020399e-02
   1.4620000e+01   1.8114985e-01   8.7227588e-02
   1.4630000e+01   1.8096154e-01   8.7453254e-02
   1.4640000e+01   1.8082167e-01   8.7683943e-02
   1.4650000e+01   1.8073404e-01   8.7903297e-02
   1.4660000e+01   1.8066214e-01   8.8113340e-02
   1.4670000e+01   1.8056016e-01   8.8324529e-02
   1.4680000e+01   1.8040684e-01   8.8536000e-02
   1.4690000e+01   1.8016660e-01   8.8736449e-02
   1.4700000e+01   1.7980038e-01   8.8915020e-02
   1.4710000e+01   1.7935675e-01   8.9067319e-02
   1.4720000e+01   1.7893772e-01   8.9191621e-02
   1.4730000e+01   1.7860720e-01   8.9292208e-02
   1.4740000e+01   1.7836990e-01   8.9378533e-02
   1.4750000e+01   1.7819431e-01   8.9453437e-02
   1.4760000e+01   1.7804092e-01   8.9517550e-02
   1.4770000e+01   1.7789380e-01   8.9571975e-02
   1.4780000e+01   1.7775585e-01   8.9619569e-02
   1.4790000e+01   1.7760274e-01   8.9671730e-02
   1.4800000e+01   1.7738552e-01   8.9743673e-02
   1.4810000e+01   1.7709298e-01   8.9842135e-02
   1.4820000e+01   1.7673387e-01   8.9960499e-02
   1.4830000e+01   1.7629047e-01   9.0091308e-02
   1.4840000e+01   1.7575778e-01   9.0236762e-02
   1.4850000e+01   1.7517495e-01   9.0399652e-02
   1.4860000e+01   1.7461265e-01   9.0574166e-02
   1.4870000e+01   1.7406647e-01   9.0751269e-02
   1.4880000e+01   1.7348486e-01   9.0924501e-02
   1.4890000e+01   1.7284819e-01   9.1089249e-02
   1.4900000e+01   1.7215027e-01   9.1241676e-02
   1.4910000e+01   1.7148433e-01   9.1380172e-02
   1.4920000e+01   1.7092734e-01   9.1509786e-02
   1.4930000e+01   1.7037564e-01   9.1640967e-02
   1.4940000e+01   1.6970991e-01   9.1777330e-02
   1.4950000e+01   1.6894492e-01   9.1911784e-02
   1.4960000e+01   1.6813414e-01   9.2039514e-02
   1.4970000e+01   1.6729765e-01   9.2162478e-02
   1.4980000e+01   1.6642017e-01   9.2283413e-02
   1.4990000e+01   1.6548516e-01   9.2401054e-02
   1.5000000e+01   1.6450116e-01   9.2512181e-02
   1.5010000e+01   1.6348338e-01   9.2617148e-02
   1.5020000e+01   1.6251992e-01   9.2720149e-02
   1.5030000e+01   1.6164528e-01   9.2830144e-02
   1.5040000e+01   1.6078628e-01   9.2948189e-02
   1.5050000e+01   1.5995226e-01   9.3069013e-02
   1.5060000e+01   1.5919420e-01   9.3197062e-02
   1.5070000e+01   1.5847685e-01   9.3334044e-02
   1.5080000e+01   1.5765218e-01   9.3474066e-02
   1.5090000e+01   1.5662346e-01   9.3612498e-02
   1.5100000e+01   1.5551579e-01   9.3744245e-02
   1.5110000e+01   1.5446536e-01   9.3871164e-02
   1.5120000e+01   1.5346874e-01   9.4005989e-02
   1.5130000e+01   1.5248702e-01   9.4156569e-02
   1.5140000e+01   1.5147389e-01   9.4322466e-02
   1.5150000e+01   1.5041912e-01   9.4498511e-02
   1.5160000e+01   1.4938160e-01   9.4677667e-02
   1.5170000e+01   1.4842119e-01   9.4858722e-02
   1.5180000e+01   1.4754007e-01   9.5047482e-02
   1.5190000e+01   1.4668195e-01   9.5248941e-02
   1.5200000e+01   1.4581210e-01   9.5457302e-02
   1.5210000e+01   1.4495995e-01   9.5663603e-02
   1.5220000e+01   1.4414187e-01   9.5864328e-02
   1.5230000e+01   1.4328975e-01   9.6065712e-02
   1.5240000e+01   1.4230019e-01   9.6273981e-02
   1.5250000e+01   1.4117665e-01   9.6480249e-02
   1.5260000e+01   1.3993498e-01   9.6684198e-02
   1.5270000e+01   1.3853101e-01   9.6897096e-02
   1.5280000e+01   1.3700372e-01   9.7120238e-02
   1.5290000e+01   1.3542867e-01   9.7354946e-02
   1.5300000e+01   1.3385118e-01   9.7609778e-02
   1.5310000e+01   1.3227900e-01   9.7888164e-02
   1.5320000e+01   1.3071825e-01   9.8184950e-02
   1.5330000e+01   1.2916943e-01   9.8500411e-02
   1.5340000e+01   1.2755418e-01   9.8836040e-02
   1.5350000e+01   1.2581442e-01   9.9182076e-02
   1.5360000e+01   1.2400420e-01   9.9527972e-02
   1.5370000e+01   1.2219578e-01   9.9868796e-02
   1.5380000e+01   1.2039070e-01   1.0020516e-01
   1.5390000e+01   1.1859447e-01   1.0053952e-01
   1.5400000e+01   1.1687485e-01   1.0086881e-01
   1.5410000e+01   1.1525227e-01   1.0118501e-01
   1.5420000e+01   1.1365221e-01   1.0147694e-01
   1.5430000e+01   1.1201909e-01   1.0174220e-01
   1.5440000e+01   1.1038757e-01   1.0199413e-01
   1.5450000e+01   1.0880510e-01   1.0224862e-01
   1.5460000e+01   1.0726359e-01   1.0251292e-01
   1.5470000e+01   1.0575270e-01   1.0278637e-01
   1.5480000e+01   1.0427627e-01   1.0306873e-01
   1.5490000e+01   1.0281228e-01   1.0334894e-01
   1.5500000e+01   1.0131777e-01   1.0361208e-01
   1.5510000e+01   9.9807075e-02   1.0386182e-01
   1.5520000e+01   9.8372814e-02   1.0410293e-01
   1.5530000e+01   9.7026519e-02   1.0433143e-01
   1.5540000e+01   9.5638267e-02   1.0453827e-01
   1.5550000e+01   9.4123216e-02   1.0471965e-01
   1.5560000e+01   9.2534986e-02   1.0487828e-01
   1.5570000e+01   9.0914183e-02   1.0500546e-01
   1.5580000e+01   8.9250992e-02   1.0510105e-01
   1.5590000e+01   8.7599005e-02   1.0518363e-01
   1.5600000e+01   8.6017618e-02   1.0526143e-01
   1.5610000e+01   8.4507936e-02   1.0532929e-01
   1.5620000e+01   8.3068663e-02   1.0538051e-01
   1.5630000e+01   8.1691002e-02   1.0541405e-01
   1.5640000e+01   8.0349606e-02   1.0544365e-01
   1.5650000e+01   7.9033179e-02   1.0548401e-01
   1.5660000e+01   7.7738139e-02   1.0553588e-01
   1.5670000e+01   7.6443736e-02   1.0559093e-01
   1.5680000e+01   7.5101107e-02   1.0563868e-01
   1.5690000e+01   7.3690343e-02   1.0568294e-01
   1.5700000e+01   7.2243071e-02   1.0573687e-01
   1.5710000e+01   7.0758376e-02   1.0580173e-01
   1.5720000e+01   6.9225680e-02   1.0588463e-01
   1.5730000e+01   6.7693739e-02   1.0600126e-01
   1.5740000e+01   6.6193749e-02   1.0614173e-01
   1.5750000e+01   6.4703223e-02   1.0628452e-01
   1.5760000e+01   6.3208760e-02   1.0642832e-01
   1.5770000e+01   6.1720817e-02   1.0657358e-01
   1.5780000e+01   6.0238583e-02   1.0670742e-01
   1.5790000e+01   5.8750059e-02   1.0681692e-01
   1.5800000e+01   5.7262489e-02   1.0688634e-01
   1.5810000e+01   5.5709755e-02   1.0689687e-01
   1.5820000e+01   5.3988285e-02   1.0684334e-01
   1.5830000e+01   5.2167850e-02   1.0673817e-01
   1.5840000e+01   5.0352451e-02   1.0659604e-01
   1.5850000e+01   4.8477958e-02   1.0642227e-01
   1.5860000e+01   4.6514962e-02   1.0622567e-01
   1.5870000e+01   4.4551251e-02   1.0602079e-01
   1.5880000e+01   4.2638534e-02   1.0580872e-01
   1.5890000e+01   4.0799770e-02   1.0558199e-01
   1.5900000e+01   3.9025124e-02   1.0534775e-01
   1.5910000e+01   3.7264731e-02   1.0512007e-01
   1.5920000e+01   3.5491186e-02   1.0489702e-01
   1.5930000e+01   3.3687636e-02   1.0467369e-01
   1.5940000e+01   3.1864594e-02   1.0445845e-01
   1.5950000e+01   3.0047555e-02   1.0424560e-01
   1.5960000e+01   2.8256572e-02   1.0401721e-01
   1.5970000e+01   2.6519837e-02   1.0377176e-01
   1.5980000e+01   2.4793997e-02   1.0350623e-01
   1.5990000e+01   2.3014557e-02   1.0320247e-01
   1.6000000e+01   2.1197072e-02   1.0285597e-01
   1.6010000e+01   1.9390383e-02   1.0249047e-01
   1.6020000e+01   1.7648058e-02   1.0211758e-01
   1.6030000e+01   1.5975248e-02   1.0172675e-01
   1.6040000e+01   1.4345905e-02   1.0131530e-01
   1.6050000e+01   1.2762471e-02   1.0089244e-01
   1.6060000e+01   1.1146280e-02   1.0047646e-01
   1.6070000e+01   9.4067583e-03   1.0007932e-01
   1.6080000e+01   7.5493096e-03   9.9708377e-02
   1.6090000e+01   5.5747003e-03   9.9371014e-02
   1.6100000e+01   3.5285669e-03   9.9055130e-02
   1.6110000e+01   1.4847967e-03   9.8744277e-02
   1.6120000e+01  -5.5613307e-04   9.8437128e-02
   1.6130000e+01  -2.6064782e-03   9.8138776e-02
   1.6140000e+01  -4.6617300e-03   9.7850871e-02
   1.6150000e+01  -6.6790207e-03   9.7568938e-02
   1.6160000e+01  -8.6230733e-03   9.7277243e-02
   1.6170000e+01  -1.0514969e-02   9.6945081e-02
   1.6180000e+01  -1.2360343e-02   9.6554495e-02
   1.6190000e+01  -1.4175412e-02   9.6123417e-02
   1.6200000e+01  -1.6012531e-02   9.5676292e-02
   1.6210000e+01  -1.7876817e-02   9.5216121e-02
   1.6220000e+01  -1.9717945e-02   9.4739119e-02
   1.6230000e+01  -2.1537041e-02   9.4241988e-02
   1.6240000e+01  -2.3357789e-02   9.3724909e-02
   1.6250000e+01  -2.5171945e-02   9.3209291e-02
   1.6260000e+01  -2.7007322e-02   9.2718408e-02
   1.6270000e+01  -2.8840771e-02   9.2260191e-02
   1.6280000e+01  -3.0552386e-02   9.1834083e-02
   1.6290000e+01  -3.2145494e-02   9.1426172e-02
   1.6300000e+01  -3.3752622e-02   9.1015212e-02
   1.6310000e+01  -3.5410265e-02   9.0585520e-02
   1.6320000e+01  -3.7071023e-02   9.0148904e-02
   1.6330000e+01  -3.8713982e-02   8.9721192e-02
   1.6340000e+01  -4.0347875e-02   8.9283594e-02
   1.6350000e+01  -4.2005811e-02   8.8824958e-02
   1.6360000e+01  -4.3722970e-02   8.8355086e-02
   1.6370000e+01  -4.5514939e-02   8.7882451e-02
   1.6380000e+01  -4.7358018e-02   8.7413343e-02
   1.6390000e+01  -4.9168250e-02   8.6941258e-02
   1.6400000e+01  -5.0917019e-02   8.6456611e-02
   1.6410000e+01  -5.2700745e-02   8.5955669e-02
   1.6420000e+01  -5.4585453e-02   8.5435805e-02
   1.6430000e+01  -5.6473085e-02   8.4898079e-02
   1.6440000e+01  -5.8254665e-02   8.4353131e-02
   1.6450000e+01  -6.0005787e-02   8.3818295e-02
   1.6460000e+01  -6.1835245e-02   8.3306149e-02
   1.6470000e+01  -6.3721662e-02   8.2822909e-02
   1.6480000e+01  -6.5606890e-02   8.2361401e-02
   1.6490000e+01  -6.7420253e-02   8.1903061e-02
   1.6500000e+01  -6.9145821e-02   8.1439710e-02
   1.6510000e+01  -7.0889457e-02   8.0979896e-02
   1.6520000e+01  -7.2759596e-02   8.0533535e-02
   1.6530000e+01  -7.4753017e-02   8.0101248e-02
   1.6540000e+01  -7.6743246e-02   7.9675626e-02
   1.6550000e+01  -7.8646332e-02   7.9242807e-02
   1.6560000e+01  -8.0503527e-02   7.8797875e-02
   1.6570000e+01  -8.2342470e-02   7.8348362e-02
   1.6580000e+01  -8.4105091e-02   7.7898148e-02
   1.6590000e+01  -8.5742347e-02   7.7445146e-02
   1.6600000e+01  -8.7246058e-02   7.6974750e-02
   1.6610000e+01  -8.8616609e-02   7.6471291e-02
   1.6620000e+01  -8.9872724e-02   7.5942957e-02
   1.6630000e+01  -9.1038759e-02   7.5409265e-02
   1.6640000e+01  -9.2146969e-02   7.4877888e-02
   1.6650000e+01  -9.3225649e-02   7.4345912e-02
   1.6660000e+01  -9.4276908e-02   7.3806117e-02
   1.6670000e+01  -9.5312704e-02   7.3246460e-02
   1.6680000e+01  -9.6329914e-02   7.2661505e-02
   1.6690000e+01  -9.7312470e-02   7.2056155e-02
   1.6700000e+01  -9.8298539e-02   7.1433053e-02
   1.6710000e+01  -9.9305130e-02   7.0792545e-02
   1.6720000e+01  -1.0033878e-01   7.0147824e-02
   1.6730000e+01  -1.0142368e-01   6.9513795e-02
   1.6740000e+01  -1.0253599e-01   6.8888458e-02
   1.6750000e+01  -1.0366554e-01   6.8268140e-02
   1.6760000e+01  -1.0480729e-01   6.7649959e-02
   1.6770000e+01  -1.0596416e-01   6.7029945e-02
   1.6780000e+01  -1.0716933e-01   6.6410745e-02
   1.6790000e+01  -1.0843432e-01   6.5800705e-02
   1.6800000e+01  -1.0977258e-01   6.5202737e-02
   1.6810000e+01  -1.1115686e-01   6.4606050e-02
   1.6820000e+01  -1.1252107e-01   6.4000909e-02
   1.6830000e+01  -1.1384616e-01   6.3384735e-02
   1.6840000e+01  -1.1513976e-01   6.2749676e-02
   1.6850000e+01  -1.1640199e-01   6.2096498e-02
   1.6860000e+01  -1.1768304e-01   6.1446756e-02
   1.6870000e+01  -1.1907448e-01   6.0801889e-02
   1.6880000e+01  -1.2054100e-01   6.0145753e-02
   1.6890000e+01  -1.2194407e-01   5.9484751e-02
   1.6900000e+01  -1.2325288e-01   5.8831061e-02
   1.6910000e+01  -1.2453666e-01   5.8188207e-02
   1.6920000e+01  -1.2584018e-01   5.7557116e-02
   1.6930000e+01  -1.2715060e-01   5.6940088e-02
   1.6940000e+01  -1.2848739e-01   5.6336789e-02
   1.6950000e+01  -1.2993880e-01   5.5728381e-02
   1.6960000e+01  -1.3150207e-01   5.5094818e-02
   1.6970000e+01  -1.3311197e-01   5.4432305e-02
   1.6980000e+01  -1.3477331e-01   5.3742517e-02
   1.6990000e+01  -1.3649557e-01   5.3030170e-02
   1.7000000e+01  -1.3826341e-01   5.2294620e-02
   1.7010000e+01  -1.4003607e-01   5.1520034e-02
   1.7020000e+01  -1.4173689e-01   5.0691271e-02
   1.7030000e+01  -1.4334430e-01   4.9814501e-02
   1.7040000e+01  -1.4488800e-01   4.8912498e-02
   1.7050000e+01  -1.4638821e-01   4.7996513e-02
   1.7060000e+01  -1.4787719e-01   4.7054130e-02
   1.7070000e+01  -1.4938972e-01   4.6077939e-02
   1.7080000e+01  -1.5094502e-01   4.5076278e-02
   1.7090000e+01  -1.5251111e-01   4.4047025e-02
   1.7100000e+01  -1.5404281e-01   4.2984062e-02
   1.7110000e+01  -1.5552928e-01   4.1897518e-02
   1.7120000e+01  -1.5697793e-01   4.0791221e-02
   1.7130000e+01  -1.5843129e-01   3.9653522e-02
   1.7140000e+01  -1.5988543e-01   3.8491251e-02
   1.7150000e+01  -1.6131380e-01   3.7328405e-02
   1.7160000e+01  -1.6268576e-01   3.6180488e-02
   1.7170000e+01  -1.6388929e-01   3.5064492e-02
   1.7180000e+01  -1.6495510e-01   3.3996392e-02
   1.7190000e+01  -1.6603960e-01   3.2974902e-02
   1.7200000e+01  -1.6712872e-01   3.1990578e-02
   1.7210000e+01  -1.6818635e-01   3.1037402e-02
   1.7220000e+01  -1.6927748e-01   3.0109687e-02
   1.7230000e+01  -1.7042230e-01   2.9190354e-02
   1.7240000e+01  -1.7160689e-01   2.8259104e-02
   1.7250000e+01  -1.7282778e-01   2.7313538e-02
   1.7260000e+01  -1.7409726e-01   2.6361437e-02
   1.7270000e+01  -1.7542254e-01   2.5400187e-02
   1.7280000e+01  -1.7677145e-01   2.4422712e-02
   1.7290000e+01  -1.7813539e-01   2.3428830e-02
   1.7300000e+01  -1.7950347e-01   2.2410742e-02
   1.7310000e+01  -1.8085370e-01   2.1353769e-02
   1.7320000e+01  -1.8221126e-01   2.0264274e-02
   1.7330000e+01  -1.8357496e-01   1.9166099e-02
   1.7340000e+01  -1.8493828e-01   1.8073608e-02
   1.7350000e+01  -1.8633469e-01   1.6996132e-02
   1.7360000e+01  -1.8779977e-01   1.5944280e-02
   1.7370000e+01  -1.8938568e-01   1.4904039e-02
   1.7380000e+01  -1.9109926e-01   1.3851045e-02
   1.7390000e+01  -1.9287873e-01   1.2791297e-02
   1.7400000e+01  -1.9467839e-01   1.1736307e-02
   1.7410000e+01  -1.9645334e-01   1.0681721e-02
   1.7420000e+01  -1.9815148e-01   9.6216460e-03
   1.7430000e+01  -1.9975095e-01   8.5458772e-03
   1.7440000e+01  -2.0126033e-01   7.4363690e-03
   1.7450000e+01  -2.0272085e-01   6.2778644e-03
   1.7460000e+01  -2.0416859e-01   5.0718853e-03
   1.7470000e+01  -2.0558994e-01   3.8308898e-03
   1.7480000e+01  -2.0697580e-01   2.5730600e-03
   1.7490000e+01  -2.0837636e-01   1.3166821e-03
   1.7500000e+01  -2.0984483e-01   6.5503887e-05
   1.7510000e+01  -2.1136705e-01  -1.1818788e-03
   1.7520000e+01  -2.1289279e-01  -2.4183969e-03
   1.7530000e+01  -2.1440111e-01  -3.6305771e-03
   1.7540000e+01  -2.1589392e-01  -4.8062985e-03
   1.7550000e+01  -2.1737813e-01  -5.9430392e-03
   1.7560000e+01  -2.1883572e-01  -7.0476601e-03
   1.7570000e+01  -2.2021556e-01  -8.1282737e-03
   1.7580000e+01  -2.2150424e-01  -9.1881305e-03
   1.7590000e+01  -2.2273716e-01  -1.0228899e-02
   1.7600000e+01  -2.2391439e-01  -1.1257137e-02
   1.7610000e+01  -2.2501468e-01  -1.2288218e-02
   1.7620000e+01  -2.2611204e-01  -1.3344772e-02
   1.7630000e+01  -2.2734986e-01  -1.4447010e-02
   1.7640000e+01  -2.2873316e-01  -1.5602614e-02
   1.7650000e+01  -2.3015681e-01  -1.6800300e-02
   1.7660000e+01  -2.3160320e-01  -1.8020768e-02
   1.7670000e+01  -2.3309517e-01  -1.9248894e-02
   1.7680000e+01  -2.3459851e-01  -2.0471522e-02
   1.7690000e+01  -2.3604276e-01  -2.1689954e-02
   1.7700000e+01  -2.3739561e-01  -2.2897201e-02
   1.7710000e+01  -2.3867151e-01  -2.4064363e-02
   1.7720000e+01  -2.3987303e-01  -2.5184617e-02
   1.7730000e+01  -2.4101393e-01  -2.6265279e-02
   1.7740000e+01  -2.4213816e-01  -2.7318187e-02
   1.7750000e+01  -2.4321555e-01  -2.8353516e-02
   1.7760000e+01  -2.4416130e-01  -2.9369205e-02
   1.7770000e+01  -2.4496384e-01  -3.0363567e-02
   1.7780000e+01  -2.4571856e-01  -3.1328546e-02
   1.7790000e+01  -2.4654084e-01  -3.2277744e-02
   1.7800000e+01  -2.4741784e-01  -3.3235256e-02
   1.7810000e+01  -2.4825744e-01  -3.4199311e-02
   1.7820000e+01  -2.4901957e-01  -3.5169485e-02
   1.7830000e+01  -2.4972840e-01  -3.6156409e-02
   1.7840000e+01  -2.5042750e-01  -3.7172242e-02
   1.7850000e+01  -2.5110536e-01  -3.8211443e-02
   1.7860000e+01  -2.5169248e-01  -3.9248654e-02
   1.7870000e+01  -2.5213425e-01  -4.0266989e-02
   1.7880000e+01  -2.5245696e-01  -4.1266066e-02
   1.7890000e+01  -2.5276212e-01  -4.2252724e-02
   1.7900000e+01  -2.5314245e-01  -4.3235266e-02
   1.7910000e+01  -2.5360739e-01  -4.4216932e-02
   1.7920000e+01  -2.5412871e-01  -4.5183491e-02
   1.7930000e+01  -2.5469546e-01  -4.6121299e-02
   1.7940000e+01  -2.5528220e-01  -4.7030657e-02
   1.7950000e+01  -2.5591606e-01  -4.7914403e-02
   1.7960000e+01  -2.5663350e-01  -4.8781392e-02
   1.7970000e+01  -2.5738095e-01  -4.9640886e-02
   1.7980000e+01  -2.5811285e-01  -5.0495961e-02
   1.7990000e+01  -2.5882376e-01  -5.1354325e-02
   1.8000000e+01  -2.5951313e-01  -5.2227671e-02
   1.8010000e+01  -2.6018203e-01  -5.3111098e-02
   1.8020000e+01  -2.6084401e-01  -5.3985790e-02
   1.8030000e+01  -2.6151126e-01  -5.4852476e-02
   1.8040000e+01  -2.6214065e-01  -5.5722577e-02
   1.8050000e+01  -2.6267571e-01  -5.6589744e-02
   1.8060000e+01  -2.6314078e-01  -5.7442535e-02
   1.8070000e+01  -2.6355022e-01  -5.8277782e-02
   1.8080000e+01  -2.6387519e-01  -5.9092084e-02
   1.8090000e+01  -2.6416173e-01  -5.9881650e-02
   1.8100000e+01  -2.6443788e-01  -6.0651353e-02
   1.8110000e+01  -2.6466906e-01  -6.1411292e-02
   1.8120000e+01  -2.6481975e-01  -6.2165492e-02
   1.8130000e+01  -2.6485809e-01  -6.2911038e-02
   1.8140000e+01  -2.6478857e-01  -6.3651578e-02
   1.8150000e+01  -2.6462313e-01  -6.4395264e-02
   1.8160000e+01  -2.6438420e-01  -6.5148326e-02
   1.8170000e+01  -2.6411924e-01  -6.5914461e-02
   1.8180000e+01  -2.6383496e-01  -6.6693577e-02
   1.8190000e+01  -2.6353318e-01  -6.7487626e-02
   1.8200000e+01  -2.6324794e-01  -6.8290811e-02
   1.8210000e+01  -2.6294096e-01  -6.9095193e-02
   1.8220000e+01  -2.6257086e-01  -6.9910038e-02
   1.8230000e+01  -2.6221258e-01  -7.0740547e-02
   1.8240000e+01  -2.6189743e-01  -7.1575264e-02
   1.8250000e+01  -2.6158012e-01  -7.2408140e-02
   1.8260000e+01  -2.6123308e-01  -7.3244365e-02
   1.8270000e+01  -2.6083290e-01  -7.4092853e-02
   1.8280000e+01  -2.6039220e-01  -7.4959520e-02
   1.8290000e+01  -2.5988984e-01  -7.5850670e-02
   1.8300000e+01  -2.5926255e-01  -7.6778936e-02
   1.8310000e+01  -2.5852507e-01  -7.7736279e-02
   1.8320000e+01  -2.5772135e-01  -7.8685795e-02
   1.8330000e+01  -2.5687283e-01  -7.9608209e-02
   1.8340000e+01  -2.5597799e-01  -8.0512854e-02
   1.8350000e+01  -2.5500801e-01  -8.1404516e-02
   1.8360000e+01  -2.5402172e-01  -8.2276594e-02
   1.8370000e+01  -2.5310885e-01  -8.3124717e-02
   1.8380000e+01  -2.5224823e-01  -8.3939386e-02
   1.8390000e+01  -2.5145617e-01  -8.4705964e-02
   1.8400000e+01  -2.5078214e-01  -8.5439743e-02
   1.8410000e+01  -2.5016908e-01  -8.6174100e-02
   1.8420000e+01  -2.4955160e-01  -8.6916550e-02
   1.8430000e+01  -2.4890222e-01  -8.7661066e-02
   1.8440000e+01  -2.4823039e-01  -8.8412407e-02
   1.8450000e+01  -2.4760612e-01  -8.9171664e-02
   1.8460000e+01  -2.4703745e-01  -8.9935418e-02
   1.8470000e+01  -2.4645015e-01  -9.0709848e-02
   1.8480000e+01  -2.4578817e-01  -9.1489114e-02
   1.8490000e+01  -2.4506688e-01  -9.2248555e-02
   1.8500000e+01  -2.4436428e-01  -9.2980848e-02
   1.8510000e+01  -2.4375787e-01  -9.3709658e-02
   1.8520000e+01  -2.4330110e-01  -9.4455589e-02
   1.8530000e+01  -2.4294777e-01  -9.5217576e-02
   1.8540000e+01  -2.4255837e-01  -9.5999644e-02
   1.8550000e+01  -2.4205620e-01  -9.6812613e-02
   1.8560000e+01  -2.4144375e-01  -9.7657002e-02
   1.8570000e+01  -2.4073128e-01  -9.8538703e-02
   1.8580000e+01  -2.3996575e-01  -9.9462755e-02
   1.8590000e+01  -2.3920157e-01  -1.0041483e-01
   1.8600000e+01  -2.3841304e-01  -1.0137196e-01
   1.8610000e+01  -2.3756550e-01  -1.0231851e-01
   1.8620000e+01  -2.3668928e-01  -1.0325837e-01
   1.8630000e+01  -2.3580012e-01  -1.0419960e-01
   1.8640000e+01  -2.3486943e-01  -1.0513233e-01
   1.8650000e+01  -2.3390823e-01  -1.0604501e-01
   1.8660000e+01  -2.3294078e-01  -1.0693325e-01
   1.8670000e+01  -2.3197246e-01  -1.0779034e-01
   1.8680000e+01  -2.3106423e-01  -1.0861413e-01
   1.8690000e+01  -2.3025318e-01  -1.0941841e-01
   1.8700000e+01  -2.2949444e-01  -1.1022230e-01
   1.8710000e+01  -2.2873526e-01  -1.1103269e-01
   1.8720000e+01  -2.2790205e-01  -1.1185363e-01
   1.8730000e+01  -2.2697967e-01  -1.1268007e-01
   1.8740000e+01  -2.2600272e-01  -1.1348515e-01
   1.8750000e+01  -2.2497884e-01  -1.1424678e-01
   1.8760000e+01  -2.2400460e-01  -1.1497339e-01
   1.8770000e+01  -2.2316629e-01  -1.1568889e-01
   1.8780000e+01  -2.2241503e-01  -1.1640735e-01
   1.8790000e+01  -2.2167216e-01  -1.1713995e-01
   1.8800000e+01  -2.2090232e-01  -1.1788998e-01
   1.8810000e+01  -2.2013637e-01  -1.1863518e-01
   1.8820000e+01  -2.1940656e-01  -1.1935217e-01
   1.8830000e+01  -2.1869842e-01  -1.2003887e-01
   1.8840000e+01  -2.1799478e-01  -1.2070436e-01
   1.8850000e+01  -2.1725123e-01  -1.2136207e-01
   1.8860000e+01  -2.1642229e-01  -1.2202703e-01
   1.8870000e+01  -2.1555983e-01  -1.2269830e-01
   1.8880000e+01  -2.1473297e-01  -1.2336277e-01
   1.8890000e+01  -2.1391809e-01  -1.2402469e-01
   1.8900000e+01  -2.1307155e-01  -1.2469664e-01
   1.8910000e+01  -2.1220972e-01  -1.2537766e-01
   1.8920000e+01  -2.1138270e-01  -1.2606170e-01
   1.8930000e+01  -2.1061734e-01  -1.2675278e-01
   1.8940000e+01  -2.0989787e-01  -1.2746582e-01
   1.8950000e+01  -2.0918456e-01  -1.2820625e-01
   1.8960000e+01  -2.0842143e-01  -1.2896684e-01
   1.8970000e+01  -2.0754723e-01  -1.2973733e-01
   1.8980000e+01  -2.0654847e-01  -1.3049895e-01
   1.8990000e+01  -2.0548376e-01  -1.3123279e-01
   1.9000000e+01  -2.0441094e-01  -1.3193074e-01
   1.9010000e+01  -2.0331671e-01  -1.3258913e-01
   1.9020000e+01  -2.0216724e-01  -1.3319893e-01
   1.9030000e+01  -2.0098511e-01  -1.3375790e-01
   1.9040000e+01  -1.9983252e-01  -1.3427589e-01
   1.9050000e+01  -1.9877064e-01  -1.3476403e-01
   1.9060000e+01  -1.9782055e-01  -1.3524408e-01
   1.9070000e+01  -1.9697600e-01  -1.3575319e-01
   1.9080000e+01  -1.9626714e-01  -1.3632138e-01
   1.9090000e+01  -1.9571598e-01  -1.3695720e-01
   1.9100000e+01  -1.9527945e-01  -1.3764804e-01
   1.9110000e+01  -1.9488705e-01  -1.3836207e-01
   1.9120000e+01  -1.9451926e-01  -1.3907945e-01
   1.9130000e+01  -1.9413417e-01  -1.3979735e-01
   1.9140000e+01  -1.9362480e-01  -1.4051979e-01
   1.9150000e+01  -1.9300982e-01  -1.4125143e-01
   1.9160000e+01  -1.9239184e-01  -1.4196825e-01
   1.9170000e+01  -1.9179440e-01  -1.4264547e-01
   1.9180000e+01  -1.9117827e-01  -1.4328512e-01
   1.9190000e+01  -1.9051196e-01  -1.4389120e-01
   1.9200000e+01  -1.8983635e-01  -1.4445321e-01
   1.9210000e+01  -1.8920448e-01  -1.4496260e-01
   1.9220000e+01  -1.8863193e-01  -1.4544200e-01
   1.9230000e+01  -1.8808036e-01  -1.4591500e-01
   1.9240000e+01  -1.8746646e-01  -1.4638234e-01
   1.9250000e+01  -1.8678480e-01  -1.4684380e-01
   1.9260000e+01  -1.8606940e-01  -1.4729655e-01
   1.9270000e+01  -1.8528902e-01  -1.4774026e-01
   1.9280000e+01  -1.8441671e-01  -1.4817952e-01
   1.9290000e+01  -1.8349039e-01  -1.4861956e-01
   1.9300000e+01  -1.8254387e-01  -1.4906484e-01
   1.9310000e+01  -1.8158744e-01  -1.4951640e-01
   1.9320000e+01  -1.8066267e-01  -1.4997294e-01
   1.9330000e+01  -1.7980337e-01  -1.5041842e-01
   1.9340000e+01  -1.7900561e-01  -1.5083490e-01
   1.9350000e+01  -1.7824726e-01  -1.5120830e-01
   1.9360000e+01  -1.7749095e-01  -1.5152401e-01
   1.9370000e+01  -1.7670192e-01  -1.5178768e-01
   1.9380000e+01  -1.7586718e-01  -1.5201836e-01
   1.9390000e+01  -1.7503329e-01  -1.5223185e-01
   1.9400000e+01  -1.7426347e-01  -1.5243040e-01
   1.9410000e+01  -1.7355033e-01  -1.5261316e-01
   1.9420000e+01  -1.7285395e-01  -1.5279824e-01
   1.9430000e+01  -1.7215901e-01  -1.5300385e-01
   1.9440000e+01  -1.7146253e-01  -1.5323139e-01
   1.9450000e+01  -1.7077881e-01  -1.5348557e-01
   1.9460000e+01  -1.7014029e-01  -1.5377247e-01
   1.9470000e+01  -1.6956427e-01  -1.5408003e-01
   1.9480000e+01  -1.6902885e-01  -1.5439867e-01
   1.9490000e+01  -1.6848758e-01  -1.5472970e-01
   1.9500000e+01  -1.6796888e-01  -1.5506787e-01
   1.9510000e+01  -1.6752934e-01  -1.5539220e-01
   1.9520000e+01  -1.6712248e-01  -1.5568097e-01
   1.9530000e+01  -1.6667936e-01  -1.5593297e-01
   1.9540000e+01  -1.6620624e-01  -1.5615563e-01
   1.9550000e+01  -1.6573246e-01  -1.5635383e-01
   1.9560000e+01  -1.6527243e-01  -1.5653415e-01
   1.9570000e+01  -1.6485226e-01  -1.5670042e-01
   1.9580000e+01  -1.6443601e-01  -1.5683868e-01
   1.9590000e+01  -1.6396534e-01  -1.5692723e-01
   1.9600000e+01  -1.6347202e-01  -1.5697199e-01
   1.9610000e+01  -1.6298115e-01  -1.5699679e-01
   1.9620000e+01  -1.6247065e-01  -1.5701045e-01
   1.9630000e+01  -1.6196824e-01  -1.5700780e-01
   1.9640000e+01  -1.6156977e-01  -1.5697983e-01
   1.9650000e+01  -1.6129200e-01  -1.5692066e-01
   1.9660000e+01  -1.6106484e-01  -1.5682629e-01
   1.9670000e+01  -1.6087090e-01  -1.5669138e-01
   1.9680000e+01  -1.6066677e-01  -1.5652682e-01
   1.9690000e+01  -1.6038449e-01  -1.5636250e-01
   1.9700000e+01  -1.6007013e-01  -1.5620638e-01
   1.9710000e+01  -1.5976233e-01  -1.5604717e-01
   1.9720000e+01  -1.5940305e-01  -1.5589120e-01
   1.9730000e+01  -1.5898841e-01  -1.5574995e-01
   1.9740000e+01  -1.5853318e-01  -1.5562597e-01
   1.9750000e+01  -1.5795757e-01  -1.5552868e-01
   1.9760000e+01  -1.5724986e-01  -1.5546071e-01
   1.9770000e+01  -1.5650442e-01  -1.5539728e-01
   1.9780000e+01  -1.5575460e-01  -1.5531080e-01
   1.9790000e+01  -1.5498056e-01  -1.5519106e-01
   1.9800000e+01  -1.5417367e-01  -1.5503384e-01
   1.9810000e+01  -1.5336411e-01  -1.5482275e-01
   1.9820000e+01  -1.5262002e-01  -1.5454982e-01
   1.9830000e+01  -1.5197701e-01  -1.5422716e-01
   1.9840000e+01  -1.5140369e-01  -1.5386057e-01
   1.9850000e+01  -1.5081324e-01  -1.5346111e-01
   1.9860000e+01  -1.5012742e-01  -1.5305836e-01
   1.9870000e+01  -1.4937792e-01  -1.5267007e-01
   1.9880000e+01  -1.4869594e-01  -1.5228928e-01
   1.9890000e+01  -1.4818017e-01  -1.5190826e-01
   1.9900000e+01  -1.4781811e-01  -1.5152243e-01
   1.9910000e+01  -1.4754509e-01  -1.5112419e-01
   1.9920000e+01  -1.4732168e-01  -1.5072138e-01
   1.9930000e+01  -1.4715531e-01  -1.5031516e-01
   1.9940000e+01  -1.4706282e-01  -1.4987890e-01
   1.9950000e+01  -1.4702709e-01  -1.4939637e-01
   1.9960000e+01  -1.4701664e-01  -1.4887417e-01
   1.9970000e+01  -1.4703006e-01  -1.4832063e-01
   1.9980000e+01  -1.4709258e-01  -1.4774371e-01
   1.9990000e+01  -1.4720598e-01  -1.4714963e-01
   2.0000000e+01  -1.4733071e-01  -1.4653804e-01
   2.0010000e+01  -1.4742874e-01  -1.4591886e-01
   2.0020000e+01  -1.4749878e-01  -1.4531335e-01
   2.0030000e+01  -1.4755619e-01  -1.4474173e-01
   2.0040000e+01  -1.4762420e-01  -1.4422165e-01
   2.0050000e+01  -1.4771909e-01  -1.4375818e-01
   2.0060000e+01  -1.4784590e-01  -1.4333502e-01
   2.0070000e+01  -1.4802893e-01  -1.4292182e-01
   2.0080000e+01  -1.4828178e-01  -1.4249037e-01
   2.0090000e+01  -1.4857319e-01  -1.4203023e-01
   2.0100000e+01  -1.4883686e-01  -1.4155724e-01
   2.0110000e+01  -1.4899833e-01  -1.4109407e-01
   2.0120000e+01  -1.4905406e-01  -1.4064433e-01
   2.0130000e+01  -1.4904648e-01  -1.4019245e-01
   2.0140000e+01  -1.4899187e-01  -1.3972515e-01
   2.0150000e+01  -1.4893275e-01  -1.3924817e-01
   2.0160000e+01  -1.4888777e-01  -1.3877236e-01
   2.0170000e+01  -1.4883455e-01  -1.3830179e-01
   2.0180000e+01  -1.4878177e-01  -1.3784569e-01
   2.0190000e+01  -1.4874550e-01  -1.3741791e-01
   2.0200000e+01  -1.4875876e-01  -1.3702079e-01
   2.0210000e+01  -1.4886209e-01  -1.3663714e-01
   2.0220000e+01  -1.4901488e-01  -1.3625163e-01
   2.0230000e+01  -1.4914703e-01  -1.3586240e-01
   2.0240000e+01  -1.4927387e-01  -1.3546545e-01
   2.0250000e+01  -1.4944785e-01  -1.3505750e-01
   2.0260000e+01  -1.4971956e-01  -1.3463695e-01
   2.0270000e+01  -1.5010800e-01  -1.3421385e-01
   2.0280000e+01  -1.5056925e-01  -1.3379935e-01
   2.0290000e+01  -1.5105037e-01  -1.3339180e-01
   2.0300000e+01  -1.5154234e-01  -1.3299115e-01
   2.0310000e+01  -1.5209824e-01  -1.3258669e-01
   2.0320000e+01  -1.5276940e-01  -1.3216811e-01
   2.0330000e+01  -1.5353187e-01  -1.3173927e-01
   2.0340000e+01  -1.5430519e-01  -1.3130444e-01
   2.0350000e+01  -1.5503289e-01  -1.3086351e-01
   2.0360000e+01  -1.5572316e-01  -1.3041513e-01
   2.0370000e+01  -1.5640323e-01  -1.2996336e-01
   2.0380000e+01  -1.5704802e-01  -1.2951644e-01
   2.0390000e+01  -1.5762604e-01  -1.2909097e-01
   2.0400000e+01  -1.5814516e-01  -1.2870113e-01
   2.0410000e+01  -1.5859567e-01  -1.2834441e-01
   2.0420000e+01  -1.5899067e-01  -1.2801210e-01
   2.0430000e+01  -1.5932353e-01  -1.2768949e-01
   2.0440000e+01  -1.5953881e-01  -1.2734928e-01
   2.0450000e+01  -1.5966624e-01  -1.2696276e-01
   2.0460000e+01  -1.5981792e-01  -1.2651547e-01
   2.0470000e+01  -1.6004103e-01  -1.2600304e-01
   2.0480000e+01  -1.6031160e-01  -1.2543817e-01
   2.0490000e+01  -1.6065469e-01  -1.2484547e-01
   2.0500000e+01  -1.6107679e-01  -1.2423128e-01
   2.0510000e+01  -1.6150453e-01  -1.2359508e-01
   2.0520000e+01  -1.6190736e-01  -1.2295233e-01
   2.0530000e+01  -1.6234733e-01  -1.2233538e-01
   2.0540000e+01  -1.6281821e-01  -1.2176990e-01
   2.0550000e+01  -1.6319397e-01  -1.2126120e-01
   2.0560000e+01  -1.6345424e-01  -1.2080797e-01
   2.0570000e+01  -1.6369067e-01  -1.2040300e-01
   2.0580000e+01  -1.6392565e-01  -1.2003099e-01
   2.0590000e+01  -1.6416251e-01  -1.1966703e-01
   2.0600000e+01  -1.6443295e-01  -1.1929530e-01
   2.0610000e+01  -1.6475727e-01  -1.1892170e-01
   2.0620000e+01  -1.6515987e-01  -1.1854784e-01
   2.0630000e+01  -1.6563522e-01  -1.1817080e-01
   2.0640000e+01  -1.6613361e-01  -1.1778893e-01
   2.0650000e+01  -1.6660235e-01  -1.1740236e-01
   2.0660000e+01  -1.6703143e-01  -1.1701282e-01
   2.0670000e+01  -1.6746082e-01  -1.1661657e-01
   2.0680000e+01  -1.6789409e-01  -1.1621899e-01
   2.0690000e+01  -1.6826572e-01  -1.1583290e-01
   2.0700000e+01  -1.6853865e-01  -1.1547046e-01
   2.0710000e+01  -1.6877437e-01  -1.1513581e-01
   2.0720000e+01  -1.6905126e-01  -1.1482720e-01
   2.0730000e+01  -1.6936780e-01  -1.1455020e-01
   2.0740000e+01  -1.6968111e-01  -1.1430223e-01
   2.0750000e+01  -1.6997198e-01  -1.1406473e-01
   2.0760000e+01  -1.7022886e-01  -1.1382093e-01
   2.0770000e+01  -1.7043430e-01  -1.1357212e-01
   2.0780000e+01  -1.7057955e-01  -1.1331246e-01
   2.0790000e+01  -1.7067996e-01  -1.1301800e-01
   2.0800000e+01  -1.7075233e-01  -1.1268401e-01
   2.0810000e+01  -1.7078854e-01  -1.1231521e-01
   2.0820000e+01  -1.7076799e-01  -1.1190347e-01
   2.0830000e+01  -1.7067268e-01  -1.1145035e-01
   2.0840000e+01  -1.7050927e-01  -1.1098003e-01
   2.0850000e+01  -1.7025846e-01  -1.1050673e-01
   2.0860000e+01  -1.6988764e-01  -1.1002085e-01
   2.0870000e+01  -1.6942572e-01  -1.0953099e-01
   2.0880000e+01  -1.6892960e-01  -1.0906107e-01
   2.0890000e+01  -1.6843027e-01  -1.0861842e-01
   2.0900000e+01  -1.6791277e-01  -1.0820447e-01
   2.0910000e+01  -1.6735982e-01  -1.0781906e-01
   2.0920000e+01  -1.6677003e-01  -1.0745705e-01
   2.0930000e+01  -1.6614614e-01  -1.0711664e-01
   2.0940000e+01  -1.6552383e-01  -1.0680568e-01
   2.0950000e+01  -1.6492778e-01  -1.0654866e-01
   2.0960000e+01  -1.6432350e-01  -1.0636079e-01
   2.0970000e+01  -1.6369816e-01  -1.0622299e-01
   2.0980000e+01  -1.6308826e-01  -1.0610494e-01
   2.0990000e+01  -1.6247984e-01  -1.0598456e-01
   2.1000000e+01  -1.6183848e-01  -1.0585977e-01
   2.1010000e+01  -1.6119962e-01  -1.0573898e-01
   2.1020000e+01  -1.6061766e-01  -1.0562310e-01
   2.1030000e+01  -1.6009693e-01  -1.0551121e-01
   2.1040000e+01  -1.5960707e-01  -1.0540345e-01
   2.1050000e+01  -1.5914094e-01  -1.0529092e-01
   2.1060000e+01  -1.5874054e-01  -1.0515411e-01
   2.1070000e+01  -1.5842903e-01  -1.0499018e-01
   2.1080000e+01  -1.5817638e-01  -1.0480969e-01
   2.1090000e+01  -1.5798688e-01  -1.0460996e-01
   2.1100000e+01  -1.5790051e-01  -1.0438900e-01
   2.1110000e+01  -1.5790960e-01  -1.0415520e-01
   2.1120000e+01  -1.5797246e-01  -1.0391025e-01
   2.1130000e+01  -1.5805125e-01  -1.0365448e-01
   2.1140000e+01  -1.5811327e-01  -1.0339698e-01
   2.1150000e+01  -1.5810561e-01  -1.0315428e-01
   2.1160000e+01  -1.5795705e-01  -1.0293379e-01
   2.1170000e+01  -1.5765433e-01  -1.0272536e-01
   2.1180000e+01  -1.5723086e-01  -1.0253181e-01
   2.1190000e+01  -1.5670410e-01  -1.0235426e-01
   2.1200000e+01  -1.5612079e-01  -1.0218231e-01
   2.1210000e+01  -1.5555111e-01  -1.0202492e-01
   2.1220000e+01  -1.5498581e-01  -1.0189216e-01
   2.1230000e+01  -1.5433861e-01  -1.0177713e-01
   2.1240000e+01  -1.5352772e-01  -1.0166344e-01
   2.1250000e+01  -1.5253374e-01  -1.0153337e-01
   2.1260000e+01  -1.5140254e-01  -1.0137021e-01
   2.1270000e+01  -1.5021377e-01  -1.0116758e-01
   2.1280000e+01  -1.4901669e-01  -1.0092591e-01
   2.1290000e+01  -1.4782388e-01  -1.0063244e-01
   2.1300000e+01  -1.4665766e-01  -1.0030445e-01
   2.1310000e+01  -1.4551887e-01  -9.9983715e-02
   2.1320000e+01  -1.4439112e-01  -9.9677665e-02
   2.1330000e+01  -1.4325272e-01  -9.9385023e-02
   2.1340000e+01  -1.4210612e-01  -9.9113432e-02
   2.1350000e+01  -1.4101673e-01  -9.8857710e-02
   2.1360000e+01  -1.4001341e-01  -9.8608376e-02
   2.1370000e+01  -1.3902255e-01  -9.8360382e-02
   2.1380000e+01  -1.3797736e-01  -9.8111768e-02
   2.1390000e+01  -1.3689469e-01  -9.7856040e-02
   2.1400000e+01  -1.3581599e-01  -9.7573292e-02
   2.1410000e+01  -1.3475610e-01  -9.7243276e-02
   2.1420000e+01  -1.3367551e-01  -9.6856122e-02
   2.1430000e+01  -1.3252586e-01  -9.6417075e-02
   2.1440000e+01  -1.3135299e-01  -9.5941965e-02
   2.1450000e+01  -1.3024736e-01  -9.5448008e-02
   2.1460000e+01  -1.2925467e-01  -9.4951669e-02
   2.1470000e+01  -1.2834444e-01  -9.4458308e-02
   2.1480000e+01  -1.2744458e-01  -9.3958637e-02
   2.1490000e+01  -1.2653975e-01  -9.3458827e-02
   2.1500000e+01  -1.2564190e-01  -9.2992886e-02
   2.1510000e+01  -1.2472714e-01  -9.2570340e-02
   2.1520000e+01  -1.2375669e-01  -9.2171493e-02
   2.1530000e+01  -1.2272971e-01  -9.1785974e-02
   2.1540000e+01  -1.2167631e-01  -9.1396388e-02
   2.1550000e+01  -1.2058344e-01  -9.0977003e-02
   2.1560000e+01  -1.1943491e-01  -9.0514211e-02
   2.1570000e+01  -1.1826117e-01  -9.0017009e-02
   2.1580000e+01  -1.1706263e-01  -8.9505369e-02
   2.1590000e+01  -1.1583002e-01  -8.8977355e-02
   2.1600000e+01  -1.1461221e-01  -8.8428050e-02
   2.1610000e+01  -1.1342046e-01  -8.7873780e-02
   2.1620000e+01  -1.1221134e-01  -8.7326894e-02
   2.1630000e+01  -1.1097854e-01  -8.6782610e-02
   2.1640000e+01  -1.0973239e-01  -8.6232203e-02
   2.1650000e+01  -1.0846658e-01  -8.5667635e-02
   2.1660000e+01  -1.0717337e-01  -8.5078087e-02
   2.1670000e+01  -1.0584875e-01  -8.4458675e-02
   2.1680000e+01  -1.0450328e-01  -8.3819227e-02
   2.1690000e+01  -1.0318960e-01  -8.3173093e-02
   2.1700000e+01  -1.0197656e-01  -8.2529329e-02
   2.1710000e+01  -1.0085825e-01  -8.1892927e-02
   2.1720000e+01  -9.9790049e-02  -8.1259396e-02
   2.1730000e+01  -9.8774535e-02  -8.0631454e-02
   2.1740000e+01  -9.7829040e-02  -8.0022267e-02
   2.1750000e+01  -9.6947032e-02  -7.9425926e-02
   2.1760000e+01  -9.6094477e-02  -7.8807228e-02
   2.1770000e+01  -9.5266545e-02  -7.8131883e-02
   2.1780000e+01  -9.4513160e-02  -7.7401681e-02
   2.1790000e+01  -9.3860311e-02  -7.6623850e-02
   2.1800000e+01  -9.3253095e-02  -7.5803606e-02
   2.1810000e+01  -9.2566955e-02  -7.4974544e-02
   2.1820000e+01  -9.1734265e-02  -7.4160164e-02
   2.1830000e+01  -9.0804411e-02  -7.3361136e-02
   2.1840000e+01  -8.9813668e-02  -7.2586313e-02
   2.1850000e+01  -8.8763327e-02  -7.1838983e-02
   2.1860000e+01  -8.7657438e-02  -7.1101967e-02
   2.1870000e+01  -8.6518093e-02  -7.0365326e-02
   2.1880000e+01  -8.5372369e-02  -6.9635651e-02
   2.1890000e+01  -8.4227915e-02  -6.8894079e-02
   2.1900000e+01  -8.3145788e-02  -6.8099441e-02
   2.1910000e+01  -8.2172957e-02  -6.7239278e-02
   2.1920000e+01  -8.1263726e-02  -6.6317537e-02
   2.1930000e+01  -8.0377659e-02  -6.5324976e-02
   2.1940000e+01  -7.9489935e-02  -6.4254966e-02
   2.1950000e+01  -7.8579709e-02  -6.3132383e-02
   2.1960000e+01  -7.7673026e-02  -6.2000801e-02
   2.1970000e+01  -7.6774683e-02  -6.0875273e-02
   2.1980000e+01  -7.5845693e-02  -5.9753072e-02
   2.1990000e+01  -7.4902841e-02  -5.8636356e-02
   2.2000000e+01  -7.4016857e-02  -5.7523035e-02
   2.2010000e+01  -7.3191184e-02  -5.6405689e-02
   2.2020000e+01  -7.2372650e-02  -5.5285974e-02
   2.2030000e+01  -7.1553743e-02  -5.4194111e-02
   2.2040000e+01  -7.0760854e-02  -5.3149033e-02
   2.2050000e+01  -7.0017766e-02  -5.2120713e-02
   2.2060000e+01  -6.9313650e-02  -5.1061050e-02
   2.2070000e+01  -6.8608190e-02  -4.9943413e-02
   2.2080000e+01  -6.7881307e-02  -4.8786071e-02
   2.2090000e+01  -6.7151052e-02  -4.7621918e-02
   2.2100000e+01  -6.6468756e-02  -4.6451541e-02
   2.2110000e+01  -6.5868558e-02  -4.5267293e-02
   2.2120000e+01  -6.5335994e-02  -4.4082220e-02
   2.2130000e+01  -6.4847141e-02  -4.2901071e-02
   2.2140000e+01  -6.4401908e-02  -4.1721470e-02
   2.2150000e+01  -6.4012243e-02  -4.0564911e-02
   2.2160000e+01  -6.3689980e-02  -3.9457615e-02
   2.2170000e+01  -6.3438582e-02  -3.8407848e-02
   2.2180000e+01  -6.3254806e-02  -3.7413853e-02
   2.2190000e+01  -6.3162740e-02  -3.6462928e-02
   2.2200000e+01  -6.3198652e-02  -3.5524948e-02
   2.2210000e+01  -6.3332291e-02  -3.4575380e-02
   2.2220000e+01  -6.3471022e-02  -3.3612177e-02
   2.2230000e+01  -6.3567039e-02  -3.2634626e-02
   2.2240000e+01  -6.3651083e-02  -3.1629568e-02
   2.2250000e+01  -6.3768496e-02  -3.0587980e-02
   2.2260000e+01  -6.3920114e-02  -2.9513783e-02
   2.2270000e+01  -6.4096553e-02  -2.8405976e-02
   2.2280000e+01  -6.4292097e-02  -2.7265495e-02
   2.2290000e+01  -6.4442080e-02  -2.6108859e-02
   2.2300000e+01  -6.4517290e-02  -2.4951412e-02
   2.2310000e+01  -6.4564519e-02  -2.3786038e-02
   2.2320000e+01  -6.4557672e-02  -2.2579968e-02
   2.2330000e+01  -6.4472293e-02  -2.1321758e-02
   2.2340000e+01  -6.4381320e-02  -2.0041189e-02
   2.2350000e+01  -6.4304752e-02  -1.8765385e-02
   2.2360000e+01  -6.4189063e-02  -1.7510975e-02
   2.2370000e+01  -6.4008564e-02  -1.6284842e-02
   2.2380000e+01  -6.3783830e-02  -1.5081498e-02
   2.2390000e+01  -6.3539512e-02  -1.3894392e-02
   2.2400000e+01  -6.3266831e-02  -1.2721440e-02
   2.2410000e+01  -6.2937177e-02  -1.1558905e-02
   2.2420000e+01  -6.2523146e-02  -1.0397123e-02
   2.2430000e+01  -6.2034028e-02  -9.2398641e-03
   2.2440000e+01  -6.1507765e-02  -8.0924085e-03
   2.2450000e+01  -6.0944518e-02  -6.9534572e-03
   2.2460000e+01  -6.0345618e-02  -5.8314500e-03
   2.2470000e+01  -5.9759281e-02  -4.7396524e-03
   2.2480000e+01  -5.9225018e-02  -3.6790392e-03
   2.2490000e+01  -5.8750875e-02  -2.6384835e-03
   2.2500000e+01  -5.8339717e-02  -1.6112045e-03
   2.2510000e+01  -5.8005530e-02  -5.9435555e-04
   2.2520000e+01  -5.7765263e-02   4.2120745e-04
   2.2530000e+01  -5.7613791e-02   1.4524698e-03
   2.2540000e+01  -5.7530109e-02   2.5055421e-03
   2.2550000e+01  -5.7497937e-02   3.5687657e-03
   2.2560000e+01  -5.7493564e-02   4.6304719e-03
   2.2570000e+01  -5.7534023e-02   5.6866607e-03
   2.2580000e+01  -5.7670935e-02   6.7393145e-03
   2.2590000e+01  -5.7908399e-02   7.7874710e-03
   2.2600000e+01  -5.8223813e-02   8.8222059e-03
   2.2610000e+01  -5.8579958e-02   9.8308035e-03
   2.2620000e+01  -5.8934979e-02   1.0796117e-02
   2.2630000e+01  -5.9267757e-02   1.1709970e-02
   2.2640000e+01  -5.9555593e-02   1.2583314e-02
   2.2650000e+01  -5.9779440e-02   1.3424511e-02
   2.2660000e+01  -5.9939334e-02   1.4230298e-02
   2.2670000e+01  -6.0052796e-02   1.5006882e-02
   2.2680000e+01  -6.0146127e-02   1.5775353e-02
   2.2690000e+01  -6.0216339e-02   1.6547259e-02
   2.2700000e+01  -6.0215672e-02   1.7319067e-02
   2.2710000e+01  -6.0152288e-02   1.8086266e-02
   2.2720000e+01  -6.0094398e-02   1.8840081e-02
   2.2730000e+01  -6.0060734e-02   1.9575815e-02
   2.2740000e+01  -6.0064746e-02   2.0302184e-02
   2.2750000e+01  -6.0122065e-02   2.1027447e-02
   2.2760000e+01  -6.0217102e-02   2.1747031e-02
   2.2770000e+01  -6.0379213e-02   2.2442366e-02
   2.2780000e+01  -6.0633650e-02   2.3097078e-02
   2.2790000e+01  -6.0901012e-02   2.3706657e-02
   2.2800000e+01  -6.1065762e-02   2.4276363e-02
   2.2810000e+01  -6.1078639e-02   2.4821337e-02
   2.2820000e+01  -6.0982898e-02   2.5348933e-02
   2.2830000e+01  -6.0870367e-02   2.5849776e-02
   2.2840000e+01  -6.0798314e-02   2.6319744e-02
   2.2850000e+01  -6.0754250e-02   2.6776423e-02
   2.2860000e+01  -6.0698306e-02   2.7250461e-02
   2.2870000e+01  -6.0606755e-02   2.7758564e-02
   2.2880000e+01  -6.0503251e-02   2.8296475e-02
   2.2890000e+01  -6.0453319e-02   2.8862297e-02
   2.2900000e+01  -6.0488804e-02   2.9459821e-02
   2.2910000e+01  -6.0588145e-02   3.0073072e-02
   2.2920000e+01  -6.0715178e-02   3.0672637e-02
   2.2930000e+01  -6.0849146e-02   3.1244538e-02
   2.2940000e+01  -6.0991366e-02   3.1788308e-02
   2.2950000e+01  -6.1125808e-02   3.2294786e-02
   2.2960000e+01  -6.1247567e-02   3.2748634e-02
   2.2970000e+01  -6.1365455e-02   3.3165975e-02
   2.2980000e+01  -6.1472343e-02   3.3579372e-02
   2.2990000e+01  -6.1604249e-02   3.4001538e-02
   2.3000000e+01  -6.1790326e-02   3.4427011e-02
   2.3010000e+01  -6.1985701e-02   3.4840595e-02
   2.3020000e+01  -6.2131302e-02   3.5243885e-02
   2.3030000e+01  -6.2196021e-02   3.5650015e-02
   2.3040000e+01  -6.2154847e-02   3.6058420e-02
   2.3050000e+01  -6.1994671e-02   3.6467990e-02
   2.3060000e+01  -6.1751476e-02   3.6874442e-02
   2.3070000e+01  -6.1488621e-02   3.7270068e-02
   2.3080000e+01  -6.1221771e-02   3.7656285e-02
   2.3090000e+01  -6.0915585e-02   3.8033982e-02
   2.3100000e+01  -6.0586955e-02   3.8408890e-02
   2.3110000e+01  -6.0284189e-02   3.8785829e-02
   2.3120000e+01  -5.9976500e-02   3.9158322e-02
   2.3130000e+01  -5.9631470e-02   3.9516914e-02
   2.3140000e+01  -5.9262018e-02   3.9851732e-02
   2.3150000e+01  -5.8891481e-02   4.0159106e-02
   2.3160000e+01  -5.8596348e-02   4.0438891e-02
   2.3170000e+01  -5.8430037e-02   4.0698205e-02
   2.3180000e+01  -5.8384052e-02   4.0951655e-02
   2.3190000e+01  -5.8457332e-02   4.1210299e-02
   2.3200000e+01  -5.8608245e-02   4.1484346e-02
   2.3210000e+01  -5.8769537e-02   4.1780838e-02
   2.3220000e+01  -5.8917058e-02   4.2101947e-02
   2.3230000e+01  -5.9037436e-02   4.2441488e-02
   2.3240000e+01  -5.9118809e-02   4.2795260e-02
   2.3250000e+01  -5.9160997e-02   4.3163001e-02
   2.3260000e+01  -5.9186521e-02   4.3525074e-02
   2.3270000e+01  -5.9206825e-02   4.3853287e-02
   2.3280000e+01  -5.9200182e-02   4.4127874e-02
   2.3290000e+01  -5.9189854e-02   4.4331791e-02
   2.3300000e+01  -5.9219994e-02   4.4460595e-02
   2.3310000e+01  -5.9279311e-02   4.4527445e-02
   2.3320000e+01  -5.9354437e-02   4.4557027e-02
   2.3330000e+01  -5.9453148e-02   4.4575793e-02
   2.3340000e+01  -5.9562053e-02   4.4594795e-02
   2.3350000e+01  -5.9667576e-02   4.4619160e-02
   2.3360000e+01  -5.9759132e-02   4.4655873e-02
   2.3370000e+01  -5.9824412e-02   4.4706914e-02
   2.3380000e+01  -5.9868536e-02   4.4762862e-02
   2.3390000e+01  -5.9892546e-02   4.4814205e-02
   2.3400000e+01  -5.9891096e-02   4.4878015e-02
   2.3410000e+01  -5.9883999e-02   4.4974421e-02
   2.3420000e+01  -5.9900756e-02   4.5094658e-02
   2.3430000e+01  -5.9960381e-02   4.5201889e-02
   2.3440000e+01  -6.0073191e-02   4.5267678e-02
   2.3450000e+01  -6.0179791e-02   4.5314265e-02
   2.3460000e+01  -6.0212533e-02   4.5377113e-02
   2.3470000e+01  -6.0191545e-02   4.5461699e-02
   2.3480000e+01  -6.0128053e-02   4.5558901e-02
   2.3490000e+01  -6.0026389e-02   4.5663543e-02
   2.3500000e+01  -5.9905253e-02   4.5771943e-02
   2.3510000e+01  -5.9734154e-02   4.5881190e-02
   2.3520000e+01  -5.9506759e-02   4.5998364e-02
   2.3530000e+01  -5.9264195e-02   4.6140559e-02
   2.3540000e+01  -5.9010871e-02   4.6316932e-02
   2.3550000e+01  -5.8730072e-02   4.6515880e-02
   2.3560000e+01  -5.8421444e-02   4.6725799e-02
   2.3570000e+01  -5.8088875e-02   4.6939410e-02
   2.3580000e+01  -5.7747603e-02   4.7144191e-02
   2.3590000e+01  -5.7392401e-02   4.7331322e-02
   2.3600000e+01  -5.7017024e-02   4.7484267e-02
   2.3610000e+01  -5.6674070e-02   4.7573504e-02
   2.3620000e+01  -5.6383861e-02   4.7592338e-02
   2.3630000e+01  -5.6127279e-02   4.7562669e-02
   2.3640000e+01  -5.5934121e-02   4.7497320e-02
   2.3650000e+01  -5.5813257e-02   4.7397473e-02
   2.3660000e+01  -5.5738235e-02   4.7268592e-02
   2.3670000e+01  -5.5739549e-02   4.7117451e-02
   2.3680000e+01  -5.5842668e-02   4.6933443e-02
   2.3690000e+01  -5.6014199e-02   4.6706662e-02
   2.3700000e+01  -5.6249449e-02   4.6459630e-02
   2.3710000e+01  -5.6545476e-02   4.6217434e-02
   2.3720000e+01  -5.6857315e-02   4.5995462e-02
   2.3730000e+01  -5.7160430e-02   4.5802435e-02
   2.3740000e+01  -5.7463880e-02   4.5624891e-02
   2.3750000e+01  -5.7803646e-02   4.5444278e-02
   2.3760000e+01  -5.8199827e-02   4.5257941e-02
   2.3770000e+01  -5.8655550e-02   4.5065668e-02
   2.3780000e+01  -5.9177002e-02   4.4855039e-02
   2.3790000e+01  -5.9711018e-02   4.4616030e-02
   2.3800000e+01  -6.0204228e-02   4.4348966e-02
   2.3810000e+01  -6.0652358e-02   4.4052944e-02
   2.3820000e+01  -6.1056228e-02   4.3728208e-02
   2.3830000e+01  -6.1418995e-02   4.3388762e-02
   2.3840000e+01  -6.1727824e-02   4.3052343e-02
   2.3850000e+01  -6.1976953e-02   4.2716536e-02
   2.3860000e+01  -6.2184685e-02   4.2374769e-02
   2.3870000e+01  -6.2376145e-02   4.2037804e-02
   2.3880000e+01  -6.2564185e-02   4.1714912e-02
   2.3890000e+01  -6.2729119e-02   4.1403423e-02
   2.3900000e+01  -6.2858027e-02   4.1094436e-02
   2.3910000e+01  -6.2962044e-02   4.0776830e-02
   2.3920000e+01  -6.3047981e-02   4.0446862e-02
   2.3930000e+01  -6.3103382e-02   4.0110504e-02
   2.3940000e+01  -6.3107495e-02   3.9770823e-02
   2.3950000e+01  -6.3058846e-02   3.9425760e-02
   2.3960000e+01  -6.2993307e-02   3.9067088e-02
   2.3970000e+01  -6.2933348e-02   3.8687712e-02
   2.3980000e+01  -6.2887752e-02   3.8302640e-02
   2.3990000e+01  -6.2902547e-02   3.7941893e-02
   2.4000000e+01  -6.2995419e-02   3.7622497e-02
   2.4010000e+01  -6.3149986e-02   3.7335378e-02
   2.4020000e+01  -6.3346577e-02   3.7075035e-02
   2.4030000e+01  -6.3568230e-02   3.6842638e-02
   2.4040000e+01  -6.3832008e-02   3.6610240e-02
   2.4050000e+01  -6.4141439e-02   3.6354450e-02
   2.4060000e+01  -6.4473901e-02   3.6088222e-02
   2.4070000e+01  -6.4820265e-02   3.5826633e-02
   2.4080000e+01  -6.5161975e-02   3.5566839e-02
   2.4090000e+01  -6.5438531e-02   3.5302890e-02
   2.4100000e+01  -6.5630174e-02   3.5033286e-02
   2.4110000e+01  -6.5794867e-02   3.4750712e-02
   2.4120000e+01  -6.5931424e-02   3.4451753e-02
   2.4130000e+01  -6.5991246e-02   3.4148530e-02
   2.4140000e+01  -6.6013463e-02   3.3856309e-02
   2.4150000e+01  -6.6102289e-02   3.3579524e-02
   2.4160000e+01  -6.6330830e-02   3.3319617e-02
   2.4170000e+01  -6.6676984e-02   3.3078359e-02
   2.4180000e+01  -6.7045343e-02   3.2843901e-02
   2.4190000e+01  -6.7373520e-02   3.2608858e-02
   2.4200000e+01  -6.7662219e-02   3.2375881e-02
   2.4210000e+01  -6.7936986e-02   3.2137193e-02
   2.4220000e+01  -6.8211516e-02   3.1884031e-02
   2.4230000e+01  -6.8463744e-02   3.1611482e-02
   2.4240000e+01  -6.8669148e-02   3.1312002e-02
   2.4250000e+01  -6.8831353e-02   3.0970055e-02
   2.4260000e+01  -6.8975505e-02   3.0568721e-02
   2.4270000e+01  -6.9133199e-02   3.0110956e-02
   2.4280000e+01  -6.9315537e-02   2.9618004e-02
   2.4290000e+01  -6.9499604e-02   2.9112372e-02
   2.4300000e+01  -6.9667698e-02   2.8612713e-02
   2.4310000e+01  -6.9840757e-02   2.8134042e-02
   2.4320000e+01  -7.0051708e-02   2.7689927e-02
   2.4330000e+01  -7.0291245e-02   2.7290953e-02
   2.4340000e+01  -7.0514376e-02   2.6931513e-02
   2.4350000e+01  -7.0722604e-02   2.6594258e-02
   2.4360000e+01  -7.0967566e-02   2.6274593e-02
   2.4370000e+01  -7.1274317e-02   2.5972845e-02
   2.4380000e+01  -7.1642903e-02   2.5673187e-02
   2.4390000e+01  -7.2091107e-02   2.5365632e-02
   2.4400000e+01  -7.2616998e-02   2.5056126e-02
   2.4410000e+01  -7.3171227e-02   2.4742886e-02
   2.4420000e+01  -7.3698026e-02   2.4417358e-02
   2.4430000e+01  -7.4180885e-02   2.4084911e-02
   2.4440000e+01  -7.4646104e-02   2.3757968e-02
   2.4450000e+01  -7.5111711e-02   2.3438132e-02
   2.4460000e+01  -7.5568431e-02   2.3124661e-02
   2.4470000e+01  -7.6020070e-02   2.2819112e-02
   2.4480000e+01  -7.6474388e-02   2.2515450e-02
   2.4490000e+01  -7.6930727e-02   2.2202028e-02
   2.4500000e+01  -7.7370256e-02   2.1877780e-02
   2.4510000e+01  -7.7719924e-02   2.1552588e-02
   2.4520000e+01  -7.7952943e-02   2.1228047e-02
   2.4530000e+01  -7.8119543e-02   2.0897599e-02
   2.4540000e+01  -7.8254693e-02   2.0555430e-02
   2.4550000e+01  -7.8383218e-02   2.0197008e-02
   2.4560000e+01  -7.8524345e-02   1.9830153e-02
   2.4570000e+01  -7.8695148e-02   1.9468829e-02
   2.4580000e+01  -7.8912190e-02   1.9107311e-02
   2.4590000e+01  -7.9169102e-02   1.8733107e-02
   2.4600000e+01  -7.9447641e-02   1.8345513e-02
   2.4610000e+01  -7.9741177e-02   1.7944746e-02
   2.4620000e+01  -8.0061864e-02   1.7542015e-02
   2.4630000e+01  -8.0401829e-02   1.7163014e-02
   2.4640000e+01  -8.0716197e-02   1.6821112e-02
   2.4650000e+01  -8.0975561e-02   1.6514998e-02
   2.4660000e+01  -8.1191227e-02   1.6251859e-02
   2.4670000e+01  -8.1395876e-02   1.6046647e-02
   2.4680000e+01  -8.1613199e-02   1.5892695e-02
   2.4690000e+01  -8.1834317e-02   1.5761386e-02
   2.4700000e+01  -8.2057257e-02   1.5628499e-02
   2.4710000e+01  -8.2303755e-02   1.5486277e-02
   2.4720000e+01  -8.2575750e-02   1.5329416e-02
   2.4730000e+01  -8.2877900e-02   1.5149345e-02
   2.4740000e+01  -8.3222481e-02   1.4948334e-02
   2.4750000e+01  -8.3610550e-02   1.4735221e-02
   2.4760000e+01  -8.4045447e-02   1.4509073e-02
   2.4770000e+01  -8.4508560e-02   1.4255313e-02
   2.4780000e+01  -8.4983165e-02   1.3968788e-02
   2.4790000e+01  -8.5479085e-02   1.3669333e-02
   2.4800000e+01  -8.6009473e-02   1.3387627e-02
   2.4810000e+01  -8.6572535e-02   1.3132735e-02
   2.4820000e+01  -8.7155216e-02   1.2883270e-02
   2.4830000e+01  -8.7765354e-02   1.2622207e-02
   2.4840000e+01  -8.8415007e-02   1.2348634e-02
   2.4850000e+01  -8.9086549e-02   1.2069890e-02
   2.4860000e+01  -8.9760927e-02   1.1792146e-02
   2.4870000e+01  -9.0441358e-02   1.1514842e-02
   2.4880000e+01  -9.1126561e-02   1.1239604e-02
   2.4890000e+01  -9.1832647e-02   1.0957116e-02
   2.4900000e+01  -9.2585005e-02   1.0653979e-02
   2.4910000e+01  -9.3361237e-02   1.0333340e-02
   2.4920000e+01  -9.4133789e-02   1.0004163e-02
   2.4930000e+01  -9.4904699e-02   9.6788056e-03
   2.4940000e+01  -9.5679727e-02   9.3688047e-03
   2.4950000e+01  -9.6451987e-02   9.0716771e-03
   2.4960000e+01  -9.7199657e-02   8.7897574e-03
   2.4970000e+01  -9.7926422e-02   8.5391298e-03
   2.4980000e+01  -9.8632334e-02   8.3245754e-03
   2.4990000e+01  -9.9260596e-02   8.1344562e-03
   2.5000000e+01  -9.9775349e-02   7.9533551e-03
   2.5010000e+01  -1.0019412e-01   7.7715237e-03
   2.5020000e+01  -1.0054120e-01   7.5832624e-03
   2.5030000e+01  -1.0083784e-01   7.3874466e-03
   2.5040000e+01  -1.0110697e-01   7.1966684e-03
   2.5050000e+01  -1.0135490e-01   7.0324034e-03
   2.5060000e+01  -1.0157361e-01   6.9003456e-03
   2.5070000e+01  -1.0178622e-01   6.7845532e-03
   2.5080000e+01  -1.0202701e-01   6.6727483e-03
   2.5090000e+01  -1.0227751e-01   6.5620050e-03
   2.5100000e+01  -1.0247548e-01   6.4507206e-03
   2.5110000e+01  -1.0260246e-01   6.3364299e-03
   2.5120000e+01  -1.0270379e-01   6.2196374e-03
   2.5130000e+01  -1.0281418e-01   6.1037059e-03
   2.5140000e+01  -1.0295458e-01   5.9866721e-03
   2.5150000e+01  -1.0314001e-01   5.8721849e-03
   2.5160000e+01  -1.0335786e-01   5.7700490e-03
   2.5170000e+01  -1.0359841e-01   5.6817603e-03
   2.5180000e+01  -1.0387001e-01   5.6112430e-03
   2.5190000e+01  -1.0418678e-01   5.5602296e-03
   2.5200000e+01  -1.0453612e-01   5.5121442e-03
   2.5210000e+01  -1.0489555e-01   5.4528972e-03
   2.5220000e+01  -1.0528195e-01   5.3798118e-03
   2.5230000e+01  -1.0570373e-01   5.2871449e-03
   2.5240000e+01  -1.0615221e-01   5.1724659e-03
   2.5250000e+01  -1.0663041e-01   5.0401450e-03
   2.5260000e+01  -1.0712888e-01   4.8909061e-03
   2.5270000e+01  -1.0763693e-01   4.7260104e-03
   2.5280000e+01  -1.0816452e-01   4.5586960e-03
   2.5290000e+01  -1.0871746e-01   4.4075961e-03
   2.5300000e+01  -1.0929386e-01   4.2758723e-03
   2.5310000e+01  -1.0988302e-01   4.1550352e-03
   2.5320000e+01  -1.1044538e-01   4.0431500e-03
   2.5330000e+01  -1.1095043e-01   3.9431736e-03
   2.5340000e+01  -1.1139255e-01   3.8514436e-03
   2.5350000e+01  -1.1177651e-01   3.7562197e-03
   2.5360000e+01  -1.1211436e-01   3.6379058e-03
   2.5370000e+01  -1.1242495e-01   3.4724702e-03
   2.5380000e+01  -1.1271733e-01   3.2569783e-03
   2.5390000e+01  -1.1295055e-01   3.0061627e-03
   2.5400000e+01  -1.1310292e-01   2.7344081e-03
   2.5410000e+01  -1.1322671e-01   2.4622212e-03
   2.5420000e+01  -1.1337067e-01   2.1937208e-03
   2.5430000e+01  -1.1355496e-01   1.9131821e-03
   2.5440000e+01  -1.1379344e-01   1.6204455e-03
   2.5450000e+01  -1.1407342e-01   1.3348273e-03
   2.5460000e+01  -1.1436986e-01   1.0636222e-03
   2.5470000e+01  -1.1468098e-01   7.9484716e-04
   2.5480000e+01  -1.1500281e-01   5.2709772e-04
   2.5490000e+01  -1.1531504e-01   2.6278889e-04
   2.5500000e+01  -1.1557958e-01  -7.7892543e-06
   2.5510000e+01  -1.1577297e-01  -2.9284715e-04
   2.5520000e+01  -1.1593823e-01  -5.9402012e-04
   2.5530000e+01  -1.1612004e-01  -9.1365921e-04
   2.5540000e+01  -1.1631564e-01  -1.2498255e-03
   2.5550000e+01  -1.1652219e-01  -1.5911858e-03
   2.5560000e+01  -1.1673890e-01  -1.9341081e-03
   2.5570000e+01  -1.1694236e-01  -2.2815329e-03
   2.5580000e+01  -1.1712576e-01  -2.6246687e-03
   2.5590000e+01  -1.1730339e-01  -2.9482848e-03
   2.5600000e+01  -1.1747469e-01  -3.2504327e-03
   2.5610000e+01  -1.1765202e-01  -3.5329031e-03
   2.5620000e+01  -1.1784203e-01  -3.7822311e-03
   2.5630000e+01  -1.1803318e-01  -3.9853013e-03
   2.5640000e+01  -1.1822920e-01  -4.1457136e-03
   2.5650000e+01  -1.1842711e-01  -4.2794593e-03
   2.5660000e+01  -1.1861630e-01  -4.4048177e-03
   2.5670000e+01  -1.1878644e-01  -4.5390883e-03
   2.5680000e+01  -1.1893423e-01  -4.6968552e-03
   2.5690000e+01  -1.1907896e-01  -4.8831734e-03
   2.5700000e+01  -1.1923563e-01  -5.0976905e-03
   2.5710000e+01  -1.1937800e-01  -5.3435925e-03
   2.5720000e+01  -1.1946545e-01  -5.6190826e-03
   2.5730000e+01  -1.1949221e-01  -5.9173758e-03
   2.5740000e+01  -1.1945249e-01  -6.2333644e-03
   2.5750000e+01  -1.1934092e-01  -6.5602265e-03
   2.5760000e+01  -1.1921018e-01  -6.8878074e-03
   2.5770000e+01  -1.1911894e-01  -7.2077963e-03
   2.5780000e+01  -1.1906605e-01  -7.5247049e-03
   2.5790000e+01  -1.1901339e-01  -7.8423708e-03
   2.5800000e+01  -1.1893680e-01  -8.1568027e-03
   2.5810000e+01  -1.1884671e-01  -8.4692970e-03
   2.5820000e+01  -1.1874933e-01  -8.7756007e-03
   2.5830000e+01  -1.1864857e-01  -9.0699340e-03
   2.5840000e+01  -1.1856445e-01  -9.3608896e-03
   2.5850000e+01  -1.1851836e-01  -9.6580798e-03
   2.5860000e+01  -1.1855225e-01  -9.9560261e-03
   2.5870000e+01  -1.1868535e-01  -1.0249816e-02
   2.5880000e+01  -1.1887689e-01  -1.0547592e-02
   2.5890000e+01  -1.1906974e-01  -1.0849191e-02
   2.5900000e+01  -1.1922768e-01  -1.1149749e-02
   2.5910000e+01  -1.1934792e-01  -1.1458416e-02
   2.5920000e+01  -1.1943470e-01  -1.1783292e-02
   2.5930000e+01  -1.1949174e-01  -1.2116178e-02
   2.5940000e+01  -1.1952827e-01  -1.2451022e-02
   2.5950000e+01  -1.1955041e-01  -1.2789888e-02
   2.5960000e+01  -1.1956246e-01  -1.3128047e-02
   2.5970000e+01  -1.1955153e-01  -1.3465222e-02
   2.5980000e+01  -1.1951529e-01  -1.3808954e-02
   2.5990000e+01  -1.1949752e-01  -1.4164966e-02
   2.6000000e+01  -1.1952748e-01  -1.4537841e-02
   2.6010000e+01  -1.1958477e-01  -1.4930668e-02
   2.6020000e+01  -1.1964797e-01  -1.5345827e-02
   2.6030000e+01  -1.1971686e-01  -1.5787786e-02
   2.6040000e+01  -1.1976976e-01  -1.6265954e-02
   2.6050000e+01  -1.1978208e-01  -1.6783981e-02
   2.6060000e+01  -1.1977360e-01  -1.7324067e-02
   2.6070000e+01  -1.1975657e-01  -1.7861012e-02
   2.6080000e+01  -1.1971310e-01  -1.8390434e-02
   2.6090000e+01  -1.1962717e-01  -1.8917677e-02
   2.6100000e+01  -1.1948415e-01  -1.9436089e-02
   2.6110000e+01  -1.1928398e-01  -1.9938624e-02
   2.6120000e+01  -1.1905497e-01  -2.0428593e-02
   2.6130000e+01  -1.1880865e-01  -2.0904022e-02
   2.6140000e+01  -1.1852456e-01  -2.1353376e-02
   2.6150000e+01  -1.1819176e-01  -2.1778770e-02
   2.6160000e+01  -1.1781846e-01  -2.2197449e-02
   2.6170000e+01  -1.1741769e-01  -2.2618926e-02
   2.6180000e+01  -1.1699805e-01  -2.3038035e-02
   2.6190000e+01  -1.1656584e-01  -2.3450226e-02
   2.6200000e+01  -1.1613726e-01  -2.3854079e-02
   2.6210000e+01  -1.1573432e-01  -2.4248578e-02
   2.6220000e+01  -1.1535879e-01  -2.4647166e-02
   2.6230000e+01  -1.1499892e-01  -2.5060564e-02
   2.6240000e+01  -1.1462634e-01  -2.5480740e-02
   2.6250000e+01  -1.1421619e-01  -2.5898606e-02
   2.6260000e+01  -1.1380629e-01  -2.6308534e-02
   2.6270000e+01  -1.1342990e-01  -2.6705533e-02
   2.6280000e+01  -1.1306220e-01  -2.7088635e-02
   2.6290000e+01  -1.1268306e-01  -2.7463262e-02
   2.6300000e+01  -1.1229901e-01  -2.7836130e-02
   2.6310000e+01  -1.1194054e-01  -2.8204533e-02
   2.6320000e+01  -1.1163374e-01  -2.8565188e-02
   2.6330000e+01  -1.1137338e-01  -2.8927636e-02
   2.6340000e+01  -1.1117520e-01  -2.9303769e-02
   2.6350000e+01  -1.1105784e-01  -2.9699936e-02
   2.6360000e+01  -1.1098980e-01  -3.0107951e-02
   2.6370000e+01  -1.1093679e-01  -3.0510278e-02
   2.6380000e+01  -1.1088319e-01  -3.0901745e-02
   2.6390000e+01  -1.1080992e-01  -3.1286159e-02
   2.6400000e+01  -1.1073028e-01  -3.1669681e-02
   2.6410000e+01  -1.1069016e-01  -3.2059506e-02
   2.6420000e+01  -1.1068962e-01  -3.2462313e-02
   2.6430000e+01  -1.1069018e-01  -3.2879610e-02
   2.6440000e+01  -1.1068356e-01  -3.3304870e-02
   2.6450000e+01  -1.1068006e-01  -3.3737984e-02
   2.6460000e+01  -1.1067372e-01  -3.4185799e-02
   2.6470000e+01  -1.1065377e-01  -3.4646178e-02
   2.6480000e+01  -1.1062529e-01  -3.5106476e-02
   2.6490000e+01  -1.1059236e-01  -3.5558856e-02
   2.6500000e+01  -1.1053108e-01  -3.6000584e-02
   2.6510000e+01  -1.1042290e-01  -3.6428363e-02
   2.6520000e+01  -1.1027533e-01  -3.6849940e-02
   2.6530000e+01  -1.1009827e-01  -3.7270588e-02
   2.6540000e+01  -1.0990384e-01  -3.7679277e-02
   2.6550000e+01  -1.0970578e-01  -3.8069364e-02
   2.6560000e+01  -1.0950863e-01  -3.8443613e-02
   2.6570000e+01  -1.0929952e-01  -3.8800764e-02
   2.6580000e+01  -1.0905777e-01  -3.9140282e-02
   2.6590000e+01  -1.0878115e-01  -3.9469892e-02
   2.6600000e+01  -1.0848785e-01  -3.9791717e-02
   2.6610000e+01  -1.0819516e-01  -4.0101566e-02
   2.6620000e+01  -1.0789873e-01  -4.0405598e-02
   2.6630000e+01  -1.0758064e-01  -4.0711118e-02
   2.6640000e+01  -1.0725208e-01  -4.1012312e-02
   2.6650000e+01  -1.0692749e-01  -4.1299189e-02
   2.6660000e+01  -1.0659913e-01  -4.1573305e-02
   2.6670000e+01  -1.0629373e-01  -4.1848262e-02
   2.6680000e+01  -1.0604657e-01  -4.2132778e-02
   2.6690000e+01  -1.0586465e-01  -4.2427934e-02
   2.6700000e+01  -1.0574331e-01  -4.2735574e-02
   2.6710000e+01  -1.0566462e-01  -4.3053914e-02
   2.6720000e+01  -1.0562119e-01  -4.3374045e-02
   2.6730000e+01  -1.0561759e-01  -4.3676292e-02
   2.6740000e+01  -1.0565618e-01  -4.3941479e-02
   2.6750000e+01  -1.0572424e-01  -4.4165591e-02
   2.6760000e+01  -1.0577793e-01  -4.4352337e-02
   2.6770000e+01  -1.0577404e-01  -4.4510901e-02
   2.6780000e+01  -1.0570344e-01  -4.4654748e-02
   2.6790000e+01  -1.0558830e-01  -4.4780756e-02
   2.6800000e+01  -1.0545835e-01  -4.4868718e-02
   2.6810000e+01  -1.0532994e-01  -4.4922804e-02
   2.6820000e+01  -1.0519523e-01  -4.4975076e-02
   2.6830000e+01  -1.0504521e-01  -4.5039983e-02
   2.6840000e+01  -1.0490748e-01  -4.5108389e-02
   2.6850000e+01  -1.0481688e-01  -4.5172455e-02
   2.6860000e+01  -1.0475662e-01  -4.5233137e-02
   2.6870000e+01  -1.0467419e-01  -4.5293647e-02
   2.6880000e+01  -1.0455160e-01  -4.5351219e-02
   2.6890000e+01  -1.0441466e-01  -4.5409572e-02
   2.6900000e+01  -1.0427955e-01  -4.5477866e-02
   2.6910000e+01  -1.0414217e-01  -4.5548464e-02
   2.6920000e+01  -1.0400220e-01  -4.5606600e-02
   2.6930000e+01  -1.0386568e-01  -4.5650592e-02
   2.6940000e+01  -1.0374119e-01  -4.5686759e-02
   2.6950000e+01  -1.0362890e-01  -4.5718191e-02
   2.6960000e+01  -1.0351629e-01  -4.5745862e-02
   2.6970000e+01  -1.0339691e-01  -4.5773005e-02
   2.6980000e+01  -1.0327316e-01  -4.5803891e-02
   2.6990000e+01  -1.0315723e-01  -4.5844182e-02
   2.7000000e+01  -1.0306313e-01  -4.5906618e-02
   2.7010000e+01  -1.0299592e-01  -4.5997971e-02
   2.7020000e+01  -1.0296066e-01  -4.6107953e-02
   2.7030000e+01  -1.0294955e-01  -4.6225511e-02
   2.7040000e+01  -1.0294228e-01  -4.6342454e-02
   2.7050000e+01  -1.0292683e-01  -4.6448620e-02
   2.7060000e+01  -1.0291358e-01  -4.6537228e-02
   2.7070000e+01  -1.0292662e-01  -4.6604185e-02
   2.7080000e+01  -1.0297742e-01  -4.6641711e-02
   2.7090000e+01  -1.0306650e-01  -4.6647884e-02
   2.7100000e+01  -1.0319232e-01  -4.6629561e-02
   2.7110000e+01  -1.0332908e-01  -4.6589338e-02
   2.7120000e+01  -1.0343258e-01  -4.6531739e-02
   2.7130000e+01  -1.0350079e-01  -4.6470041e-02
   2.7140000e+01  -1.0358514e-01  -4.6415776e-02
   2.7150000e+01  -1.0371201e-01  -4.6369668e-02
   2.7160000e+01  -1.0384942e-01  -4.6332356e-02
   2.7170000e+01  -1.0396337e-01  -4.6308409e-02
   2.7180000e+01  -1.0403432e-01  -4.6296839e-02
   2.7190000e+01  -1.0405403e-01  -4.6299836e-02
   2.7200000e+01  -1.0402776e-01  -4.6322309e-02
   2.7210000e+01  -1.0393967e-01  -4.6355545e-02
   2.7220000e+01  -1.0378444e-01  -4.6386678e-02
   2.7230000e+01  -1.0360416e-01  -4.6414317e-02
   2.7240000e+01  -1.0343447e-01  -4.6440927e-02
   2.7250000e+01  -1.0329697e-01  -4.6468427e-02
   2.7260000e+01  -1.0320508e-01  -4.6498764e-02
   2.7270000e+01  -1.0313708e-01  -4.6526803e-02
   2.7280000e+01  -1.0307933e-01  -4.6540919e-02
   2.7290000e+01  -1.0303855e-01  -4.6535758e-02
   2.7300000e+01  -1.0301347e-01  -4.6515387e-02
   2.7310000e+01  -1.0301184e-01  -4.6480502e-02
   2.7320000e+01  -1.0304358e-01  -4.6429130e-02
   2.7330000e+01  -1.0310419e-01  -4.6359529e-02
   2.7340000e+01  -1.0315993e-01  -4.6268023e-02
   2.7350000e+01  -1.0317694e-01  -4.6156447e-02
   2.7360000e+01  -1.0316790e-01  -4.6026730e-02
   2.7370000e+01  -1.0316005e-01  -4.5876748e-02
   2.7380000e+01  -1.0317087e-01  -4.5707944e-02
   2.7390000e+01  -1.0320954e-01  -4.5522075e-02
   2.7400000e+01  -1.0327258e-01  -4.5316731e-02
   2.7410000e+01  -1.0334600e-01  -4.5086735e-02
   2.7420000e+01  -1.0342569e-01  -4.4833825e-02
   2.7430000e+01  -1.0352623e-01  -4.4573737e-02
   2.7440000e+01  -1.0366291e-01  -4.4317797e-02
   2.7450000e+01  -1.0384854e-01  -4.4062881e-02
   2.7460000e+01  -1.0408245e-01  -4.3805371e-02
   2.7470000e+01  -1.0434684e-01  -4.3550297e-02
   2.7480000e+01  -1.0462629e-01  -4.3302867e-02
   2.7490000e+01  -1.0492295e-01  -4.3061132e-02
   2.7500000e+01  -1.0524566e-01  -4.2823850e-02
   2.7510000e+01  -1.0559312e-01  -4.2589657e-02
   2.7520000e+01  -1.0595267e-01  -4.2351351e-02
   2.7530000e+01  -1.0631295e-01  -4.2101916e-02
   2.7540000e+01  -1.0667992e-01  -4.1848561e-02
   2.7550000e+01  -1.0705206e-01  -4.1607413e-02
   2.7560000e+01  -1.0741100e-01  -4.1381325e-02
   2.7570000e+01  -1.0775176e-01  -4.1165754e-02
   2.7580000e+01  -1.0807953e-01  -4.0957864e-02
   2.7590000e+01  -1.0840730e-01  -4.0753250e-02
   2.7600000e+01  -1.0875032e-01  -4.0553415e-02
   2.7610000e+01  -1.0908572e-01  -4.0363699e-02
   2.7620000e+01  -1.0937746e-01  -4.0181649e-02
   2.7630000e+01  -1.0962510e-01  -4.0002943e-02
   2.7640000e+01  -1.0983590e-01  -3.9833624e-02
   2.7650000e+01  -1.1000741e-01  -3.9678538e-02
   2.7660000e+01  -1.1013557e-01  -3.9529862e-02
   2.7670000e+01  -1.1021221e-01  -3.9379917e-02
   2.7680000e+01  -1.1024033e-01  -3.9232413e-02
   2.7690000e+01  -1.1022699e-01  -3.9087937e-02
   2.7700000e+01  -1.1017207e-01  -3.8936485e-02
   2.7710000e+01  -1.1008369e-01  -3.8770709e-02
   2.7720000e+01  -1.0997440e-01  -3.8587870e-02
   2.7730000e+01  -1.0986686e-01  -3.8395376e-02
   2.7740000e+01  -1.0978557e-01  -3.8202748e-02
   2.7750000e+01  -1.0972240e-01  -3.8007129e-02
   2.7760000e+01  -1.0965651e-01  -3.7801397e-02
   2.7770000e+01  -1.0958137e-01  -3.7580174e-02
   2.7780000e+01  -1.0950336e-01  -3.7345015e-02
   2.7790000e+01  -1.0943167e-01  -3.7104938e-02
   2.7800000e+01  -1.0936821e-01  -3.6867278e-02
   2.7810000e+01  -1.0931415e-01  -3.6631473e-02
   2.7820000e+01  -1.0927645e-01  -3.6393166e-02
   2.7830000e+01  -1.0926682e-01  -3.6147957e-02
   2.7840000e+01  -1.0929269e-01  -3.5898803e-02
   2.7850000e+01  -1.0936140e-01  -3.5654743e-02
   2.7860000e+01  -1.0948191e-01  -3.5412991e-02
   2.7870000e+01  -1.0964639e-01  -3.5165269e-02
   2.7880000e+01  -1.0984252e-01  -3.4908388e-02
   2.7890000e+01  -1.1006576e-01  -3.4644168e-02
   2.7900000e+01  -1.1031190e-01  -3.4379179e-02
   2.7910000e+01  -1.1057876e-01  -3.4119225e-02
   2.7920000e+01  -1.1085503e-01  -3.3865361e-02
   2.7930000e+01  -1.1112595e-01  -3.3611248e-02
   2.7940000e+01  -1.1139418e-01  -3.3351931e-02
   2.7950000e+01  -1.1166366e-01  -3.3087720e-02
   2.7960000e+01  -1.1191815e-01  -3.2822288e-02
   2.7970000e+01  -1.1214991e-01  -3.2562482e-02
   2.7980000e+01  -1.1238017e-01  -3.2307420e-02
   2.7990000e+01  -1.1261862e-01  -3.2053341e-02
   2.8000000e+01  -1.1285323e-01  -3.1801744e-02
   2.8010000e+01  -1.1307714e-01  -3.1555452e-02
   2.8020000e+01  -1.1327785e-01  -3.1318802e-02
   2.8030000e+01  -1.1343615e-01  -3.1091619e-02
   2.8040000e+01  -1.1355065e-01  -3.0868285e-02
   2.8050000e+01  -1.1364124e-01  -3.0640612e-02
   2.8060000e+01  -1.1372409e-01  -3.0399996e-02
   2.8070000e+01  -1.1378858e-01  -3.0147573e-02
   2.8080000e+01  -1.1382579e-01  -2.9889667e-02
   2.8090000e+01  -1.1385045e-01  -2.9635256e-02
   2.8100000e+01  -1.1388096e-01  -2.9403536e-02
   2.8110000e+01  -1.1393645e-01  -2.9207424e-02
   2.8120000e+01  -1.1403706e-01  -2.9044664e-02
   2.8130000e+01  -1.1418836e-01  -2.8912804e-02
   2.8140000e+01  -1.1437248e-01  -2.8810533e-02
   2.8150000e+01  -1.1456444e-01  -2.8735387e-02
   2.8160000e+01  -1.1475572e-01  -2.8687906e-02
   2.8170000e+01  -1.1495531e-01  -2.8666522e-02
   2.8180000e+01  -1.1516803e-01  -2.8656888e-02
   2.8190000e+01  -1.1537629e-01  -2.8637182e-02
   2.8200000e+01  -1.1556479e-01  -2.8601782e-02
   2.8210000e+01  -1.1573997e-01  -2.8559430e-02
   2.8220000e+01  -1.1591745e-01  -2.8511365e-02
   2.8230000e+01  -1.1610827e-01  -2.8452961e-02
   2.8240000e+01  -1.1630517e-01  -2.8384279e-02
   2.8250000e+01  -1.1649615e-01  -2.8309332e-02
   2.8260000e+01  -1.1668486e-01  -2.8226610e-02
   2.8270000e+01  -1.1687468e-01  -2.8134413e-02
   2.8280000e+01  -1.1705421e-01  -2.8042467e-02
   2.8290000e+01  -1.1721059e-01  -2.7958212e-02
   2.8300000e+01  -1.1734755e-01  -2.7879514e-02
   2.8310000e+01  -1.1748215e-01  -2.7805819e-02
   2.8320000e+01  -1.1761789e-01  -2.7740329e-02
   2.8330000e+01  -1.1774498e-01  -2.7684474e-02
   2.8340000e+01  -1.1786432e-01  -2.7630984e-02
   2.8350000e+01  -1.1798136e-01  -2.7571810e-02
   2.8360000e+01  -1.1808991e-01  -2.7502756e-02
   2.8370000e+01  -1.1817621e-01  -2.7416858e-02
   2.8380000e+01  -1.1824175e-01  -2.7315689e-02
   2.8390000e+01  -1.1830865e-01  -2.7209871e-02
   2.8400000e+01  -1.1838266e-01  -2.7106998e-02
   2.8410000e+01  -1.1844942e-01  -2.7009032e-02
   2.8420000e+01  -1.1850620e-01  -2.6915412e-02
   2.8430000e+01  -1.1855088e-01  -2.6826005e-02
   2.8440000e+01  -1.1858010e-01  -2.6742143e-02
   2.8450000e+01  -1.1860860e-01  -2.6673874e-02
   2.8460000e+01  -1.1865846e-01  -2.6633224e-02
   2.8470000e+01  -1.1874292e-01  -2.6618808e-02
   2.8480000e+01  -1.1884586e-01  -2.6618979e-02
   2.8490000e+01  -1.1892917e-01  -2.6619443e-02
   2.8500000e+01  -1.1898203e-01  -2.6607137e-02
   2.8510000e+01  -1.1903393e-01  -2.6579837e-02
   2.8520000e+01  -1.1911983e-01  -2.6543185e-02
   2.8530000e+01  -1.1925680e-01  -2.6495823e-02
   2.8540000e+01  -1.1944114e-01  -2.6433162e-02
   2.8550000e+01  -1.1965987e-01  -2.6354286e-02
   2.8560000e+01  -1.1991866e-01  -2.6261547e-02
   2.8570000e+01  -1.2022792e-01  -2.6161236e-02
   2.8580000e+01  -1.2056370e-01  -2.6063400e-02
   2.8590000e+01  -1.2089019e-01  -2.5980351e-02
   2.8600000e+01  -1.2119238e-01  -2.5916086e-02
   2.8610000e+01  -1.2146671e-01  -2.5865164e-02
   2.8620000e+01  -1.2171356e-01  -2.5826809e-02
   2.8630000e+01  -1.2193679e-01  -2.5805346e-02
   2.8640000e+01  -1.2214381e-01  -2.5801700e-02
   2.8650000e+01  -1.2233304e-01  -2.5814957e-02
   2.8660000e+01  -1.2249116e-01  -2.5847499e-02
   2.8670000e+01  -1.2261887e-01  -2.5894487e-02
   2.8680000e+01  -1.2272508e-01  -2.5941237e-02
   2.8690000e+01  -1.2282083e-01  -2.5986947e-02
   2.8700000e+01  -1.2292471e-01  -2.6045522e-02
   2.8710000e+01  -1.2303900e-01  -2.6122455e-02
   2.8720000e+01  -1.2315143e-01  -2.6214125e-02
   2.8730000e+01  -1.2325564e-01  -2.6318756e-02
   2.8740000e+01  -1.2334702e-01  -2.6434360e-02
   2.8750000e+01  -1.2341759e-01  -2.6558062e-02
   2.8760000e+01  -1.2346521e-01  -2.6691722e-02
   2.8770000e+01  -1.2349893e-01  -2.6841376e-02
   2.8780000e+01  -1.2352708e-01  -2.7010134e-02
   2.8790000e+01  -1.2354167e-01  -2.7193385e-02
   2.8800000e+01  -1.2353053e-01  -2.7383163e-02
   2.8810000e+01  -1.2349525e-01  -2.7575648e-02
   2.8820000e+01  -1.2343711e-01  -2.7771507e-02
   2.8830000e+01  -1.2335722e-01  -2.7970595e-02
   2.8840000e+01  -1.2326192e-01  -2.8168929e-02
   2.8850000e+01  -1.2315507e-01  -2.8361504e-02
   2.8860000e+01  -1.2304431e-01  -2.8547831e-02
   2.8870000e+01  -1.2293938e-01  -2.8730306e-02
   2.8880000e+01  -1.2284068e-01  -2.8912135e-02
   2.8890000e+01  -1.2274147e-01  -2.9097149e-02
   2.8900000e+01  -1.2264265e-01  -2.9284705e-02
   2.8910000e+01  -1.2255185e-01  -2.9467591e-02
   2.8920000e+01  -1.2247785e-01  -2.9637772e-02
   2.8930000e+01  -1.2242919e-01  -2.9796243e-02
   2.8940000e+01  -1.2240326e-01  -2.9946970e-02
   2.8950000e+01  -1.2239031e-01  -3.0088377e-02
   2.8960000e+01  -1.2239119e-01  -3.0223099e-02
   2.8970000e+01  -1.2241944e-01  -3.0358879e-02
   2.8980000e+01  -1.2248393e-01  -3.0495581e-02
   2.8990000e+01  -1.2258208e-01  -3.0629845e-02
   2.9000000e+01  -1.2270665e-01  -3.0765356e-02
   2.9010000e+01  -1.2285450e-01  -3.0900843e-02
   2.9020000e+01  -1.2302877e-01  -3.1030493e-02
   2.9030000e+01  -1.2322521e-01  -3.1155940e-02
   2.9040000e+01  -1.2344080e-01  -3.1278457e-02
   2.9050000e+01  -1.2367748e-01  -3.1396648e-02
   2.9060000e+01  -1.2392315e-01  -3.1514857e-02
   2.9070000e+01  -1.2416035e-01  -3.1638370e-02
   2.9080000e+01  -1.2436999e-01  -3.1768175e-02
   2.9090000e+01  -1.2453845e-01  -3.1907494e-02
   2.9100000e+01  -1.2467878e-01  -3.2059228e-02
   2.9110000e+01  -1.2481261e-01  -3.2220117e-02
   2.9120000e+01  -1.2494645e-01  -3.2385966e-02
   2.9130000e+01  -1.2507784e-01  -3.2557976e-02
   2.9140000e+01  -1.2520431e-01  -3.2738332e-02
   2.9150000e+01  -1.2532299e-01  -3.2920572e-02
   2.9160000e+01  -1.2542940e-01  -3.3100046e-02
   2.9170000e+01  -1.2551618e-01  -3.3278088e-02
   2.9180000e+01  -1.2557286e-01  -3.3450638e-02
   2.9190000e+01  -1.2559322e-01  -3.3615257e-02
   2.9200000e+01  -1.2557769e-01  -3.3778238e-02
   2.9210000e+01  -1.2552798e-01  -3.3943857e-02
   2.9220000e+01  -1.2545179e-01  -3.4111245e-02
   2.9230000e+01  -1.2536171e-01  -3.4286957e-02
   2.9240000e+01  -1.2526505e-01  -3.4477349e-02
   2.9250000e+01  -1.2516587e-01  -3.4679260e-02
   2.9260000e+01  -1.2506673e-01  -3.4889685e-02
   2.9270000e+01  -1.2496986e-01  -3.5105718e-02
   2.9280000e+01  -1.2487974e-01  -3.5322382e-02
   2.9290000e+01  -1.2479929e-01  -3.5537548e-02
   2.9300000e+01  -1.2473305e-01  -3.5755103e-02
   2.9310000e+01  -1.2469101e-01  -3.5980756e-02
   2.9320000e+01  -1.2467245e-01  -3.6216201e-02
   2.9330000e+01  -1.2466170e-01  -3.6456736e-02
   2.9340000e+01  -1.2465266e-01  -3.6697112e-02
   2.9350000e+01  -1.2465169e-01  -3.6935082e-02
   2.9360000e+01  -1.2465631e-01  -3.7167666e-02
   2.9370000e+01  -1.2466397e-01  -3.7392832e-02
   2.9380000e+01  -1.2468845e-01  -3.7607189e-02
   2.9390000e+01  -1.2473659e-01  -3.7806043e-02
   2.9400000e+01  -1.2479777e-01  -3.7990903e-02
   2.9410000e+01  -1.2486397e-01  -3.8169439e-02
   2.9420000e+01  -1.2493674e-01  -3.8349653e-02
   2.9430000e+01  -1.2501538e-01  -3.8534112e-02
   2.9440000e+01  -1.2508835e-01  -3.8720019e-02
   2.9450000e+01  -1.2514037e-01  -3.8903746e-02
   2.9460000e+01  -1.2515858e-01  -3.9079850e-02
   2.9470000e+01  -1.2513492e-01  -3.9245881e-02
   2.9480000e+01  -1.2507141e-01  -3.9403082e-02
   2.9490000e+01  -1.2497822e-01  -3.9546809e-02
   2.9500000e+01  -1.2487049e-01  -3.9669594e-02
   2.9510000e+01  -1.2476365e-01  -3.9768608e-02
   2.9520000e+01  -1.2465659e-01  -3.9848904e-02
   2.9530000e+01  -1.2453831e-01  -3.9918599e-02
   2.9540000e+01  -1.2441793e-01  -3.9982916e-02
   2.9550000e+01  -1.2431072e-01  -4.0048865e-02
   2.9560000e+01  -1.2421411e-01  -4.0123893e-02
   2.9570000e+01  -1.2412083e-01  -4.0210923e-02
   2.9580000e+01  -1.2402536e-01  -4.0310935e-02
   2.9590000e+01  -1.2393073e-01  -4.0423150e-02
   2.9600000e+01  -1.2384764e-01  -4.0547160e-02
   2.9610000e+01  -1.2377691e-01  -4.0681081e-02
   2.9620000e+01  -1.2371494e-01  -4.0820981e-02
   2.9630000e+01  -1.2366464e-01  -4.0968906e-02
   2.9640000e+01  -1.2362555e-01  -4.1125937e-02
   2.9650000e+01  -1.2359118e-01  -4.1287681e-02
   2.9660000e+01  -1.2355684e-01  -4.1449428e-02
   2.9670000e+01  -1.2351935e-01  -4.1609745e-02
   2.9680000e+01  -1.2348086e-01  -4.1769668e-02
   2.9690000e+01  -1.2344598e-01  -4.1923966e-02
   2.9700000e+01  -1.2341655e-01  -4.2068710e-02
   2.9710000e+01  -1.2339632e-01  -4.2208835e-02
   2.9720000e+01  -1.2338553e-01  -4.2350666e-02
   2.9730000e+01  -1.2337831e-01  -4.2500369e-02
   2.9740000e+01  -1.2336655e-01  -4.2658175e-02
   2.9750000e+01  -1.2334541e-01  -4.2817246e-02
   2.9760000e+01  -1.2332175e-01  -4.2975675e-02
   2.9770000e+01  -1.2330225e-01  -4.3135174e-02
   2.9780000e+01  -1.2328439e-01  -4.3293888e-02
   2.9790000e+01  -1.2326329e-01  -4.3450738e-02
   2.9800000e+01  -1.2323199e-01  -4.3604264e-02
   2.9810000e+01  -1.2318391e-01  -4.3749549e-02
   2.9820000e+01  -1.2311800e-01  -4.3883394e-02
   2.9830000e+01  -1.2304396e-01  -4.4005385e-02
   2.9840000e+01  -1.2297368e-01  -4.4115530e-02
   2.9850000e+01  -1.2290389e-01  -4.4213769e-02
   2.9860000e+01  -1.2281643e-01  -4.4306682e-02
   2.9870000e+01  -1.2269306e-01  -4.4405999e-02
   2.9880000e+01  -1.2252530e-01  -4.4516772e-02
   2.9890000e+01  -1.2231606e-01  -4.4639415e-02
   2.9900000e+01  -1.2207890e-01  -4.4774888e-02
   2.9910000e+01  -1.2182428e-01  -4.4924955e-02
   2.9920000e+01  -1.2155716e-01  -4.5090513e-02
   2.9930000e+01  -1.2129229e-01  -4.5269021e-02
   2.9940000e+01  -1.2104724e-01  -4.5454843e-02
   2.9950000e+01  -1.2082609e-01  -4.5638934e-02
   2.9960000e+01  -1.2062669e-01  -4.5812701e-02
   2.9970000e+01  -1.2044892e-01  -4.5972412e-02
   2.9980000e+01  -1.2029400e-01  -4.6118831e-02
   2.9990000e+01  -1.2016426e-01  -4.6252827e-02
   3.0000000e+01  -1.2006106e-01  -4.6369779e-02
   3.0010000e+01  -1.1998385e-01  -4.6466244e-02
   3.0020000e+01  -1.1992836e-01  -4.6546558e-02
   3.0030000e+01  -1.1988697e-01  -4.6617788e-02
   3.0040000e+01  -1.1985173e-01  -4.6686452e-02
   3.0050000e+01  -1.1981452e-01  -4.6757657e-02
   3.0060000e+01  -1.1977558e-01  -4.6830332e-02
   3.0070000e+01  -1.1974493e-01  -4.6898314e-02
   3.0080000e+01  -1.1972588e-01  -4.6961435e-02
   3.0090000e+01  -1.1971551e-01  -4.7022420e-02
   3.0100000e+01  -1.1971484e-01  -4.7075661e-02
   3.0110000e+01  -1.1972601e-01  -4.7115911e-02
   3.0120000e+01  -1.1974770e-01  -4.7145502e-02
   3.0130000e+01  -1.1977742e-01  -4.7164560e-02
   3.0140000e+01  -1.1981672e-01  -4.7168254e-02
   3.0150000e+01  -1.1987115e-01  -4.7155340e-02
   3.0160000e+01  -1.1994181e-01  -4.7131331e-02
   3.0170000e+01  -1.2002669e-01  -4.7102204e-02
   3.0180000e+01  -1.2012479e-01  -4.7069750e-02
   3.0190000e+01  -1.2022885e-01  -4.7034415e-02
   3.0200000e+01  -1.2032817e-01  -4.6998287e-02
   3.0210000e+01  -1.2041540e-01  -4.6965091e-02
   3.0220000e+01  -1.2048746e-01  -4.6939479e-02
   3.0230000e+01  -1.2054218e-01  -4.6923180e-02
   3.0240000e+01  -1.2057578e-01  -4.6912579e-02
   3.0250000e+01  -1.2058736e-01  -4.6899935e-02
   3.0260000e+01  -1.2057742e-01  -4.6878809e-02
   3.0270000e+01  -1.2054472e-01  -4.6851210e-02
   3.0280000e+01  -1.2048938e-01  -4.6825002e-02
   3.0290000e+01  -1.2041482e-01  -4.6805012e-02
   3.0300000e+01  -1.2032385e-01  -4.6790210e-02
   3.0310000e+01  -1.2021332e-01  -4.6781249e-02
   3.0320000e+01  -1.2007786e-01  -4.6781212e-02
   3.0330000e+01  -1.1991656e-01  -4.6787129e-02
   3.0340000e+01  -1.1973315e-01  -4.6793442e-02
   3.0350000e+01  -1.1953086e-01  -4.6800105e-02
   3.0360000e+01  -1.1931058e-01  -4.6808513e-02
   3.0370000e+01  -1.1907456e-01  -4.6815297e-02
   3.0380000e+01  -1.1882804e-01  -4.6818497e-02
   3.0390000e+01  -1.1857566e-01  -4.6821875e-02
   3.0400000e+01  -1.1832154e-01  -4.6826672e-02
   3.0410000e+01  -1.1807544e-01  -4.6830306e-02
   3.0420000e+01  -1.1784919e-01  -4.6833973e-02
   3.0430000e+01  -1.1765015e-01  -4.6840058e-02
   3.0440000e+01  -1.1747983e-01  -4.6846204e-02
   3.0450000e+01  -1.1733070e-01  -4.6849281e-02
   3.0460000e+01  -1.1719146e-01  -4.6847567e-02
   3.0470000e+01  -1.1705864e-01  -4.6841052e-02
   3.0480000e+01  -1.1693622e-01  -4.6831745e-02
   3.0490000e+01  -1.1682680e-01  -4.6819420e-02
   3.0500000e+01  -1.1673113e-01  -4.6800228e-02
   3.0510000e+01  -1.1665339e-01  -4.6772293e-02
   3.0520000e+01  -1.1660113e-01  -4.6739120e-02
   3.0530000e+01  -1.1657764e-01  -4.6703552e-02
   3.0540000e+01  -1.1657952e-01  -4.6668162e-02
   3.0550000e+01  -1.1660396e-01  -4.6637737e-02
   3.0560000e+01  -1.1664885e-01  -4.6611492e-02
   3.0570000e+01  -1.1670821e-01  -4.6584606e-02
   3.0580000e+01  -1.1677385e-01  -4.6557731e-02
   3.0590000e+01  -1.1684011e-01  -4.6531434e-02
   3.0600000e+01  -1.1690411e-01  -4.6499228e-02
   3.0610000e+01  -1.1696300e-01  -4.6455909e-02
   3.0620000e+01  -1.1701423e-01  -4.6400941e-02
   3.0630000e+01  -1.1705526e-01  -4.6335431e-02
   3.0640000e+01  -1.1708284e-01  -4.6263402e-02
   3.0650000e+01  -1.1709451e-01  -4.6190408e-02
   3.0660000e+01  -1.1708982e-01  -4.6118738e-02
   3.0670000e+01  -1.1707217e-01  -4.6045435e-02
   3.0680000e+01  -1.1704831e-01  -4.5968963e-02
   3.0690000e+01  -1.1702104e-01  -4.5889522e-02
   3.0700000e+01  -1.1698676e-01  -4.5806117e-02
   3.0710000e+01  -1.1694265e-01  -4.5720707e-02
   3.0720000e+01  -1.1688830e-01  -4.5636164e-02
   3.0730000e+01  -1.1682101e-01  -4.5555287e-02
   3.0740000e+01  -1.1674082e-01  -4.5480985e-02
   3.0750000e+01  -1.1665466e-01  -4.5415248e-02
   3.0760000e+01  -1.1656892e-01  -4.5359585e-02
   3.0770000e+01  -1.1648563e-01  -4.5313757e-02
   3.0780000e+01  -1.1640812e-01  -4.5275606e-02
   3.0790000e+01  -1.1634606e-01  -4.5240967e-02
   3.0800000e+01  -1.1631024e-01  -4.5206802e-02
   3.0810000e+01  -1.1630635e-01  -4.5172890e-02
   3.0820000e+01  -1.1633383e-01  -4.5139716e-02
   3.0830000e+01  -1.1638601e-01  -4.5109292e-02
   3.0840000e+01  -1.1645332e-01  -4.5081993e-02
   3.0850000e+01  -1.1652570e-01  -4.5057145e-02
   3.0860000e+01  -1.1659564e-01  -4.5037420e-02
   3.0870000e+01  -1.1666300e-01  -4.5026280e-02
   3.0880000e+01  -1.1673043e-01  -4.5024668e-02
   3.0890000e+01  -1.1679418e-01  -4.5029182e-02
   3.0900000e+01  -1.1684879e-01  -4.5033821e-02
   3.0910000e+01  -1.1689519e-01  -4.5034882e-02
   3.0920000e+01  -1.1693670e-01  -4.5032239e-02
   3.0930000e+01  -1.1697489e-01  -4.5026730e-02
   3.0940000e+01  -1.1700680e-01  -4.5017546e-02
   3.0950000e+01  -1.1702732e-01  -4.4999731e-02
   3.0960000e+01  -1.1703731e-01  -4.4967141e-02
   3.0970000e+01  -1.1704111e-01  -4.4919332e-02
   3.0980000e+01  -1.1704015e-01  -4.4861440e-02
   3.0990000e+01  -1.1703480e-01  -4.4796586e-02
   3.1000000e+01  -1.1702667e-01  -4.4723762e-02
   3.1010000e+01  -1.1701740e-01  -4.4644592e-02
   3.1020000e+01  -1.1700794e-01  -4.4563081e-02
   3.1030000e+01  -1.1699713e-01  -4.4480422e-02
   3.1040000e+01  -1.1698291e-01  -4.4397550e-02
   3.1050000e+01  -1.1696434e-01  -4.4319217e-02
   3.1060000e+01  -1.1694040e-01  -4.4251342e-02
   3.1070000e+01  -1.1691222e-01  -4.4194198e-02
   3.1080000e+01  -1.1688490e-01  -4.4143079e-02
   3.1090000e+01  -1.1686392e-01  -4.4093543e-02
   3.1100000e+01  -1.1685138e-01  -4.4043352e-02
   3.1110000e+01  -1.1684484e-01  -4.3993186e-02
   3.1120000e+01  -1.1684243e-01  -4.3942817e-02
   3.1130000e+01  -1.1684680e-01  -4.3890009e-02
   3.1140000e+01  -1.1686185e-01  -4.3833267e-02
   3.1150000e+01  -1.1689015e-01  -4.3772561e-02
   3.1160000e+01  -1.1693203e-01  -4.3707529e-02
   3.1170000e+01  -1.1698503e-01  -4.3637660e-02
   3.1180000e+01  -1.1704407e-01  -4.3565511e-02
   3.1190000e+01  -1.1710531e-01  -4.3493808e-02
   3.1200000e+01  -1.1717323e-01  -4.3423842e-02
   3.1210000e+01  -1.1725946e-01  -4.3358748e-02
   3.1220000e+01  -1.1737376e-01  -4.3301407e-02
   3.1230000e+01  -1.1751794e-01  -4.3248616e-02
   3.1240000e+01  -1.1768552e-01  -4.3193068e-02
   3.1250000e+01  -1.1786521e-01  -4.3130482e-02
   3.1260000e+01  -1.1804745e-01  -4.3058639e-02
   3.1270000e+01  -1.1822562e-01  -4.2975728e-02
   3.1280000e+01  -1.1839009e-01  -4.2882422e-02
   3.1290000e+01  -1.1853077e-01  -4.2779053e-02
   3.1300000e+01  -1.1864497e-01  -4.2664298e-02
   3.1310000e+01  -1.1873534e-01  -4.2540757e-02
   3.1320000e+01  -1.1880375e-01  -4.2414473e-02
   3.1330000e+01  -1.1884963e-01  -4.2289946e-02
   3.1340000e+01  -1.1887146e-01  -4.2171051e-02
   3.1350000e+01  -1.1886952e-01  -4.2061308e-02
   3.1360000e+01  -1.1884696e-01  -4.1963558e-02
   3.1370000e+01  -1.1880957e-01  -4.1880409e-02
   3.1380000e+01  -1.1876451e-01  -4.1812681e-02
   3.1390000e+01  -1.1871739e-01  -4.1759126e-02
   3.1400000e+01  -1.1867106e-01  -4.1717343e-02
   3.1410000e+01  -1.1862397e-01  -4.1683415e-02
   3.1420000e+01  -1.1857094e-01  -4.1652434e-02
   3.1430000e+01  -1.1850939e-01  -4.1621398e-02
   3.1440000e+01  -1.1844048e-01  -4.1589678e-02
   3.1450000e+01  -1.1836507e-01  -4.1555921e-02
   3.1460000e+01  -1.1828366e-01  -4.1518302e-02
   3.1470000e+01  -1.1819706e-01  -4.1477383e-02
   3.1480000e+01  -1.1810519e-01  -4.1436243e-02
   3.1490000e+01  -1.1800628e-01  -4.1398845e-02
   3.1500000e+01  -1.1789837e-01  -4.1369556e-02
   3.1510000e+01  -1.1778239e-01  -4.1352484e-02
   3.1520000e+01  -1.1766185e-01  -4.1347577e-02
   3.1530000e+01  -1.1754104e-01  -4.1350465e-02
   3.1540000e+01  -1.1742631e-01  -4.1358507e-02
   3.1550000e+01  -1.1732414e-01  -4.1370909e-02
   3.1560000e+01  -1.1723829e-01  -4.1386432e-02
   3.1570000e+01  -1.1717080e-01  -4.1404104e-02
   3.1580000e+01  -1.1712302e-01  -4.1420652e-02
   3.1590000e+01  -1.1709587e-01  -4.1430872e-02
   3.1600000e+01  -1.1708937e-01  -4.1432118e-02
   3.1610000e+01  -1.1710301e-01  -4.1427254e-02
   3.1620000e+01  -1.1713667e-01  -4.1422095e-02
   3.1630000e+01  -1.1718900e-01  -4.1419842e-02
   3.1640000e+01  -1.1725674e-01  -4.1418709e-02
   3.1650000e+01  -1.1733737e-01  -4.1414581e-02
   3.1660000e+01  -1.1743180e-01  -4.1406067e-02
   3.1670000e+01  -1.1754250e-01  -4.1392872e-02
   3.1680000e+01  -1.1766989e-01  -4.1373536e-02
   3.1690000e+01  -1.1781125e-01  -4.1347262e-02
   3.1700000e+01  -1.1796309e-01  -4.1314857e-02
   3.1710000e+01  -1.1812306e-01  -4.1278569e-02
   3.1720000e+01  -1.1828855e-01  -4.1240131e-02
   3.1730000e+01  -1.1845481e-01  -4.1202142e-02
   3.1740000e+01  -1.1861563e-01  -4.1168470e-02
   3.1750000e+01  -1.1876469e-01  -4.1139034e-02
   3.1760000e+01  -1.1889543e-01  -4.1110267e-02
   3.1770000e+01  -1.1900263e-01  -4.1081035e-02
   3.1780000e+01  -1.1908455e-01  -4.1051768e-02
   3.1790000e+01  -1.1914313e-01  -4.1021100e-02
   3.1800000e+01  -1.1918458e-01  -4.0987078e-02
   3.1810000e+01  -1.1921585e-01  -4.0948972e-02
   3.1820000e+01  -1.1923865e-01  -4.0908163e-02
   3.1830000e+01  -1.1925003e-01  -4.0865297e-02
   3.1840000e+01  -1.1924719e-01  -4.0819184e-02
   3.1850000e+01  -1.1922902e-01  -4.0770257e-02
   3.1860000e+01  -1.1919454e-01  -4.0721438e-02
   3.1870000e+01  -1.1914224e-01  -4.0677100e-02
   3.1880000e+01  -1.1907226e-01  -4.0639462e-02
   3.1890000e+01  -1.1898742e-01  -4.0606132e-02
   3.1900000e+01  -1.1889076e-01  -4.0574076e-02
   3.1910000e+01  -1.1878542e-01  -4.0541988e-02
   3.1920000e+01  -1.1867639e-01  -4.0509189e-02
   3.1930000e+01  -1.1856887e-01  -4.0476058e-02
   3.1940000e+01  -1.1846652e-01  -4.0443010e-02
   3.1950000e+01  -1.1837232e-01  -4.0408800e-02
   3.1960000e+01  -1.1828909e-01  -4.0373948e-02
   3.1970000e+01  -1.1821842e-01  -4.0343272e-02
   3.1980000e+01  -1.1816107e-01  -4.0321250e-02
   3.1990000e+01  -1.1811772e-01  -4.0307886e-02
   3.2000000e+01  -1.1808838e-01  -4.0301323e-02
   3.2010000e+01  -1.1807133e-01  -4.0300973e-02
   3.2020000e+01  -1.1806249e-01  -4.0305386e-02
   3.2030000e+01  -1.1805712e-01  -4.0313076e-02
   3.2040000e+01  -1.1805359e-01  -4.0324495e-02
   3.2050000e+01  -1.1805408e-01  -4.0339779e-02
   3.2060000e+01  -1.1806096e-01  -4.0358450e-02
   3.2070000e+01  -1.1807515e-01  -4.0379291e-02
   3.2080000e+01  -1.1809706e-01  -4.0401303e-02
   3.2090000e+01  -1.1812438e-01  -4.0423000e-02
   3.2100000e+01  -1.1815107e-01  -4.0440638e-02
   3.2110000e+01  -1.1817166e-01  -4.0450533e-02
   3.2120000e+01  -1.1818322e-01  -4.0450484e-02
   3.2130000e+01  -1.1818199e-01  -4.0439641e-02
   3.2140000e+01  -1.1816175e-01  -4.0417933e-02
   3.2150000e+01  -1.1811727e-01  -4.0386274e-02
   3.2160000e+01  -1.1804786e-01  -4.0346857e-02
   3.2170000e+01  -1.1795734e-01  -4.0302566e-02
   3.2180000e+01  -1.1785269e-01  -4.0256153e-02
   3.2190000e+01  -1.1774187e-01  -4.0208862e-02
   3.2200000e+01  -1.1763175e-01  -4.0160520e-02
   3.2210000e+01  -1.1752654e-01  -4.0111125e-02
   3.2220000e+01  -1.1742661e-01  -4.0061006e-02
   3.2230000e+01  -1.1733122e-01  -4.0010039e-02
   3.2240000e+01  -1.1724225e-01  -3.9958136e-02
   3.2250000e+01  -1.1716251e-01  -3.9905152e-02
   3.2260000e+01  -1.1709191e-01  -3.9851277e-02
   3.2270000e+01  -1.1702860e-01  -3.9798559e-02
   3.2280000e+01  -1.1697184e-01  -3.9749399e-02
   3.2290000e+01  -1.1692290e-01  -3.9704675e-02
   3.2300000e+01  -1.1688301e-01  -3.9663937e-02
   3.2310000e+01  -1.1684988e-01  -3.9627724e-02
   3.2320000e+01  -1.1681937e-01  -3.9599075e-02
   3.2330000e+01  -1.1678944e-01  -3.9580346e-02
   3.2340000e+01  -1.1675982e-01  -3.9570695e-02
   3.2350000e+01  -1.1673020e-01  -3.9567830e-02
   3.2360000e+01  -1.1670002e-01  -3.9571004e-02
   3.2370000e+01  -1.1666885e-01  -3.9580041e-02
   3.2380000e+01  -1.1663720e-01  -3.9593059e-02
   3.2390000e+01  -1.1660610e-01  -3.9607958e-02
   3.2400000e+01  -1.1657589e-01  -3.9622950e-02
   3.2410000e+01  -1.1654623e-01  -3.9634993e-02
   3.2420000e+01  -1.1651509e-01  -3.9640023e-02
   3.2430000e+01  -1.1647824e-01  -3.9635605e-02
   3.2440000e+01  -1.1643184e-01  -3.9622864e-02
   3.2450000e+01  -1.1637468e-01  -3.9604888e-02
   3.2460000e+01  -1.1630798e-01  -3.9584679e-02
   3.2470000e+01  -1.1623267e-01  -3.9564034e-02
   3.2480000e+01  -1.1614751e-01  -3.9543085e-02
   3.2490000e+01  -1.1605091e-01  -3.9521937e-02
   3.2500000e+01  -1.1594307e-01  -3.9502190e-02
   3.2510000e+01  -1.1582601e-01  -3.9486508e-02
   3.2520000e+01  -1.1570252e-01  -3.9476991e-02
   3.2530000e+01  -1.1557488e-01  -3.9474550e-02
   3.2540000e+01  -1.1544321e-01  -3.9478734e-02
   3.2550000e+01  -1.1530335e-01  -3.9487348e-02
   3.2560000e+01  -1.1514870e-01  -3.9497827e-02
   3.2570000e+01  -1.1497547e-01  -3.9508525e-02
   3.2580000e+01  -1.1478588e-01  -3.9518320e-02
   3.2590000e+01  -1.1458750e-01  -3.9526192e-02
   3.2600000e+01  -1.1439010e-01  -3.9532524e-02
   3.2610000e+01  -1.1420162e-01  -3.9539367e-02
   3.2620000e+01  -1.1402734e-01  -3.9548893e-02
   3.2630000e+01  -1.1387269e-01  -3.9563418e-02
   3.2640000e+01  -1.1374267e-01  -3.9584520e-02
   3.2650000e+01  -1.1363812e-01  -3.9612124e-02
   3.2660000e+01  -1.1355662e-01  -3.9645727e-02
   3.2670000e+01  -1.1349627e-01  -3.9684828e-02
   3.2680000e+01  -1.1345698e-01  -3.9728053e-02
   3.2690000e+01  -1.1343875e-01  -3.9772841e-02
   3.2700000e+01  -1.1343946e-01  -3.9816596e-02
   3.2710000e+01  -1.1345443e-01  -3.9857016e-02
   3.2720000e+01  -1.1347751e-01  -3.9891781e-02
   3.2730000e+01  -1.1350287e-01  -3.9918766e-02
   3.2740000e+01  -1.1352697e-01  -3.9936151e-02
   3.2750000e+01  -1.1354902e-01  -3.9942626e-02
   3.2760000e+01  -1.1357058e-01  -3.9937810e-02
   3.2770000e+01  -1.1359436e-01  -3.9922957e-02
   3.2780000e+01  -1.1362152e-01  -3.9900555e-02
   3.2790000e+01  -1.1365095e-01  -3.9873170e-02
   3.2800000e+01  -1.1368138e-01  -3.9842942e-02
   3.2810000e+01  -1.1371214e-01  -3.9811897e-02
   3.2820000e+01  -1.1374309e-01  -3.9782500e-02
   3.2830000e+01  -1.1377495e-01  -3.9756658e-02
   3.2840000e+01  -1.1380887e-01  -3.9734366e-02
   3.2850000e+01  -1.1384509e-01  -3.9713825e-02
   3.2860000e+01  -1.1388164e-01  -3.9692244e-02
   3.2870000e+01  -1.1391462e-01  -3.9666491e-02
   3.2880000e+01  -1.1393937e-01  -3.9634105e-02
   3.2890000e+01  -1.1395079e-01  -3.9594473e-02
   3.2900000e+01  -1.1394457e-01  -3.9548060e-02
   3.2910000e+01  -1.1391876e-01  -3.9495051e-02
   3.2920000e+01  -1.1387282e-01  -3.9436248e-02
   3.2930000e+01  -1.1380656e-01  -3.9373785e-02
   3.2940000e+01  -1.1372023e-01  -3.9310709e-02
   3.2950000e+01  -1.1361476e-01  -3.9250929e-02
   3.2960000e+01  -1.1349160e-01  -3.9198321e-02
   3.2970000e+01  -1.1335237e-01  -3.9154842e-02
   3.2980000e+01  -1.1319936e-01  -3.9119472e-02
   3.2990000e+01  -1.1303569e-01  -3.9089505e-02
   3.3000000e+01  -1.1286359e-01  -3.9062875e-02
   3.3010000e+01  -1.1268314e-01  -3.9039039e-02
   3.3020000e+01  -1.1249349e-01  -3.9018202e-02
   3.3030000e+01  -1.1229505e-01  -3.9000283e-02
   3.3040000e+01  -1.1209032e-01  -3.8985007e-02
   3.3050000e+01  -1.1188288e-01  -3.8972248e-02
   3.3060000e+01  -1.1167596e-01  -3.8962159e-02
   3.3070000e+01  -1.1147285e-01  -3.8954997e-02
   3.3080000e+01  -1.1127800e-01  -3.8950771e-02
   3.3090000e+01  -1.1109670e-01  -3.8948993e-02
   3.3100000e+01  -1.1093380e-01  -3.8947860e-02
   3.3110000e+01  -1.1079270e-01  -3.8945463e-02
   3.3120000e+01  -1.1067466e-01  -3.8942110e-02
   3.3130000e+01  -1.1057841e-01  -3.8939260e-02
   3.3140000e+01  -1.1050061e-01  -3.8937309e-02
   3.3150000e+01  -1.1043635e-01  -3.8935927e-02
   3.3160000e+01  -1.1038130e-01  -3.8935611e-02
   3.3170000e+01  -1.1033457e-01  -3.8937864e-02
   3.3180000e+01  -1.1029800e-01  -3.8944041e-02
   3.3190000e+01  -1.1027326e-01  -3.8954851e-02
   3.3200000e+01  -1.1026041e-01  -3.8970776e-02
   3.3210000e+01  -1.1025872e-01  -3.8991578e-02
   3.3220000e+01  -1.1026735e-01  -3.9015879e-02
   3.3230000e+01  -1.1028471e-01  -3.9041639e-02
   3.3240000e+01  -1.1030822e-01  -3.9066313e-02
   3.3250000e+01  -1.1033516e-01  -3.9087660e-02
   3.3260000e+01  -1.1036267e-01  -3.9104725e-02
   3.3270000e+01  -1.1038696e-01  -3.9117508e-02
   3.3280000e+01  -1.1040428e-01  -3.9126471e-02
   3.3290000e+01  -1.1041198e-01  -3.9132095e-02
   3.3300000e+01  -1.1040781e-01  -3.9134484e-02
   3.3310000e+01  -1.1039006e-01  -3.9133838e-02
   3.3320000e+01  -1.1035837e-01  -3.9130610e-02
   3.3330000e+01  -1.1031352e-01  -3.9124246e-02
   3.3340000e+01  -1.1025664e-01  -3.9112517e-02
   3.3350000e+01  -1.1018939e-01  -3.9093307e-02
   3.3360000e+01  -1.1011460e-01  -3.9066076e-02
   3.3370000e+01  -1.1003603e-01  -3.9031314e-02
   3.3380000e+01  -1.0995683e-01  -3.8990346e-02
   3.3390000e+01  -1.0987762e-01  -3.8945285e-02
   3.3400000e+01  -1.0979673e-01  -3.8897446e-02
   3.3410000e+01  -1.0971247e-01  -3.8846993e-02
   3.3420000e+01  -1.0962457e-01  -3.8794626e-02
   3.3430000e+01  -1.0953412e-01  -3.8741819e-02
   3.3440000e+01  -1.0944421e-01  -3.8689830e-02
   3.3450000e+01  -1.0935975e-01  -3.8639396e-02
   3.3460000e+01  -1.0928498e-01  -3.8591693e-02
   3.3470000e+01  -1.0922230e-01  -3.8548774e-02
   3.3480000e+01  -1.0917411e-01  -3.8512710e-02
   3.3490000e+01  -1.0914339e-01  -3.8485025e-02
   3.3500000e+01  -1.0913149e-01  -3.8466343e-02
   3.3510000e+01  -1.0913627e-01  -3.8456334e-02
   3.3520000e+01  -1.0915263e-01  -3.8453843e-02
   3.3530000e+01  -1.0917427e-01  -3.8457107e-02
   3.3540000e+01  -1.0919528e-01  -3.8464109e-02
   3.3550000e+01  -1.0921124e-01  -3.8472760e-02
   3.3560000e+01  -1.0921976e-01  -3.8481456e-02
   3.3570000e+01  -1.0922047e-01  -3.8489249e-02
   3.3580000e+01  -1.0921346e-01  -3.8495430e-02
   3.3590000e+01  -1.0919761e-01  -3.8499624e-02
   3.3600000e+01  -1.0917146e-01  -3.8501774e-02
   3.3610000e+01  -1.0913510e-01  -3.8501980e-02
   3.3620000e+01  -1.0908993e-01  -3.8500632e-02
   3.3630000e+01  -1.0903711e-01  -3.8497944e-02
   3.3640000e+01  -1.0897719e-01  -3.8493230e-02
   3.3650000e+01  -1.0891119e-01  -3.8485433e-02
   3.3660000e+01  -1.0884205e-01  -3.8474259e-02
   3.3670000e+01  -1.0877328e-01  -3.8459917e-02
   3.3680000e+01  -1.0870661e-01  -3.8441670e-02
   3.3690000e+01  -1.0864207e-01  -3.8417848e-02
   3.3700000e+01  -1.0857946e-01  -3.8387487e-02
   3.3710000e+01  -1.0851891e-01  -3.8350937e-02
   3.3720000e+01  -1.0846071e-01  -3.8309080e-02
   3.3730000e+01  -1.0840469e-01  -3.8262567e-02
   3.3740000e+01  -1.0835045e-01  -3.8212054e-02
   3.3750000e+01  -1.0829816e-01  -3.8158563e-02
   3.3760000e+01  -1.0824885e-01  -3.8103369e-02
   3.3770000e+01  -1.0820475e-01  -3.8048217e-02
   3.3780000e+01  -1.0816911e-01  -3.7995489e-02
   3.3790000e+01  -1.0814442e-01  -3.7947435e-02
   3.3800000e+01  -1.0813105e-01  -3.7904885e-02
   3.3810000e+01  -1.0812781e-01  -3.7866845e-02
   3.3820000e+01  -1.0813349e-01  -3.7831471e-02
   3.3830000e+01  -1.0814790e-01  -3.7797078e-02
   3.3840000e+01  -1.0817083e-01  -3.7762579e-02
   3.3850000e+01  -1.0820081e-01  -3.7727313e-02
   3.3860000e+01  -1.0823544e-01  -3.7690338e-02
   3.3870000e+01  -1.0827271e-01  -3.7650134e-02
   3.3880000e+01  -1.0831202e-01  -3.7604852e-02
   3.3890000e+01  -1.0835455e-01  -3.7552941e-02
   3.3900000e+01  -1.0840315e-01  -3.7493800e-02
   3.3910000e+01  -1.0846066e-01  -3.7428049e-02
   3.3920000e+01  -1.0852713e-01  -3.7357353e-02
   3.3930000e+01  -1.0859849e-01  -3.7283601e-02
   3.3940000e+01  -1.0866769e-01  -3.7208349e-02
   3.3950000e+01  -1.0872719e-01  -3.7133071e-02
   3.3960000e+01  -1.0877145e-01  -3.7059071e-02
   3.3970000e+01  -1.0879729e-01  -3.6986801e-02
   3.3980000e+01  -1.0880226e-01  -3.6915784e-02
   3.3990000e+01  -1.0878450e-01  -3.6844922e-02
   3.4000000e+01  -1.0874436e-01  -3.6772641e-02
   3.4010000e+01  -1.0868407e-01  -3.6697787e-02
   3.4020000e+01  -1.0860564e-01  -3.6620263e-02
   3.4030000e+01  -1.0851019e-01  -3.6540394e-02
   3.4040000e+01  -1.0839930e-01  -3.6458400e-02
   3.4050000e+01  -1.0827639e-01  -3.6374840e-02
   3.4060000e+01  -1.0814664e-01  -3.6290933e-02
   3.4070000e+01  -1.0801562e-01  -3.6208174e-02
   3.4080000e+01  -1.0788765e-01  -3.6128185e-02
   3.4090000e+01  -1.0776473e-01  -3.6052690e-02
   3.4100000e+01  -1.0764674e-01  -3.5983131e-02
   3.4110000e+01  -1.0753243e-01  -3.5920566e-02
   3.4120000e+01  -1.0742054e-01  -3.5865850e-02
   3.4130000e+01  -1.0731078e-01  -3.5819470e-02
   3.4140000e+01  -1.0720408e-01  -3.5781162e-02
   3.4150000e+01  -1.0710139e-01  -3.5749999e-02
   3.4160000e+01  -1.0700293e-01  -3.5724640e-02
   3.4170000e+01  -1.0690823e-01  -3.5703375e-02
   3.4180000e+01  -1.0681640e-01  -3.5684187e-02
   3.4190000e+01  -1.0672683e-01  -3.5664877e-02
   3.4200000e+01  -1.0664019e-01  -3.5643639e-02
   3.4210000e+01  -1.0655891e-01  -3.5619798e-02
   3.4220000e+01  -1.0648669e-01  -3.5593981e-02
   3.4230000e+01  -1.0642748e-01  -3.5567659e-02
   3.4240000e+01  -1.0638485e-01  -3.5542575e-02
   3.4250000e+01  -1.0636114e-01  -3.5520257e-02
   3.4260000e+01  -1.0635681e-01  -3.5501752e-02
   3.4270000e+01  -1.0637112e-01  -3.5487942e-02
   3.4280000e+01  -1.0640315e-01  -3.5479605e-02
   3.4290000e+01  -1.0645169e-01  -3.5476598e-02
   3.4300000e+01  -1.0651495e-01  -3.5477329e-02
   3.4310000e+01  -1.0659065e-01  -3.5478983e-02
   3.4320000e+01  -1.0667627e-01  -3.5478086e-02
   3.4330000e+01  -1.0676904e-01  -3.5471422e-02
   3.4340000e+01  -1.0686615e-01  -3.5457071e-02
   3.4350000e+01  -1.0696568e-01  -3.5434864e-02
   3.4360000e+01  -1.0706718e-01  -3.5405749e-02
   3.4370000e+01  -1.0717064e-01  -3.5370904e-02
   3.4380000e+01  -1.0727520e-01  -3.5331476e-02
   3.4390000e+01  -1.0737845e-01  -3.5288600e-02
   3.4400000e+01  -1.0747699e-01  -3.5243349e-02
   3.4410000e+01  -1.0756753e-01  -3.5196665e-02
   3.4420000e+01  -1.0764701e-01  -3.5149190e-02
   3.4430000e+01  -1.0771205e-01  -3.5101015e-02
   3.4440000e+01  -1.0775926e-01  -3.5051707e-02
   3.4450000e+01  -1.0778617e-01  -3.5000622e-02
   3.4460000e+01  -1.0779209e-01  -3.4947442e-02
   3.4470000e+01  -1.0777830e-01  -3.4892590e-02
   3.4480000e+01  -1.0774759e-01  -3.4836415e-02
   3.4490000e+01  -1.0770363e-01  -3.4778361e-02
   3.4500000e+01  -1.0765028e-01  -3.4717644e-02
   3.4510000e+01  -1.0759042e-01  -3.4654185e-02
   3.4520000e+01  -1.0752472e-01  -3.4588455e-02
   3.4530000e+01  -1.0745240e-01  -3.4520564e-02
   3.4540000e+01  -1.0737303e-01  -3.4449931e-02
   3.4550000e+01  -1.0728737e-01  -3.4375728e-02
   3.4560000e+01  -1.0719696e-01  -3.4297230e-02
   3.4570000e+01  -1.0710343e-01  -3.4214181e-02
   3.4580000e+01  -1.0700852e-01  -3.4127290e-02
   3.4590000e+01  -1.0691421e-01  -3.4038066e-02
   3.4600000e+01  -1.0682248e-01  -3.3948310e-02
   3.4610000e+01  -1.0673553e-01  -3.3860091e-02
   3.4620000e+01  -1.0665610e-01  -3.3775634e-02
   3.4630000e+01  -1.0658673e-01  -3.3696791e-02
   3.4640000e+01  -1.0652912e-01  -3.3624660e-02
   3.4650000e+01  -1.0648436e-01  -3.3559564e-02
   3.4660000e+01  -1.0645279e-01  -3.3501277e-02
   3.4670000e+01  -1.0643341e-01  -3.3449243e-02
   3.4680000e+01  -1.0642418e-01  -3.3402747e-02
   3.4690000e+01  -1.0642278e-01  -3.3361152e-02
   3.4700000e+01  -1.0642671e-01  -3.3324288e-02
   3.4710000e+01  -1.0643305e-01  -3.3292572e-02
   3.4720000e+01  -1.0643888e-01  -3.3266408e-02
   3.4730000e+01  -1.0644238e-01  -3.3245684e-02
   3.4740000e+01  -1.0644364e-01  -3.3229682e-02
   3.4750000e+01  -1.0644400e-01  -3.3216929e-02
   3.4760000e+01  -1.0644448e-01  -3.3205619e-02
   3.4770000e+01  -1.0644471e-01  -3.3194632e-02
   3.4780000e+01  -1.0644295e-01  -3.3183519e-02
   3.4790000e+01  -1.0643625e-01  -3.3171552e-02
   3.4800000e+01  -1.0642098e-01  -3.3157647e-02
   3.4810000e+01  -1.0639443e-01  -3.3140994e-02
   3.4820000e+01  -1.0635539e-01  -3.3121113e-02
   3.4830000e+01  -1.0630316e-01  -3.3097324e-02
   3.4840000e+01  -1.0623727e-01  -3.3068614e-02
   3.4850000e+01  -1.0615877e-01  -3.3033949e-02
   3.4860000e+01  -1.0607100e-01  -3.2992561e-02
   3.4870000e+01  -1.0597890e-01  -3.2944297e-02
   3.4880000e+01  -1.0588747e-01  -3.2889781e-02
   3.4890000e+01  -1.0580073e-01  -3.2830231e-02
   3.4900000e+01  -1.0572132e-01  -3.2767136e-02
   3.4910000e+01  -1.0565053e-01  -3.2702104e-02
   3.4920000e+01  -1.0558864e-01  -3.2636885e-02
   3.4930000e+01  -1.0553568e-01  -3.2573082e-02
   3.4940000e+01  -1.0549215e-01  -3.2511890e-02
   3.4950000e+01  -1.0545848e-01  -3.2454066e-02
   3.4960000e+01  -1.0543404e-01  -3.2399955e-02
   3.4970000e+01  -1.0541716e-01  -3.2349638e-02
   3.4980000e+01  -1.0540592e-01  -3.2302930e-02
   3.4990000e+01  -1.0539852e-01  -3.2259312e-02
   3.5000000e+01  -1.0539282e-01  -3.2218269e-02
   3.5010000e+01  -1.0538596e-01  -3.2179670e-02
   3.5020000e+01  -1.0537534e-01  -3.2143522e-02
   3.5030000e+01  -1.0535992e-01  -3.2109509e-02
   3.5040000e+01  -1.0534002e-01  -3.2077358e-02
   3.5050000e+01  -1.0531617e-01  -3.2047475e-02
   3.5060000e+01  -1.0528853e-01  -3.2020601e-02
   3.5070000e+01  -1.0525702e-01  -3.1997095e-02
   3.5080000e+01  -1.0522172e-01  -3.1976889e-02
   3.5090000e+01  -1.0518279e-01  -3.1959767e-02
   3.5100000e+01  -1.0513987e-01  -3.1945441e-02
   3.5110000e+01  -1.0509188e-01  -3.1933508e-02
   3.5120000e+01  -1.0503700e-01  -3.1923440e-02
   3.5130000e+01  -1.0497314e-01  -3.1914415e-02
   3.5140000e+01  -1.0489923e-01  -3.1905075e-02
   3.5150000e+01  -1.0481585e-01  -3.1893731e-02
   3.5160000e+01  -1.0472471e-01  -3.1879078e-02
   3.5170000e+01  -1.0462759e-01  -3.1860868e-02
   3.5180000e+01  -1.0452574e-01  -3.1839905e-02
   3.5190000e+01  -1.0442037e-01  -3.1817386e-02
   3.5200000e+01  -1.0431325e-01  -3.1794312e-02
   3.5210000e+01  -1.0420637e-01  -3.1771368e-02
   3.5220000e+01  -1.0410090e-01  -3.1749253e-02
   3.5230000e+01  -1.0399665e-01  -3.1729016e-02
   3.5240000e+01  -1.0389244e-01  -3.1712045e-02
   3.5250000e+01  -1.0378689e-01  -3.1699791e-02
   3.5260000e+01  -1.0367962e-01  -3.1693325e-02
   3.5270000e+01  -1.0357250e-01  -3.1692952e-02
   3.5280000e+01  -1.0346978e-01  -3.1698140e-02
   3.5290000e+01  -1.0337698e-01  -3.1707663e-02
   3.5300000e+01  -1.0329912e-01  -3.1719970e-02
   3.5310000e+01  -1.0323934e-01  -3.1733447e-02
   3.5320000e+01  -1.0319888e-01  -3.1746469e-02
   3.5330000e+01  -1.0317816e-01  -3.1757646e-02
   3.5340000e+01  -1.0317721e-01  -3.1766204e-02
   3.5350000e+01  -1.0319485e-01  -3.1772135e-02
   3.5360000e+01  -1.0322884e-01  -3.1776159e-02
   3.5370000e+01  -1.0327680e-01  -3.1779418e-02
   3.5380000e+01  -1.0333659e-01  -3.1782804e-02
   3.5390000e+01  -1.0340547e-01  -3.1786611e-02
   3.5400000e+01  -1.0347943e-01  -3.1790869e-02
   3.5410000e+01  -1.0355360e-01  -3.1795613e-02
   3.5420000e+01  -1.0362350e-01  -3.1800672e-02
   3.5430000e+01  -1.0368623e-01  -3.1805472e-02
   3.5440000e+01  -1.0374088e-01  -3.1809144e-02
   3.5450000e+01  -1.0378797e-01  -3.1810578e-02
   3.5460000e+01  -1.0382840e-01  -3.1808604e-02
   3.5470000e+01  -1.0386270e-01  -3.1802375e-02
   3.5480000e+01  -1.0389082e-01  -3.1791376e-02
   3.5490000e+01  -1.0391225e-01  -3.1775123e-02
   3.5500000e+01  -1.0392669e-01  -3.1753129e-02
   3.5510000e+01  -1.0393451e-01  -3.1725170e-02
   3.5520000e+01  -1.0393652e-01  -3.1691469e-02
   3.5530000e+01  -1.0393355e-01  -3.1652800e-02
   3.5540000e+01  -1.0392576e-01  -3.1610472e-02
   3.5550000e+01  -1.0391201e-01  -3.1566112e-02
   3.5560000e+01  -1.0388982e-01  -3.1521429e-02
   3.5570000e+01  -1.0385610e-01  -3.1477955e-02
   3.5580000e+01  -1.0380794e-01  -3.1436697e-02
   3.5590000e+01  -1.0374332e-01  -3.1397960e-02
   3.5600000e+01  -1.0366148e-01  -3.1361470e-02
   3.5610000e+01  -1.0356313e-01  -3.1326578e-02
   3.5620000e+01  -1.0344984e-01  -3.1292394e-02
   3.5630000e+01  -1.0332332e-01  -3.1257815e-02
   3.5640000e+01  -1.0318542e-01  -3.1221506e-02
   3.5650000e+01  -1.0303843e-01  -3.1182166e-02
   3.5660000e+01  -1.0288503e-01  -3.1139157e-02
   3.5670000e+01  -1.0272800e-01  -3.1093011e-02
   3.5680000e+01  -1.0257001e-01  -3.1045402e-02
   3.5690000e+01  -1.0241332e-01  -3.0998650e-02
   3.5700000e+01  -1.0225933e-01  -3.0955047e-02
   3.5710000e+01  -1.0210852e-01  -3.0916257e-02
   3.5720000e+01  -1.0196116e-01  -3.0883060e-02
   3.5730000e+01  -1.0181829e-01  -3.0855544e-02
   3.5740000e+01  -1.0168209e-01  -3.0833292e-02
   3.5750000e+01  -1.0155542e-01  -3.0815383e-02
   3.5760000e+01  -1.0144100e-01  -3.0800546e-02
   3.5770000e+01  -1.0134105e-01  -3.0787449e-02
   3.5780000e+01  -1.0125745e-01  -3.0774908e-02
   3.5790000e+01  -1.0119159e-01  -3.0762089e-02
   3.5800000e+01  -1.0114380e-01  -3.0748714e-02
   3.5810000e+01  -1.0111291e-01  -3.0735102e-02
   3.5820000e+01  -1.0109636e-01  -3.0722013e-02
   3.5830000e+01  -1.0109086e-01  -3.0710283e-02
   3.5840000e+01  -1.0109306e-01  -3.0700593e-02
   3.5850000e+01  -1.0110000e-01  -3.0693707e-02
   3.5860000e+01  -1.0110966e-01  -3.0690581e-02
   3.5870000e+01  -1.0112139e-01  -3.0691947e-02
   3.5880000e+01  -1.0113522e-01  -3.0697886e-02
   3.5890000e+01  -1.0115085e-01  -3.0707956e-02
   3.5900000e+01  -1.0116719e-01  -3.0721704e-02
   3.5910000e+01  -1.0118272e-01  -3.0738961e-02
   3.5920000e+01  -1.0119595e-01  -3.0759788e-02
   3.5930000e+01  -1.0120562e-01  -3.0784280e-02
   3.5940000e+01  -1.0121053e-01  -3.0812160e-02
   3.5950000e+01  -1.0120943e-01  -3.0842487e-02
   3.5960000e+01  -1.0120081e-01  -3.0873860e-02
   3.5970000e+01  -1.0118287e-01  -3.0904758e-02
   3.5980000e+01  -1.0115409e-01  -3.0933527e-02
   3.5990000e+01  -1.0111379e-01  -3.0958320e-02
   3.6000000e+01  -1.0106204e-01  -3.0977383e-02
   3.6010000e+01  -1.0099978e-01  -3.0989460e-02
   3.6020000e+01  -1.0092902e-01  -3.0994026e-02
   3.6030000e+01  -1.0085249e-01  -3.0991315e-02
   3.6040000e+01  -1.0077294e-01  -3.0982112e-02
   3.6050000e+01  -1.0069288e-01  -3.0967358e-02
   3.6060000e+01  -1.0061465e-01  -3.0947898e-02
   3.6070000e+01  -1.0054009e-01  -3.0924432e-02
   3.6080000e+01  -1.0046994e-01  -3.0897534e-02
   3.6090000e+01  -1.0040367e-01  -3.0867759e-02
   3.6100000e+01  -1.0034021e-01  -3.0835781e-02
   3.6110000e+01  -1.0027907e-01  -3.0802551e-02
   3.6120000e+01  -1.0022096e-01  -3.0769381e-02
   3.6130000e+01  -1.0016761e-01  -3.0737576e-02
   3.6140000e+01  -1.0012131e-01  -3.0707915e-02
   3.6150000e+01  -1.0008428e-01  -3.0680709e-02
   3.6160000e+01  -1.0005771e-01  -3.0656259e-02
   3.6170000e+01  -1.0004159e-01  -3.0634918e-02
   3.6180000e+01  -1.0003523e-01  -3.0616860e-02
   3.6190000e+01  -1.0003753e-01  -3.0602143e-02
   3.6200000e+01  -1.0004640e-01  -3.0590927e-02
   3.6210000e+01  -1.0005839e-01  -3.0583510e-02
   3.6220000e+01  -1.0006949e-01  -3.0580251e-02
   3.6230000e+01  -1.0007613e-01  -3.0581434e-02
   3.6240000e+01  -1.0007584e-01  -3.0586991e-02
   3.6250000e+01  -1.0006719e-01  -3.0596337e-02
   3.6260000e+01  -1.0004959e-01  -3.0608501e-02
   3.6270000e+01  -1.0002299e-01  -3.0622380e-02
   3.6280000e+01  -9.9987523e-02  -3.0636794e-02
   3.6290000e+01  -9.9943345e-02  -3.0650429e-02
   3.6300000e+01  -9.9890939e-02  -3.0662003e-02
   3.6310000e+01  -9.9831627e-02  -3.0670497e-02
   3.6320000e+01  -9.9767546e-02  -3.0675273e-02
   3.6330000e+01  -9.9701141e-02  -3.0676035e-02
   3.6340000e+01  -9.9634793e-02  -3.0672748e-02
   3.6350000e+01  -9.9570850e-02  -3.0665661e-02
   3.6360000e+01  -9.9511590e-02  -3.0655278e-02
   3.6370000e+01  -9.9458609e-02  -3.0642164e-02
   3.6380000e+01  -9.9412206e-02  -3.0626798e-02
   3.6390000e+01  -9.9371718e-02  -3.0609661e-02
   3.6400000e+01  -9.9336398e-02  -3.0591279e-02
   3.6410000e+01  -9.9305906e-02  -3.0571927e-02
   3.6420000e+01  -9.9280164e-02  -3.0551452e-02
   3.6430000e+01  -9.9259072e-02  -3.0529582e-02
   3.6440000e+01  -9.9242573e-02  -3.0506170e-02
   3.6450000e+01  -9.9231005e-02  -3.0481111e-02
   3.6460000e+01  -9.9225236e-02  -3.0454294e-02
   3.6470000e+01  -9.9226444e-02  -3.0425719e-02
   3.6480000e+01  -9.9235571e-02  -3.0395511e-02
   3.6490000e+01  -9.9252556e-02  -3.0363942e-02
   3.6500000e+01  -9.9276032e-02  -3.0331609e-02
   3.6510000e+01  -9.9303876e-02  -3.0299521e-02
   3.6520000e+01  -9.9334004e-02  -3.0268817e-02
   3.6530000e+01  -9.9364759e-02  -3.0240293e-02
   3.6540000e+01  -9.9394720e-02  -3.0214089e-02
   3.6550000e+01  -9.9422382e-02  -3.0189781e-02
   3.6560000e+01  -9.9446430e-02  -3.0166772e-02
   3.6570000e+01  -9.9466339e-02  -3.0144629e-02
   3.6580000e+01  -9.9482498e-02  -3.0123046e-02
   3.6590000e+01  -9.9495644e-02  -3.0101545e-02
   3.6600000e+01  -9.9506029e-02  -3.0079283e-02
   3.6610000e+01  -9.9512750e-02  -3.0055149e-02
   3.6620000e+01  -9.9513446e-02  -3.0028022e-02
   3.6630000e+01  -9.9504641e-02  -2.9997099e-02
   3.6640000e+01  -9.9482687e-02  -2.9962092e-02
   3.6650000e+01  -9.9444842e-02  -2.9923257e-02
   3.6660000e+01  -9.9389911e-02  -2.9881352e-02
   3.6670000e+01  -9.9318057e-02  -2.9837533e-02
   3.6680000e+01  -9.9230036e-02  -2.9793218e-02
   3.6690000e+01  -9.9126878e-02  -2.9749904e-02
   3.6700000e+01  -9.9010248e-02  -2.9708871e-02
   3.6710000e+01  -9.8882551e-02  -2.9670877e-02
   3.6720000e+01  -9.8746477e-02  -2.9635977e-02
   3.6730000e+01  -9.8604822e-02  -2.9603580e-02
   3.6740000e+01  -9.8460837e-02  -2.9572760e-02
   3.6750000e+01  -9.8318396e-02  -2.9542671e-02
   3.6760000e+01  -9.8181486e-02  -2.9512724e-02
   3.6770000e+01  -9.8053275e-02  -2.9482491e-02
   3.6780000e+01  -9.7935418e-02  -2.9451669e-02
   3.6790000e+01  -9.7828039e-02  -2.9420214e-02
   3.6800000e+01  -9.7730415e-02  -2.9388440e-02
   3.6810000e+01  -9.7641818e-02  -2.9356982e-02
   3.6820000e+01  -9.7561894e-02  -2.9326704e-02
   3.6830000e+01  -9.7490552e-02  -2.9298470e-02
   3.6840000e+01  -9.7427686e-02  -2.9272853e-02
   3.6850000e+01  -9.7372863e-02  -2.9250168e-02
   3.6860000e+01  -9.7325219e-02  -2.9230740e-02
   3.6870000e+01  -9.7283734e-02  -2.9214982e-02
   3.6880000e+01  -9.7247718e-02  -2.9203225e-02
   3.6890000e+01  -9.7217332e-02  -2.9195474e-02
   3.6900000e+01  -9.7193850e-02  -2.9191254e-02
   3.6910000e+01  -9.7179389e-02  -2.9189662e-02
   3.6920000e+01  -9.7176215e-02  -2.9189606e-02
   3.6930000e+01  -9.7186019e-02  -2.9189982e-02
   3.6940000e+01  -9.7209478e-02  -2.9189743e-02
   3.6950000e+01  -9.7246100e-02  -2.9187988e-02
   3.6960000e+01  -9.7294337e-02  -2.9184057e-02
   3.6970000e+01  -9.7352088e-02  -2.9177600e-02
   3.6980000e+01  -9.7417189e-02  -2.9168633e-02
   3.6990000e+01  -9.7487421e-02  -2.9157610e-02
   3.7000000e+01  -9.7560313e-02  -2.9145431e-02
   3.7010000e+01  -9.7633195e-02  -2.9133357e-02
   3.7020000e+01  -9.7703489e-02  -2.9122759e-02
   3.7030000e+01  -9.7769013e-02  -2.9114669e-02
   3.7040000e+01  -9.7828205e-02  -2.9109357e-02
   3.7050000e+01  -9.7880256e-02  -2.9106216e-02
   3.7060000e+01  -9.7924935e-02  -2.9104007e-02
   3.7070000e+01  -9.7961981e-02  -2.9101235e-02
   3.7080000e+01  -9.7990515e-02  -2.9096485e-02
   3.7090000e+01  -9.8008881e-02  -2.9088623e-02
   3.7100000e+01  -9.8015058e-02  -2.9076844e-02
   3.7110000e+01  -9.8007360e-02  -2.9060761e-02
   3.7120000e+01  -9.7984814e-02  -2.9040537e-02
   3.7130000e+01  -9.7947100e-02  -2.9016807e-02
   3.7140000e+01  -9.7894561e-02  -2.8990460e-02
   3.7150000e+01  -9.7828437e-02  -2.8962414e-02
   3.7160000e+01  -9.7750990e-02  -2.8933428e-02
   3.7170000e+01  -9.7665228e-02  -2.8903926e-02
   3.7180000e+01  -9.7574319e-02  -2.8873899e-02
   3.7190000e+01  -9.7481103e-02  -2.8842908e-02
   3.7200000e+01  -9.7387820e-02  -2.8810214e-02
   3.7210000e+01  -9.7295914e-02  -2.8774922e-02
   3.7220000e+01  -9.7206037e-02  -2.8736036e-02
   3.7230000e+01  -9.7118482e-02  -2.8692638e-02
   3.7240000e+01  -9.7033753e-02  -2.8644183e-02
   3.7250000e+01  -9.6952743e-02  -2.8590705e-02
   3.7260000e+01  -9.6876498e-02  -2.8532733e-02
   3.7270000e+01  -9.6805887e-02  -2.8471018e-02
   3.7280000e+01  -9.6741519e-02  -2.8406330e-02
   3.7290000e+01  -9.6683904e-02  -2.8339369e-02
   3.7300000e+01  -9.6633657e-02  -2.8270809e-02
   3.7310000e+01  -9.6591648e-02  -2.8201503e-02
   3.7320000e+01  -9.6558866e-02  -2.8132595e-02
   3.7330000e+01  -9.6535887e-02  -2.8065366e-02
   3.7340000e+01  -9.6522450e-02  -2.8001046e-02
   3.7350000e+01  -9.6517482e-02  -2.7940815e-02
   3.7360000e+01  -9.6519163e-02  -2.7885891e-02
   3.7370000e+01  -9.6524981e-02  -2.7837399e-02
   3.7380000e+01  -9.6532148e-02  -2.7796102e-02
   3.7390000e+01  -9.6538186e-02  -2.7762151e-02
   3.7400000e+01  -9.6541165e-02  -2.7735013e-02
   3.7410000e+01  -9.6539666e-02  -2.7713681e-02
   3.7420000e+01  -9.6532917e-02  -2.7697059e-02
   3.7430000e+01  -9.6521014e-02  -2.7684161e-02
   3.7440000e+01  -9.6504766e-02  -2.7674061e-02
   3.7450000e+01  -9.6485055e-02  -2.7665855e-02
   3.7460000e+01  -9.6462115e-02  -2.7658681e-02
   3.7470000e+01  -9.6435286e-02  -2.7651700e-02
   3.7480000e+01  -9.6403311e-02  -2.7644015e-02
   3.7490000e+01  -9.6364855e-02  -2.7634689e-02
   3.7500000e+01  -9.6319045e-02  -2.7622951e-02
   3.7510000e+01  -9.6265930e-02  -2.7608435e-02
   3.7520000e+01  -9.6206489e-02  -2.7591144e-02
   3.7530000e+01  -9.6142193e-02  -2.7571265e-02
   3.7540000e+01  -9.6074788e-02  -2.7549086e-02
   3.7550000e+01  -9.6006535e-02  -2.7524980e-02
   3.7560000e+01  -9.5940256e-02  -2.7499306e-02
   3.7570000e+01  -9.5878809e-02  -2.7472312e-02
   3.7580000e+01  -9.5824400e-02  -2.7444123e-02
   3.7590000e+01  -9.5778314e-02  -2.7414729e-02
   3.7600000e+01  -9.5741075e-02  -2.7384035e-02
   3.7610000e+01  -9.5712711e-02  -2.7352050e-02
   3.7620000e+01  -9.5692901e-02  -2.7319028e-02
   3.7630000e+01  -9.5681051e-02  -2.7285419e-02
   3.7640000e+01  -9.5676298e-02  -2.7251750e-02
   3.7650000e+01  -9.5677330e-02  -2.7218626e-02
   3.7660000e+01  -9.5682197e-02  -2.7186767e-02
   3.7670000e+01  -9.5688415e-02  -2.7156909e-02
   3.7680000e+01  -9.5693360e-02  -2.7129658e-02
   3.7690000e+01  -9.5694643e-02  -2.7105398e-02
   3.7700000e+01  -9.5690264e-02  -2.7084287e-02
   3.7710000e+01  -9.5678753e-02  -2.7066254e-02
   3.7720000e+01  -9.5659472e-02  -2.7050985e-02
   3.7730000e+01  -9.5632790e-02  -2.7037990e-02
   3.7740000e+01  -9.5599683e-02  -2.7026689e-02
   3.7750000e+01  -9.5561080e-02  -2.7016453e-02
   3.7760000e+01  -9.5517525e-02  -2.7006615e-02
   3.7770000e+01  -9.5469305e-02  -2.6996589e-02
   3.7780000e+01  -9.5416659e-02  -2.6986071e-02
   3.7790000e+01  -9.5359747e-02  -2.6975044e-02
   3.7800000e+01  -9.5298449e-02  -2.6963603e-02
   3.7810000e+01  -9.5232354e-02  -2.6951900e-02
   3.7820000e+01  -9.5161046e-02  -2.6940212e-02
   3.7830000e+01  -9.5084564e-02  -2.6928887e-02
   3.7840000e+01  -9.5003840e-02  -2.6918220e-02
   3.7850000e+01  -9.4920710e-02  -2.6908390e-02
   3.7860000e+01  -9.4837404e-02  -2.6899392e-02
   3.7870000e+01  -9.4755939e-02  -2.6890932e-02
   3.7880000e+01  -9.4677851e-02  -2.6882455e-02
   3.7890000e+01  -9.4604293e-02  -2.6873396e-02
   3.7900000e+01  -9.4536221e-02  -2.6863421e-02
   3.7910000e+01  -9.4474285e-02  -2.6852542e-02
   3.7920000e+01  -9.4418560e-02  -2.6841030e-02
   3.7930000e+01  -9.4368637e-02  -2.6829184e-02
   3.7940000e+01  -9.4324153e-02  -2.6817176e-02
   3.7950000e+01  -9.4285381e-02  -2.6805125e-02
   3.7960000e+01  -9.4253495e-02  -2.6793326e-02
   3.7970000e+01  -9.4230414e-02  -2.6782355e-02
   3.7980000e+01  -9.4218335e-02  -2.6772996e-02
   3.7990000e+01  -9.4219082e-02  -2.6766050e-02
   3.8000000e+01  -9.4233567e-02  -2.6762127e-02
   3.8010000e+01  -9.4261575e-02  -2.6761521e-02
   3.8020000e+01  -9.4302034e-02  -2.6764167e-02
   3.8030000e+01  -9.4353503e-02  -2.6769589e-02
   3.8040000e+01  -9.4414374e-02  -2.6776887e-02
   3.8050000e+01  -9.4482641e-02  -2.6784809e-02
   3.8060000e+01  -9.4555780e-02  -2.6791942e-02
   3.8070000e+01  -9.4630954e-02  -2.6797007e-02
   3.8080000e+01  -9.4705191e-02  -2.6799147e-02
   3.8090000e+01  -9.4775352e-02  -2.6798097e-02
   3.8100000e+01  -9.4838229e-02  -2.6794122e-02
   3.8110000e+01  -9.4890989e-02  -2.6787796e-02
   3.8120000e+01  -9.4931757e-02  -2.6779800e-02
   3.8130000e+01  -9.4959924e-02  -2.6770815e-02
   3.8140000e+01  -9.4975939e-02  -2.6761478e-02
   3.8150000e+01  -9.4980707e-02  -2.6752280e-02
   3.8160000e+01  -9.4975012e-02  -2.6743428e-02
   3.8170000e+01  -9.4959384e-02  -2.6734781e-02
   3.8180000e+01  -9.4934338e-02  -2.6725891e-02
   3.8190000e+01  -9.4900607e-02  -2.6716116e-02
   3.8200000e+01  -9.4859206e-02  -2.6704836e-02
   3.8210000e+01  -9.4811306e-02  -2.6691637e-02
   3.8220000e+01  -9.4757915e-02  -2.6676275e-02
   3.8230000e+01  -9.4699496e-02  -2.6658523e-02
   3.8240000e+01  -9.4635677e-02  -2.6638116e-02
   3.8250000e+01  -9.4565260e-02  -2.6614872e-02
   3.8260000e+01  -9.4486628e-02  -2.6588865e-02
   3.8270000e+01  -9.4398380e-02  -2.6560509e-02
   3.8280000e+01  -9.4299868e-02  -2.6530465e-02
   3.8290000e+01  -9.4191436e-02  -2.6499426e-02
   3.8300000e+01  -9.4074366e-02  -2.6468008e-02
   3.8310000e+01  -9.3950635e-02  -2.6436782e-02
   3.8320000e+01  -9.3822522e-02  -2.6406327e-02
   3.8330000e+01  -9.3692291e-02  -2.6377201e-02
   3.8340000e+01  -9.3562170e-02  -2.6349839e-02
   3.8350000e+01  -9.3434468e-02  -2.6324394e-02
   3.8360000e+01  -9.3311496e-02  -2.6300605e-02
   3.8370000e+01  -9.3195289e-02  -2.6277794e-02
   3.8380000e+01  -9.3087351e-02  -2.6254943e-02
   3.8390000e+01  -9.2988525e-02  -2.6230875e-02
   3.8400000e+01  -9.2899068e-02  -2.6204524e-02
   3.8410000e+01  -9.2818931e-02  -2.6175252e-02
   3.8420000e+01  -9.2748218e-02  -2.6143017e-02
   3.8430000e+01  -9.2687519e-02  -2.6108348e-02
   3.8440000e+01  -9.2637888e-02  -2.6072205e-02
   3.8450000e+01  -9.2600443e-02  -2.6035800e-02
   3.8460000e+01  -9.2575815e-02  -2.6000433e-02
   3.8470000e+01  -9.2563862e-02  -2.5967363e-02
   3.8480000e+01  -9.2563736e-02  -2.5937647e-02
   3.8490000e+01  -9.2574004e-02  -2.5911961e-02
   3.8500000e+01  -9.2592646e-02  -2.5890546e-02
   3.8510000e+01  -9.2617114e-02  -2.5873286e-02
   3.8520000e+01  -9.2644600e-02  -2.5859827e-02
   3.8530000e+01  -9.2672471e-02  -2.5849719e-02
   3.8540000e+01  -9.2698570e-02  -2.5842548e-02
   3.8550000e+01  -9.2721332e-02  -2.5838079e-02
   3.8560000e+01  -9.2739807e-02  -2.5836348e-02
   3.8570000e+01  -9.2753547e-02  -2.5837683e-02
   3.8580000e+01  -9.2762337e-02  -2.5842646e-02
   3.8590000e+01  -9.2765908e-02  -2.5851903e-02
   3.8600000e+01  -9.2763874e-02  -2.5866003e-02
   3.8610000e+01  -9.2755864e-02  -2.5885162e-02
   3.8620000e+01  -9.2741677e-02  -2.5909159e-02
   3.8630000e+01  -9.2721284e-02  -2.5937381e-02
   3.8640000e+01  -9.2694677e-02  -2.5968938e-02
   3.8650000e+01  -9.2661697e-02  -2.6002770e-02
   3.8660000e+01  -9.2621995e-02  -2.6037751e-02
   3.8670000e+01  -9.2575272e-02  -2.6072736e-02
   3.8680000e+01  -9.2521726e-02  -2.6106529e-02
   3.8690000e+01  -9.2462345e-02  -2.6137886e-02
   3.8700000e+01  -9.2398815e-02  -2.6165620e-02
   3.8710000e+01  -9.2333319e-02  -2.6188718e-02
   3.8720000e+01  -9.2268310e-02  -2.6206342e-02
   3.8730000e+01  -9.2206118e-02  -2.6217783e-02
   3.8740000e+01  -9.2148516e-02  -2.6222505e-02
   3.8750000e+01  -9.2096594e-02  -2.6220301e-02
   3.8760000e+01  -9.2050843e-02  -2.6211451e-02
   3.8770000e+01  -9.2011195e-02  -2.6196753e-02
   3.8780000e+01  -9.1977037e-02  -2.6177320e-02
   3.8790000e+01  -9.1947454e-02  -2.6154279e-02
   3.8800000e+01  -9.1921708e-02  -2.6128635e-02
   3.8810000e+01  -9.1899626e-02  -2.6101304e-02
   3.8820000e+01  -9.1881609e-02  -2.6073157e-02
   3.8830000e+01  -9.1868290e-02  -2.6045004e-02
   3.8840000e+01  -9.1860095e-02  -2.6017600e-02
   3.8850000e+01  -9.1856898e-02  -2.5991647e-02
   3.8860000e+01  -9.1857856e-02  -2.5967768e-02
   3.8870000e+01  -9.1861545e-02  -2.5946397e-02
   3.8880000e+01  -9.1866303e-02  -2.5927703e-02
   3.8890000e+01  -9.1870415e-02  -2.5911577e-02
   3.8900000e+01  -9.1872026e-02  -2.5897702e-02
   3.8910000e+01  -9.1869169e-02  -2.5885627e-02
   3.8920000e+01  -9.1860094e-02  -2.5874863e-02
   3.8930000e+01  -9.1843658e-02  -2.5864978e-02
   3.8940000e+01  -9.1819416e-02  -2.5855653e-02
   3.8950000e+01  -9.1787438e-02  -2.5846693e-02
   3.8960000e+01  -9.1748125e-02  -2.5838057e-02
   3.8970000e+01  -9.1702174e-02  -2.5829837e-02
   3.8980000e+01  -9.1650615e-02  -2.5822157e-02
   3.8990000e+01  -9.1594850e-02  -2.5815064e-02
   3.9000000e+01  -9.1536694e-02  -2.5808518e-02
   3.9010000e+01  -9.1478360e-02  -2.5802399e-02
   3.9020000e+01  -9.1422288e-02  -2.5796485e-02
   3.9030000e+01  -9.1370806e-02  -2.5790434e-02
   3.9040000e+01  -9.1325799e-02  -2.5783832e-02
   3.9050000e+01  -9.1288529e-02  -2.5776270e-02
   3.9060000e+01  -9.1259542e-02  -2.5767394e-02
   3.9070000e+01  -9.1238597e-02  -2.5756958e-02
   3.9080000e+01  -9.1224753e-02  -2.5744883e-02
   3.9090000e+01  -9.1216758e-02  -2.5731274e-02
   3.9100000e+01  -9.1213525e-02  -2.5716383e-02
   3.9110000e+01  -9.1214321e-02  -2.5700591e-02
   3.9120000e+01  -9.1218658e-02  -2.5684397e-02
   3.9130000e+01  -9.1226122e-02  -2.5668373e-02
   3.9140000e+01  -9.1236375e-02  -2.5653019e-02
   3.9150000e+01  -9.1249248e-02  -2.5638642e-02
   3.9160000e+01  -9.1264674e-02  -2.5625364e-02
   3.9170000e+01  -9.1282421e-02  -2.5613187e-02
   3.9180000e+01  -9.1301765e-02  -2.5601985e-02
   3.9190000e+01  -9.1321305e-02  -2.5591475e-02
   3.9200000e+01  -9.1339112e-02  -2.5581277e-02
   3.9210000e+01  -9.1353187e-02  -2.5571027e-02
   3.9220000e+01  -9.1361890e-02  -2.5560456e-02
   3.9230000e+01  -9.1364113e-02  -2.5549476e-02
   3.9240000e+01  -9.1359179e-02  -2.5538216e-02
   3.9250000e+01  -9.1346685e-02  -2.5526937e-02
   3.9260000e+01  -9.1326493e-02  -2.5515859e-02
   3.9270000e+01  -9.1298800e-02  -2.5505051e-02
   3.9280000e+01  -9.1263990e-02  -2.5494419e-02
   3.9290000e+01  -9.1222251e-02  -2.5483782e-02
   3.9300000e+01  -9.1173244e-02  -2.5472998e-02
   3.9310000e+01  -9.1116097e-02  -2.5462029e-02
   3.9320000e+01  -9.1049701e-02  -2.5450863e-02
   3.9330000e+01  -9.0973114e-02  -2.5439377e-02
   3.9340000e+01  -9.0885925e-02  -2.5427260e-02
   3.9350000e+01  -9.0788455e-02  -2.5414052e-02
   3.9360000e+01  -9.0681742e-02  -2.5399230e-02
   3.9370000e+01  -9.0567320e-02  -2.5382322e-02
   3.9380000e+01  -9.0446935e-02  -2.5363002e-02
   3.9390000e+01  -9.0322456e-02  -2.5341172e-02
   3.9400000e+01  -9.0196026e-02  -2.5317056e-02
   3.9410000e+01  -9.0070143e-02  -2.5291269e-02
   3.9420000e+01  -8.9947520e-02  -2.5264793e-02
   3.9430000e+01  -8.9830880e-02  -2.5238823e-02
   3.9440000e+01  -8.9722821e-02  -2.5214530e-02
   3.9450000e+01  -8.9625637e-02  -2.5192804e-02
   3.9460000e+01  -8.9541017e-02  -2.5174109e-02
   3.9470000e+01  -8.9469749e-02  -2.5158507e-02
   3.9480000e+01  -8.9411671e-02  -2.5145755e-02
   3.9490000e+01  -8.9365937e-02  -2.5135378e-02
   3.9500000e+01  -8.9331473e-02  -2.5126735e-02
   3.9510000e+01  -8.9307310e-02  -2.5119119e-02
   3.9520000e+01  -8.9292588e-02  -2.5111920e-02
   3.9530000e+01  -8.9286324e-02  -2.5104781e-02
   3.9540000e+01  -8.9287295e-02  -2.5097667e-02
   3.9550000e+01  -8.9294140e-02  -2.5090837e-02
   3.9560000e+01  -8.9305604e-02  -2.5084735e-02
   3.9570000e+01  -8.9320823e-02  -2.5079836e-02
   3.9580000e+01  -8.9339558e-02  -2.5076535e-02
   3.9590000e+01  -8.9362264e-02  -2.5075137e-02
   3.9600000e+01  -8.9389911e-02  -2.5075903e-02
   3.9610000e+01  -8.9423550e-02  -2.5079023e-02
   3.9620000e+01  -8.9463796e-02  -2.5084525e-02
   3.9630000e+01  -8.9510487e-02  -2.5092183e-02
   3.9640000e+01  -8.9562616e-02  -2.5101516e-02
   3.9650000e+01  -8.9618503e-02  -2.5111920e-02
   3.9660000e+01  -8.9676073e-02  -2.5122842e-02
   3.9670000e+01  -8.9733151e-02  -2.5133849e-02
   3.9680000e+01  -8.9787659e-02  -2.5144579e-02
   3.9690000e+01  -8.9837640e-02  -2.5154646e-02
   3.9700000e+01  -8.9881211e-02  -2.5163624e-02
   3.9710000e+01  -8.9916663e-02  -2.5171130e-02
   3.9720000e+01  -8.9942684e-02  -2.5176956e-02
   3.9730000e+01  -8.9958536e-02  -2.5181182e-02
   3.9740000e+01  -8.9964073e-02  -2.5184176e-02
   3.9750000e+01  -8.9959568e-02  -2.5186541e-02
   3.9760000e+01  -8.9945411e-02  -2.5189023e-02
   3.9770000e+01  -8.9921799e-02  -2.5192371e-02
   3.9780000e+01  -8.9888592e-02  -2.5197149e-02
   3.9790000e+01  -8.9845442e-02  -2.5203578e-02
   3.9800000e+01  -8.9792153e-02  -2.5211452e-02
   3.9810000e+01  -8.9729071e-02  -2.5220148e-02
   3.9820000e+01  -8.9657235e-02  -2.5228715e-02
   3.9830000e+01  -8.9578258e-02  -2.5235987e-02
   3.9840000e+01  -8.9494123e-02  -2.5240700e-02
   3.9850000e+01  -8.9407067e-02  -2.5241636e-02
   3.9860000e+01  -8.9319461e-02  -2.5237790e-02
   3.9870000e+01  -8.9233610e-02  -2.5228496e-02
   3.9880000e+01  -8.9151483e-02  -2.5213474e-02
   3.9890000e+01  -8.9074550e-02  -2.5192808e-02
   3.9900000e+01  -8.9003749e-02  -2.5166885e-02
   3.9910000e+01  -8.8939529e-02  -2.5136283e-02
   3.9920000e+01  -8.8881961e-02  -2.5101625e-02
   3.9930000e+01  -8.8830910e-02  -2.5063450e-02
   3.9940000e+01  -8.8786184e-02  -2.5022113e-02
   3.9950000e+01  -8.8747574e-02  -2.4977765e-02
   3.9960000e+01  -8.8714826e-02  -2.4930433e-02
   3.9970000e+01  -8.8687611e-02  -2.4880162e-02
   3.9980000e+01  -8.8665562e-02  -2.4827145e-02
   3.9990000e+01  -8.8648375e-02  -2.4771778e-02
   4.0000000e+01  -8.8635900e-02  -2.4714648e-02
   4.0010000e+01  -8.8628074e-02  -2.4656514e-02
   4.0020000e+01  -8.8624662e-02  -2.4598284e-02
   4.0030000e+01  -8.8624921e-02  -2.4540957e-02
   4.0040000e+01  -8.8627463e-02  -2.4485562e-02
   4.0050000e+01  -8.8630425e-02  -2.4433122e-02
   4.0060000e+01  -8.8631756e-02  -2.4384608e-02
   4.0070000e+01  -8.8629505e-02  -2.4340879e-02
   4.0080000e+01  -8.8622124e-02  -2.4302603e-02
   4.0090000e+01  -8.8608716e-02  -2.4270251e-02
   4.0100000e+01  -8.8589048e-02  -2.4244100e-02
   4.0110000e+01  -8.8563391e-02  -2.4224205e-02
   4.0120000e+01  -8.8532385e-02  -2.4210325e-02
   4.0130000e+01  -8.8496926e-02  -2.4201845e-02
   4.0140000e+01  -8.8457944e-02  -2.4197818e-02
   4.0150000e+01  -8.8416114e-02  -2.4197136e-02
   4.0160000e+01  -8.8371693e-02  -2.4198750e-02
   4.0170000e+01  -8.8324624e-02  -2.4201790e-02
   4.0180000e+01  -8.8274839e-02  -2.4205549e-02
   4.0190000e+01  -8.8222560e-02  -2.4209444e-02
   4.0200000e+01  -8.8168457e-02  -2.4212990e-02
   4.0210000e+01  -8.8113636e-02  -2.4215781e-02
   4.0220000e+01  -8.8059452e-02  -2.4217481e-02
   4.0230000e+01  -8.8007256e-02  -2.4217848e-02
   4.0240000e+01  -8.7958275e-02  -2.4216749e-02
   4.0250000e+01  -8.7913654e-02  -2.4214182e-02
   4.0260000e+01  -8.7874444e-02  -2.4210284e-02
   4.0270000e+01  -8.7841420e-02  -2.4205325e-02
   4.0280000e+01  -8.7814880e-02  -2.4199653e-02
   4.0290000e+01  -8.7794632e-02  -2.4193614e-02
   4.0300000e+01  -8.7780133e-02  -2.4187486e-02
   4.0310000e+01  -8.7770582e-02  -2.4181447e-02
   4.0320000e+01  -8.7764908e-02  -2.4175568e-02
   4.0330000e+01  -8.7761708e-02  -2.4169790e-02
   4.0340000e+01  -8.7759248e-02  -2.4163928e-02
   4.0350000e+01  -8.7755533e-02  -2.4157716e-02
   4.0360000e+01  -8.7748438e-02  -2.4150876e-02
   4.0370000e+01  -8.7735910e-02  -2.4143156e-02
   4.0380000e+01  -8.7716248e-02  -2.4134381e-02
   4.0390000e+01  -8.7688345e-02  -2.4124488e-02
   4.0400000e+01  -8.7651816e-02  -2.4113549e-02
   4.0410000e+01  -8.7606993e-02  -2.4101753e-02
   4.0420000e+01  -8.7554842e-02  -2.4089394e-02
   4.0430000e+01  -8.7496750e-02  -2.4076835e-02
   4.0440000e+01  -8.7434181e-02  -2.4064447e-02
   4.0450000e+01  -8.7368360e-02  -2.4052527e-02
   4.0460000e+01  -8.7300183e-02  -2.4041250e-02
   4.0470000e+01  -8.7230326e-02  -2.4030669e-02
   4.0480000e+01  -8.7159383e-02  -2.4020695e-02
   4.0490000e+01  -8.7087886e-02  -2.4011086e-02
   4.0500000e+01  -8.7016280e-02  -2.4001506e-02
   4.0510000e+01  -8.6945014e-02  -2.3991630e-02
   4.0520000e+01  -8.6874744e-02  -2.3981231e-02
   4.0530000e+01  -8.6806520e-02  -2.3970200e-02
   4.0540000e+01  -8.6741807e-02  -2.3958561e-02
   4.0550000e+01  -8.6682264e-02  -2.3946497e-02
   4.0560000e+01  -8.6629381e-02  -2.3934342e-02
   4.0570000e+01  -8.6584188e-02  -2.3922526e-02
   4.0580000e+01  -8.6547202e-02  -2.3911477e-02
   4.0590000e+01  -8.6518538e-02  -2.3901526e-02
   4.0600000e+01  -8.6498071e-02  -2.3892833e-02
   4.0610000e+01  -8.6485503e-02  -2.3885385e-02
   4.0620000e+01  -8.6480378e-02  -2.3879083e-02
   4.0630000e+01  -8.6482211e-02  -2.3873860e-02
   4.0640000e+01  -8.6490709e-02  -2.3869720e-02
   4.0650000e+01  -8.6505917e-02  -2.3866717e-02
   4.0660000e+01  -8.6528109e-02  -2.3864898e-02
   4.0670000e+01  -8.6557517e-02  -2.3864227e-02
   4.0680000e+01  -8.6594057e-02  -2.3864569e-02
   4.0690000e+01  -8.6637182e-02  -2.3865740e-02
   4.0700000e+01  -8.6685863e-02  -2.3867590e-02
   4.0710000e+01  -8.6738678e-02  -2.3870053e-02
   4.0720000e+01  -8.6793959e-02  -2.3873164e-02
   4.0730000e+01  -8.6849935e-02  -2.3877050e-02
   4.0740000e+01  -8.6904744e-02  -2.3881890e-02
   4.0750000e+01  -8.6956364e-02  -2.3887857e-02
   4.0760000e+01  -8.7002584e-02  -2.3895023e-02
   4.0770000e+01  -8.7041150e-02  -2.3903259e-02
   4.0780000e+01  -8.7069968e-02  -2.3912163e-02
   4.0790000e+01  -8.7087279e-02  -2.3921050e-02
   4.0800000e+01  -8.7091814e-02  -2.3929041e-02
   4.0810000e+01  -8.7082955e-02  -2.3935234e-02
   4.0820000e+01  -8.7060812e-02  -2.3938878e-02
   4.0830000e+01  -8.7026158e-02  -2.3939496e-02
   4.0840000e+01  -8.6980180e-02  -2.3936899e-02
   4.0850000e+01  -8.6924184e-02  -2.3931185e-02
   4.0860000e+01  -8.6859419e-02  -2.3922739e-02
   4.0870000e+01  -8.6787125e-02  -2.3912200e-02
   4.0880000e+01  -8.6708675e-02  -2.3900350e-02
   4.0890000e+01  -8.6625575e-02  -2.3887957e-02
   4.0900000e+01  -8.6539276e-02  -2.3875617e-02
   4.0910000e+01  -8.6450912e-02  -2.3863663e-02
   4.0920000e+01  -8.6361103e-02  -2.3852160e-02
   4.0930000e+01  -8.6269875e-02  -2.3840967e-02
   4.0940000e+01  -8.6176756e-02  -2.3829811e-02
   4.0950000e+01  -8.6081039e-02  -2.3818345e-02
   4.0960000e+01  -8.5982168e-02  -2.3806182e-02
   4.0970000e+01  -8.5880107e-02  -2.3792937e-02
   4.0980000e+01  -8.5775515e-02  -2.3778312e-02
   4.0990000e+01  -8.5669694e-02  -2.3762194e-02
   4.1000000e+01  -8.5564364e-02  -2.3744702e-02
   4.1010000e+01  -8.5461413e-02  -2.3726151e-02
   4.1020000e+01  -8.5362683e-02  -2.3706928e-02
   4.1030000e+01  -8.5269855e-02  -2.3687354e-02
   4.1040000e+01  -8.5184424e-02  -2.3667640e-02
   4.1050000e+01  -8.5107698e-02  -2.3647919e-02
   4.1060000e+01  -8.5040696e-02  -2.3628319e-02
   4.1070000e+01  -8.4983999e-02  -2.3608995e-02
   4.1080000e+01  -8.4937656e-02  -2.3590090e-02
   4.1090000e+01  -8.4901249e-02  -2.3571656e-02
   4.1100000e+01  -8.4874105e-02  -2.3553601e-02
   4.1110000e+01  -8.4855554e-02  -2.3535701e-02
   4.1120000e+01  -8.4845115e-02  -2.3517633e-02
   4.1130000e+01  -8.4842515e-02  -2.3499013e-02
   4.1140000e+01  -8.4847513e-02  -2.3479458e-02
   4.1150000e+01  -8.4859614e-02  -2.3458677e-02
   4.1160000e+01  -8.4877833e-02  -2.3436592e-02
   4.1170000e+01  -8.4900661e-02  -2.3413426e-02
   4.1180000e+01  -8.4926232e-02  -2.3389731e-02
   4.1190000e+01  -8.4952546e-02  -2.3366343e-02
   4.1200000e+01  -8.4977618e-02  -2.3344300e-02
   4.1210000e+01  -8.4999576e-02  -2.3324750e-02
   4.1220000e+01  -8.5016786e-02  -2.3308861e-02
   4.1230000e+01  -8.5027989e-02  -2.3297680e-02
   4.1240000e+01  -8.5032384e-02  -2.3292002e-02
   4.1250000e+01  -8.5029624e-02  -2.3292267e-02
   4.1260000e+01  -8.5019764e-02  -2.3298503e-02
   4.1270000e+01  -8.5003166e-02  -2.3310352e-02
   4.1280000e+01  -8.4980375e-02  -2.3327147e-02
   4.1290000e+01  -8.4952013e-02  -2.3348040e-02
   4.1300000e+01  -8.4918721e-02  -2.3372123e-02
   4.1310000e+01  -8.4881118e-02  -2.3398548e-02
   4.1320000e+01  -8.4839780e-02  -2.3426591e-02
   4.1330000e+01  -8.4795205e-02  -2.3455647e-02
   4.1340000e+01  -8.4747785e-02  -2.3485186e-02
   4.1350000e+01  -8.4697807e-02  -2.3514699e-02
   4.1360000e+01  -8.4645572e-02  -2.3543689e-02
   4.1370000e+01  -8.4591619e-02  -2.3571658e-02
   4.1380000e+01  -8.4536930e-02  -2.3598089e-02
   4.1390000e+01  -8.4482936e-02  -2.3622425e-02
   4.1400000e+01  -8.4431288e-02  -2.3644074e-02
   4.1410000e+01  -8.4383555e-02  -2.3662445e-02
   4.1420000e+01  -8.4340969e-02  -2.3676972e-02
   4.1430000e+01  -8.4304239e-02  -2.3687148e-02
   4.1440000e+01  -8.4273468e-02  -2.3692548e-02
   4.1450000e+01  -8.4248242e-02  -2.3692866e-02
   4.1460000e+01  -8.4227815e-02  -2.3687939e-02
   4.1470000e+01  -8.4211280e-02  -2.3677767e-02
   4.1480000e+01  -8.4197676e-02  -2.3662553e-02
   4.1490000e+01  -8.4186143e-02  -2.3642754e-02
   4.1500000e+01  -8.4176060e-02  -2.3619103e-02
   4.1510000e+01  -8.4167081e-02  -2.3592552e-02
   4.1520000e+01  -8.4158995e-02  -2.3564128e-02
   4.1530000e+01  -8.4151519e-02  -2.3534779e-02
   4.1540000e+01  -8.4144126e-02  -2.3505274e-02
   4.1550000e+01  -8.4136021e-02  -2.3476186e-02
   4.1560000e+01  -8.4126233e-02  -2.3447911e-02
   4.1570000e+01  -8.4113784e-02  -2.3420713e-02
   4.1580000e+01  -8.4097844e-02  -2.3394749e-02
   4.1590000e+01  -8.4077780e-02  -2.3370082e-02
   4.1600000e+01  -8.4053110e-02  -2.3346693e-02
   4.1610000e+01  -8.4023493e-02  -2.3324497e-02
   4.1620000e+01  -8.3988816e-02  -2.3303369e-02
   4.1630000e+01  -8.3949300e-02  -2.3283139e-02
   4.1640000e+01  -8.3905495e-02  -2.3263599e-02
   4.1650000e+01  -8.3858204e-02  -2.3244525e-02
   4.1660000e+01  -8.3808440e-02  -2.3225712e-02
   4.1670000e+01  -8.3757456e-02  -2.3207009e-02
   4.1680000e+01  -8.3706767e-02  -2.3188325e-02
   4.1690000e+01  -8.3658096e-02  -2.3169629e-02
   4.1700000e+01  -8.3613238e-02  -2.3150954e-02
   4.1710000e+01  -8.3573880e-02  -2.3132407e-02
   4.1720000e+01  -8.3541408e-02  -2.3114154e-02
   4.1730000e+01  -8.3516716e-02  -2.3096403e-02
   4.1740000e+01  -8.3500051e-02  -2.3079362e-02
   4.1750000e+01  -8.3490983e-02  -2.3063199e-02
   4.1760000e+01  -8.3488488e-02  -2.3048003e-02
   4.1770000e+01  -8.3491123e-02  -2.3033774e-02
   4.1780000e+01  -8.3497273e-02  -2.3020409e-02
   4.1790000e+01  -8.3505419e-02  -2.3007701e-02
   4.1800000e+01  -8.3514332e-02  -2.2995346e-02
   4.1810000e+01  -8.3523089e-02  -2.2982997e-02
   4.1820000e+01  -8.3530962e-02  -2.2970336e-02
   4.1830000e+01  -8.3537311e-02  -2.2957127e-02
   4.1840000e+01  -8.3541545e-02  -2.2943250e-02
   4.1850000e+01  -8.3543121e-02  -2.2928741e-02
   4.1860000e+01  -8.3541456e-02  -2.2913794e-02
   4.1870000e+01  -8.3535804e-02  -2.2898729e-02
   4.1880000e+01  -8.3525173e-02  -2.2883914e-02
   4.1890000e+01  -8.3508396e-02  -2.2869696e-02
   4.1900000e+01  -8.3484350e-02  -2.2856335e-02
   4.1910000e+01  -8.3452215e-02  -2.2843952e-02
   4.1920000e+01  -8.3411632e-02  -2.2832494e-02
   4.1930000e+01  -8.3362677e-02  -2.2821739e-02
   4.1940000e+01  -8.3305730e-02  -2.2811358e-02
   4.1950000e+01  -8.3241326e-02  -2.2800987e-02
   4.1960000e+01  -8.3170080e-02  -2.2790319e-02
   4.1970000e+01  -8.3092653e-02  -2.2779161e-02
   4.1980000e+01  -8.3009681e-02  -2.2767430e-02
   4.1990000e+01  -8.2921664e-02  -2.2755095e-02
   4.2000000e+01  -8.2828932e-02  -2.2742112e-02
   4.2010000e+01  -8.2731767e-02  -2.2728414e-02
   4.2020000e+01  -8.2630596e-02  -2.2713931e-02
   4.2030000e+01  -8.2526136e-02  -2.2698643e-02
   4.2040000e+01  -8.2419417e-02  -2.2682619e-02
   4.2050000e+01  -8.2311726e-02  -2.2666025e-02
   4.2060000e+01  -8.2204525e-02  -2.2649098e-02
   4.2070000e+01  -8.2099369e-02  -2.2632101e-02
   4.2080000e+01  -8.1997858e-02  -2.2615287e-02
   4.2090000e+01  -8.1901632e-02  -2.2598855e-02
   4.2100000e+01  -8.1812390e-02  -2.2582909e-02
   4.2110000e+01  -8.1731858e-02  -2.2567448e-02
   4.2120000e+01  -8.1661644e-02  -2.2552401e-02
   4.2130000e+01  -8.1603065e-02  -2.2537702e-02
   4.2140000e+01  -8.1557005e-02  -2.2523365e-02
   4.2150000e+01  -8.1523819e-02  -2.2509563e-02
   4.2160000e+01  -8.1503293e-02  -2.2496641e-02
   4.2170000e+01  -8.1494671e-02  -2.2485089e-02
   4.2180000e+01  -8.1496769e-02  -2.2475452e-02
   4.2190000e+01  -8.1508155e-02  -2.2468220e-02
   4.2200000e+01  -8.1527322e-02  -2.2463752e-02
   4.2210000e+01  -8.1552781e-02  -2.2462225e-02
   4.2220000e+01  -8.1583025e-02  -2.2463584e-02
   4.2230000e+01  -8.1616490e-02  -2.2467510e-02
   4.2240000e+01  -8.1651634e-02  -2.2473427e-02
   4.2250000e+01  -8.1687150e-02  -2.2480576e-02
   4.2260000e+01  -8.1722169e-02  -2.2488147e-02
   4.2270000e+01  -8.1756356e-02  -2.2495405e-02
   4.2280000e+01  -8.1789859e-02  -2.2501790e-02
   4.2290000e+01  -8.1823115e-02  -2.2506955e-02
   4.2300000e+01  -8.1856585e-02  -2.2510768e-02
   4.2310000e+01  -8.1890444e-02  -2.2513303e-02
   4.2320000e+01  -8.1924366e-02  -2.2514823e-02
   4.2330000e+01  -8.1957471e-02  -2.2515740e-02
   4.2340000e+01  -8.1988446e-02  -2.2516530e-02
   4.2350000e+01  -8.2015770e-02  -2.2517612e-02
   4.2360000e+01  -8.2037919e-02  -2.2519245e-02
   4.2370000e+01  -8.2053514e-02  -2.2521478e-02
   4.2380000e+01  -8.2061391e-02  -2.2524193e-02
   4.2390000e+01  -8.2060623e-02  -2.2527196e-02
   4.2400000e+01  -8.2050552e-02  -2.2530311e-02
   4.2410000e+01  -8.2030859e-02  -2.2533423e-02
   4.2420000e+01  -8.2001651e-02  -2.2536469e-02
   4.2430000e+01  -8.1963477e-02  -2.2539412e-02
   4.2440000e+01  -8.1917204e-02  -2.2542219e-02
   4.2450000e+01  -8.1863825e-02  -2.2544880e-02
   4.2460000e+01  -8.1804257e-02  -2.2547436e-02
   4.2470000e+01  -8.1739250e-02  -2.2549989e-02
   4.2480000e+01  -8.1669436e-02  -2.2552687e-02
   4.2490000e+01  -8.1595504e-02  -2.2555698e-02
   4.2500000e+01  -8.1518395e-02  -2.2559188e-02
   4.2510000e+01  -8.1439411e-02  -2.2563304e-02
   4.2520000e+01  -8.1360165e-02  -2.2568126e-02
   4.2530000e+01  -8.1282396e-02  -2.2573600e-02
   4.2540000e+01  -8.1207768e-02  -2.2579475e-02
   4.2550000e+01  -8.1137751e-02  -2.2585279e-02
   4.2560000e+01  -8.1073558e-02  -2.2590357e-02
   4.2570000e+01  -8.1016096e-02  -2.2593923e-02
   4.2580000e+01  -8.0965898e-02  -2.2595118e-02
   4.2590000e+01  -8.0923099e-02  -2.2593061e-02
   4.2600000e+01  -8.0887443e-02  -2.2586939e-02
   4.2610000e+01  -8.0858337e-02  -2.2576116e-02
   4.2620000e+01  -8.0834950e-02  -2.2560243e-02
   4.2630000e+01  -8.0816319e-02  -2.2539323e-02
   4.2640000e+01  -8.0801461e-02  -2.2513716e-02
   4.2650000e+01  -8.0789447e-02  -2.2484073e-02
   4.2660000e+01  -8.0779468e-02  -2.2451247e-02
   4.2670000e+01  -8.0770860e-02  -2.2416196e-02
   4.2680000e+01  -8.0763101e-02  -2.2379880e-02
   4.2690000e+01  -8.0755777e-02  -2.2343192e-02
   4.2700000e+01  -8.0748521e-02  -2.2306908e-02
   4.2710000e+01  -8.0740890e-02  -2.2271682e-02
   4.2720000e+01  -8.0732218e-02  -2.2238033e-02
   4.2730000e+01  -8.0721529e-02  -2.2206347e-02
   4.2740000e+01  -8.0707626e-02  -2.2176885e-02
   4.2750000e+01  -8.0689327e-02  -2.2149821e-02
   4.2760000e+01  -8.0665722e-02  -2.2125284e-02
   4.2770000e+01  -8.0636345e-02  -2.2103382e-02
   4.2780000e+01  -8.0601229e-02  -2.2084212e-02
   4.2790000e+01  -8.0560877e-02  -2.2067871e-02
   4.2800000e+01  -8.0516110e-02  -2.2054464e-02
   4.2810000e+01  -8.0467899e-02  -2.2044109e-02
   4.2820000e+01  -8.0417221e-02  -2.2036927e-02
   4.2830000e+01  -8.0364983e-02  -2.2033010e-02
   4.2840000e+01  -8.0311947e-02  -2.2032388e-02
   4.2850000e+01  -8.0258683e-02  -2.2034963e-02
   4.2860000e+01  -8.0205590e-02  -2.2040459e-02
   4.2870000e+01  -8.0153005e-02  -2.2048401e-02
   4.2880000e+01  -8.0101329e-02  -2.2058160e-02
   4.2890000e+01  -8.0051085e-02  -2.2069039e-02
   4.2900000e+01  -8.0002881e-02  -2.2080378e-02
   4.2910000e+01  -7.9957312e-02  -2.2091636e-02
   4.2920000e+01  -7.9914844e-02  -2.2102419e-02
   4.2930000e+01  -7.9875748e-02  -2.2112480e-02
   4.2940000e+01  -7.9840111e-02  -2.2121697e-02
   4.2950000e+01  -7.9807891e-02  -2.2130046e-02
   4.2960000e+01  -7.9778940e-02  -2.2137585e-02
   4.2970000e+01  -7.9752964e-02  -2.2144432e-02
   4.2980000e+01  -7.9729455e-02  -2.2150726e-02
   4.2990000e+01  -7.9707691e-02  -2.2156591e-02
   4.3000000e+01  -7.9686768e-02  -2.2162121e-02
   4.3010000e+01  -7.9665622e-02  -2.2167370e-02
   4.3020000e+01  -7.9643021e-02  -2.2172353e-02
   4.3030000e+01  -7.9617586e-02  -2.2177044e-02
   4.3040000e+01  -7.9587896e-02  -2.2181374e-02
   4.3050000e+01  -7.9552647e-02  -2.2185250e-02
   4.3060000e+01  -7.9510821e-02  -2.2188572e-02
   4.3070000e+01  -7.9461839e-02  -2.2191239e-02
   4.3080000e+01  -7.9405661e-02  -2.2193152e-02
   4.3090000e+01  -7.9342846e-02  -2.2194203e-02
   4.3100000e+01  -7.9274502e-02  -2.2194271e-02
   4.3110000e+01  -7.9202147e-02  -2.2193240e-02
   4.3120000e+01  -7.9127499e-02  -2.2191012e-02
   4.3130000e+01  -7.9052250e-02  -2.2187531e-02
   4.3140000e+01  -7.8977871e-02  -2.2182791e-02
   4.3150000e+01  -7.8905517e-02  -2.2176854e-02
   4.3160000e+01  -7.8836054e-02  -2.2169865e-02
   4.3170000e+01  -7.8770161e-02  -2.2162064e-02
   4.3180000e+01  -7.8708417e-02  -2.2153752e-02
   4.3190000e+01  -7.8651339e-02  -2.2145245e-02
   4.3200000e+01  -7.8599393e-02  -2.2136819e-02
   4.3210000e+01  -7.8553056e-02  -2.2128666e-02
   4.3220000e+01  -7.8512882e-02  -2.2120846e-02
   4.3230000e+01  -7.8479515e-02  -2.2113274e-02
   4.3240000e+01  -7.8453595e-02  -2.2105735e-02
   4.3250000e+01  -7.8435577e-02  -2.2097931e-02
   4.3260000e+01  -7.8425577e-02  -2.2089542e-02
   4.3270000e+01  -7.8423317e-02  -2.2080303e-02
   4.3280000e+01  -7.8428200e-02  -2.2070074e-02
   4.3290000e+01  -7.8439440e-02  -2.2058879e-02
   4.3300000e+01  -7.8456182e-02  -2.2046898e-02
   4.3310000e+01  -7.8477565e-02  -2.2034423e-02
   4.3320000e+01  -7.8502738e-02  -2.2021790e-02
   4.3330000e+01  -7.8530896e-02  -2.2009303e-02
   4.3340000e+01  -7.8561317e-02  -2.1997187e-02
   4.3350000e+01  -7.8593359e-02  -2.1985581e-02
   4.3360000e+01  -7.8626368e-02  -2.1974567e-02
   4.3370000e+01  -7.8659569e-02  -2.1964200e-02
   4.3380000e+01  -7.8692009e-02  -2.1954515e-02
   4.3390000e+01  -7.8722591e-02  -2.1945518e-02
   4.3400000e+01  -7.8750133e-02  -2.1937156e-02
   4.3410000e+01  -7.8773422e-02  -2.1929304e-02
   4.3420000e+01  -7.8791245e-02  -2.1921753e-02
   4.3430000e+01  -7.8802397e-02  -2.1914229e-02
   4.3440000e+01  -7.8805690e-02  -2.1906417e-02
   4.3450000e+01  -7.8799977e-02  -2.1897987e-02
   4.3460000e+01  -7.8784219e-02  -2.1888649e-02
   4.3470000e+01  -7.8757598e-02  -2.1878208e-02
   4.3480000e+01  -7.8719644e-02  -2.1866596e-02
   4.3490000e+01  -7.8670320e-02  -2.1853862e-02
   4.3500000e+01  -7.8610047e-02  -2.1840123e-02
   4.3510000e+01  -7.8539680e-02  -2.1825509e-02
   4.3520000e+01  -7.8460435e-02  -2.1810109e-02
   4.3530000e+01  -7.8373779e-02  -2.1793939e-02
   4.3540000e+01  -7.8281318e-02  -2.1776935e-02
   4.3550000e+01  -7.8184685e-02  -2.1758981e-02
   4.3560000e+01  -7.8085491e-02  -2.1739941e-02
   4.3570000e+01  -7.7985310e-02  -2.1719705e-02
   4.3580000e+01  -7.7885647e-02  -2.1698228e-02
   4.3590000e+01  -7.7787826e-02  -2.1675583e-02
   4.3600000e+01  -7.7692807e-02  -2.1652006e-02
   4.3610000e+01  -7.7601069e-02  -2.1627897e-02
   4.3620000e+01  -7.7512618e-02  -2.1603792e-02
   4.3630000e+01  -7.7427119e-02  -2.1580285e-02
   4.3640000e+01  -7.7344123e-02  -2.1557946e-02
   4.3650000e+01  -7.7263299e-02  -2.1537246e-02
   4.3660000e+01  -7.7184640e-02  -2.1518497e-02
   4.3670000e+01  -7.7108567e-02  -2.1501812e-02
   4.3680000e+01  -7.7035896e-02  -2.1487077e-02
   4.3690000e+01  -7.6967693e-02  -2.1473933e-02
   4.3700000e+01  -7.6905081e-02  -2.1461822e-02
   4.3710000e+01  -7.6849086e-02  -2.1450075e-02
   4.3720000e+01  -7.6800539e-02  -2.1438034e-02
   4.3730000e+01  -7.6760038e-02  -2.1425169e-02
   4.3740000e+01  -7.6727922e-02  -2.1411131e-02
   4.3750000e+01  -7.6704244e-02  -2.1395748e-02
   4.3760000e+01  -7.6688726e-02  -2.1378973e-02
   4.3770000e+01  -7.6680729e-02  -2.1360838e-02
   4.3780000e+01  -7.6679297e-02  -2.1341424e-02
   4.3790000e+01  -7.6683290e-02  -2.1320843e-02
   4.3800000e+01  -7.6691554e-02  -2.1299233e-02
   4.3810000e+01  -7.6703049e-02  -2.1276749e-02
   4.3820000e+01  -7.6716883e-02  -2.1253540e-02
   4.3830000e+01  -7.6732226e-02  -2.1229734e-02
   4.3840000e+01  -7.6748178e-02  -2.1205433e-02
   4.3850000e+01  -7.6763648e-02  -2.1180725e-02
   4.3860000e+01  -7.6777338e-02  -2.1155703e-02
   4.3870000e+01  -7.6787838e-02  -2.1130467e-02
   4.3880000e+01  -7.6793789e-02  -2.1105145e-02
   4.3890000e+01  -7.6794043e-02  -2.1079906e-02
   4.3900000e+01  -7.6787731e-02  -2.1055004e-02
   4.3910000e+01  -7.6774284e-02  -2.1030807e-02
   4.3920000e+01  -7.6753443e-02  -2.1007797e-02
   4.3930000e+01  -7.6725274e-02  -2.0986538e-02
   4.3940000e+01  -7.6690179e-02  -2.0967641e-02
   4.3950000e+01  -7.6648874e-02  -2.0951721e-02
   4.3960000e+01  -7.6602329e-02  -2.0939367e-02
   4.3970000e+01  -7.6551663e-02  -2.0931087e-02
   4.3980000e+01  -7.6498035e-02  -2.0927230e-02
   4.3990000e+01  -7.6442525e-02  -2.0927903e-02
   4.4000000e+01  -7.6386067e-02  -2.0932926e-02
   4.4010000e+01  -7.6329394e-02  -2.0941831e-02
   4.4020000e+01  -7.6273047e-02  -2.0953924e-02
   4.4030000e+01  -7.6217418e-02  -2.0968351e-02
   4.4040000e+01  -7.6162828e-02  -2.0984174e-02
   4.4050000e+01  -7.6109606e-02  -2.1000441e-02
   4.4060000e+01  -7.6058178e-02  -2.1016252e-02
   4.4070000e+01  -7.6009141e-02  -2.1030817e-02
   4.4080000e+01  -7.5963252e-02  -2.1043489e-02
   4.4090000e+01  -7.5921310e-02  -2.1053797e-02
   4.4100000e+01  -7.5883944e-02  -2.1061450e-02
   4.4110000e+01  -7.5851439e-02  -2.1066329e-02
   4.4120000e+01  -7.5823659e-02  -2.1068449e-02
   4.4130000e+01  -7.5800084e-02  -2.1067928e-02
   4.4140000e+01  -7.5779908e-02  -2.1064948e-02
   4.4150000e+01  -7.5762182e-02  -2.1059720e-02
   4.4160000e+01  -7.5745957e-02  -2.1052448e-02
   4.4170000e+01  -7.5730367e-02  -2.1043294e-02
   4.4180000e+01  -7.5714662e-02  -2.1032348e-02
   4.4190000e+01  -7.5698233e-02  -2.1019613e-02
   4.4200000e+01  -7.5680616e-02  -2.1005023e-02
   4.4210000e+01  -7.5661459e-02  -2.0988484e-02
   4.4220000e+01  -7.5640462e-02  -2.0969940e-02
   4.4230000e+01  -7.5617321e-02  -2.0949433e-02
   4.4240000e+01  -7.5591727e-02  -2.0927135e-02
   4.4250000e+01  -7.5563411e-02  -2.0903342e-02
   4.4260000e+01  -7.5532218e-02  -2.0878435e-02
   4.4270000e+01  -7.5498151e-02  -2.0852818e-02
   4.4280000e+01  -7.5461376e-02  -2.0826868e-02
   4.4290000e+01  -7.5422172e-02  -2.0800896e-02
   4.4300000e+01  -7.5380884e-02  -2.0775132e-02
   4.4310000e+01  -7.5337894e-02  -2.0749716e-02
   4.4320000e+01  -7.5293666e-02  -2.0724707e-02
   4.4330000e+01  -7.5248780e-02  -2.0700078e-02
   4.4340000e+01  -7.5203960e-02  -2.0675742e-02
   4.4350000e+01  -7.5160049e-02  -2.0651577e-02
   4.4360000e+01  -7.5117998e-02  -2.0627472e-02
   4.4370000e+01  -7.5078841e-02  -2.0603358e-02
   4.4380000e+01  -7.5043639e-02  -2.0579229e-02
   4.4390000e+01  -7.5013357e-02  -2.0555147e-02
   4.4400000e+01  -7.4988719e-02  -2.0531243e-02
   4.4410000e+01  -7.4970066e-02  -2.0507697e-02
   4.4420000e+01  -7.4957282e-02  -2.0484717e-02
   4.4430000e+01  -7.4949754e-02  -2.0462509e-02
   4.4440000e+01  -7.4946405e-02  -2.0441253e-02
   4.4450000e+01  -7.4945784e-02  -2.0421094e-02
   4.4460000e+01  -7.4946237e-02  -2.0402151e-02
   4.4470000e+01  -7.4946100e-02  -2.0384528e-02
   4.4480000e+01  -7.4943883e-02  -2.0368320e-02
   4.4490000e+01  -7.4938389e-02  -2.0353617e-02
   4.4500000e+01  -7.4928739e-02  -2.0340500e-02
   4.4510000e+01  -7.4914323e-02  -2.0329040e-02
   4.4520000e+01  -7.4894700e-02  -2.0319280e-02
   4.4530000e+01  -7.4869534e-02  -2.0311215e-02
   4.4540000e+01  -7.4838566e-02  -2.0304769e-02
   4.4550000e+01  -7.4801589e-02  -2.0299800e-02
   4.4560000e+01  -7.4758425e-02  -2.0296115e-02
   4.4570000e+01  -7.4708888e-02  -2.0293507e-02
   4.4580000e+01  -7.4652807e-02  -2.0291794e-02
   4.4590000e+01  -7.4590116e-02  -2.0290860e-02
   4.4600000e+01  -7.4520965e-02  -2.0290672e-02
   4.4610000e+01  -7.4445803e-02  -2.0291288e-02
   4.4620000e+01  -7.4365356e-02  -2.0292833e-02
   4.4630000e+01  -7.4280544e-02  -2.0295455e-02
   4.4640000e+01  -7.4192368e-02  -2.0299259e-02
   4.4650000e+01  -7.4101820e-02  -2.0304246e-02
   4.4660000e+01  -7.4009856e-02  -2.0310278e-02
   4.4670000e+01  -7.3917386e-02  -2.0317082e-02
   4.4680000e+01  -7.3825272e-02  -2.0324290e-02
   4.4690000e+01  -7.3734311e-02  -2.0331496e-02
   4.4700000e+01  -7.3645253e-02  -2.0338313e-02
   4.4710000e+01  -7.3558848e-02  -2.0344420e-02
   4.4720000e+01  -7.3475899e-02  -2.0349580e-02
   4.4730000e+01  -7.3397271e-02  -2.0353640e-02
   4.4740000e+01  -7.3323853e-02  -2.0356517e-02
   4.4750000e+01  -7.3256511e-02  -2.0358197e-02
   4.4760000e+01  -7.3196070e-02  -2.0358727e-02
   4.4770000e+01  -7.3143307e-02  -2.0358228e-02
   4.4780000e+01  -7.3098951e-02  -2.0356896e-02
   4.4790000e+01  -7.3063663e-02  -2.0355000e-02
   4.4800000e+01  -7.3037987e-02  -2.0352875e-02
   4.4810000e+01  -7.3022287e-02  -2.0350896e-02
   4.4820000e+01  -7.3016665e-02  -2.0349456e-02
   4.4830000e+01  -7.3020883e-02  -2.0348905e-02
   4.4840000e+01  -7.3034341e-02  -2.0349506e-02
   4.4850000e+01  -7.3056085e-02  -2.0351395e-02
   4.4860000e+01  -7.3084868e-02  -2.0354580e-02
   4.4870000e+01  -7.3119224e-02  -2.0358964e-02
   4.4880000e+01  -7.3157547e-02  -2.0364380e-02
   4.4890000e+01  -7.3198178e-02  -2.0370626e-02
   4.4900000e+01  -7.3239468e-02  -2.0377501e-02
   4.4910000e+01  -7.3279837e-02  -2.0384827e-02
   4.4920000e+01  -7.3317823e-02  -2.0392464e-02
   4.4930000e+01  -7.3352156e-02  -2.0400320e-02
   4.4940000e+01  -7.3381867e-02  -2.0408338e-02
   4.4950000e+01  -7.3406402e-02  -2.0416473e-02
   4.4960000e+01  -7.3425657e-02  -2.0424657e-02
   4.4970000e+01  -7.3439894e-02  -2.0432758e-02
   4.4980000e+01  -7.3449571e-02  -2.0440566e-02
   4.4990000e+01  -7.3455134e-02  -2.0447796e-02
   4.5000000e+01  -7.3456838e-02  -2.0454109e-02
   4.5010000e+01  -7.3454636e-02  -2.0459153e-02
   4.5020000e+01  -7.3448157e-02  -2.0462606e-02
   4.5030000e+01  -7.3436781e-02  -2.0464233e-02
   4.5040000e+01  -7.3419773e-02  -2.0463940e-02
   4.5050000e+01  -7.3396442e-02  -2.0461822e-02
   4.5060000e+01  -7.3366242e-02  -2.0458192e-02
   4.5070000e+01  -7.3328839e-02  -2.0453555e-02
   4.5080000e+01  -7.3284129e-02  -2.0448538e-02
   4.5090000e+01  -7.3232260e-02  -2.0443785e-02
   4.5100000e+01  -7.3173648e-02  -2.0439862e-02
   4.5110000e+01  -7.3108993e-02  -2.0437194e-02
   4.5120000e+01  -7.3039260e-02  -2.0436046e-02
   4.5130000e+01  -7.2965605e-02  -2.0436533e-02
   4.5140000e+01  -7.2889251e-02  -2.0438634e-02
   4.5150000e+01  -7.2811350e-02  -2.0442213e-02
   4.5160000e+01  -7.2732914e-02  -2.0447042e-02
   4.5170000e+01  -7.2654817e-02  -2.0452829e-02
   4.5180000e+01  -7.2577881e-02  -2.0459255e-02
   4.5190000e+01  -7.2502962e-02  -2.0465993e-02
   4.5200000e+01  -7.2431012e-02  -2.0472739e-02
   4.5210000e+01  -7.2363043e-02  -2.0479219e-02
   4.5220000e+01  -7.2300025e-02  -2.0485193e-02
   4.5230000e+01  -7.2242756e-02  -2.0490449e-02
   4.5240000e+01  -7.2191768e-02  -2.0494796e-02
   4.5250000e+01  -7.2147294e-02  -2.0498050e-02
   4.5260000e+01  -7.2109283e-02  -2.0500017e-02
   4.5270000e+01  -7.2077418e-02  -2.0500461e-02
   4.5280000e+01  -7.2051115e-02  -2.0499090e-02
   4.5290000e+01  -7.2029539e-02  -2.0495562e-02
   4.5300000e+01  -7.2011633e-02  -2.0489503e-02
   4.5310000e+01  -7.1996192e-02  -2.0480535e-02
   4.5320000e+01  -7.1981976e-02  -2.0468302e-02
   4.5330000e+01  -7.1967824e-02  -2.0452491e-02
   4.5340000e+01  -7.1952752e-02  -2.0432870e-02
   4.5350000e+01  -7.1936007e-02  -2.0409344e-02
   4.5360000e+01  -7.1917077e-02  -2.0382002e-02
   4.5370000e+01  -7.1895653e-02  -2.0351148e-02
   4.5380000e+01  -7.1871550e-02  -2.0317288e-02
   4.5390000e+01  -7.1844620e-02  -2.0281083e-02
   4.5400000e+01  -7.1814687e-02  -2.0243292e-02
   4.5410000e+01  -7.1781494e-02  -2.0204725e-02
   4.5420000e+01  -7.1744700e-02  -2.0166193e-02
   4.5430000e+01  -7.1703927e-02  -2.0128458e-02
   4.5440000e+01  -7.1658886e-02  -2.0092190e-02
   4.5450000e+01  -7.1609515e-02  -2.0057926e-02
   4.5460000e+01  -7.1556078e-02  -2.0026045e-02
   4.5470000e+01  -7.1499150e-02  -1.9996768e-02
   4.5480000e+01  -7.1439545e-02  -1.9970169e-02
   4.5490000e+01  -7.1378189e-02  -1.9946198e-02
   4.5500000e+01  -7.1316007e-02  -1.9924710e-02
   4.5510000e+01  -7.1253837e-02  -1.9905491e-02
   4.5520000e+01  -7.1192391e-02  -1.9888296e-02
   4.5530000e+01  -7.1132251e-02  -1.9872890e-02
   4.5540000e+01  -7.1073870e-02  -1.9859091e-02
   4.5550000e+01  -7.1017577e-02  -1.9846804e-02
   4.5560000e+01  -7.0963595e-02  -1.9836043e-02
   4.5570000e+01  -7.0912069e-02  -1.9826923e-02
   4.5580000e+01  -7.0863082e-02  -1.9819620e-02
   4.5590000e+01  -7.0816646e-02  -1.9814318e-02
   4.5600000e+01  -7.0772672e-02  -1.9811147e-02
   4.5610000e+01  -7.0730943e-02  -1.9810137e-02
   4.5620000e+01  -7.0691124e-02  -1.9811203e-02
   4.5630000e+01  -7.0652798e-02  -1.9814140e-02
   4.5640000e+01  -7.0615521e-02  -1.9818655e-02
   4.5650000e+01  -7.0578860e-02  -1.9824391e-02
   4.5660000e+01  -7.0542398e-02  -1.9830964e-02
   4.5670000e+01  -7.0505698e-02  -1.9837990e-02
   4.5680000e+01  -7.0468261e-02  -1.9845118e-02
   4.5690000e+01  -7.0429508e-02  -1.9852055e-02
   4.5700000e+01  -7.0388791e-02  -1.9858585e-02
   4.5710000e+01  -7.0345420e-02  -1.9864573e-02
   4.5720000e+01  -7.0298709e-02  -1.9869955e-02
   4.5730000e+01  -7.0248054e-02  -1.9874699e-02
   4.5740000e+01  -7.0193042e-02  -1.9878775e-02
   4.5750000e+01  -7.0133569e-02  -1.9882121e-02
   4.5760000e+01  -7.0069922e-02  -1.9884625e-02
   4.5770000e+01  -7.0002801e-02  -1.9886122e-02
   4.5780000e+01  -6.9933288e-02  -1.9886403e-02
   4.5790000e+01  -6.9862773e-02  -1.9885239e-02
   4.5800000e+01  -6.9792828e-02  -1.9882413e-02
   4.5810000e+01  -6.9725047e-02  -1.9877748e-02
   4.5820000e+01  -6.9660885e-02  -1.9871123e-02
   4.5830000e+01  -6.9601525e-02  -1.9862482e-02
   4.5840000e+01  -6.9547824e-02  -1.9851814e-02
   4.5850000e+01  -6.9500328e-02  -1.9839147e-02
   4.5860000e+01  -6.9459339e-02  -1.9824526e-02
   4.5870000e+01  -6.9424994e-02  -1.9808004e-02
   4.5880000e+01  -6.9397318e-02  -1.9789632e-02
   4.5890000e+01  -6.9376247e-02  -1.9769470e-02
   4.5900000e+01  -6.9361641e-02  -1.9747602e-02
   4.5910000e+01  -6.9353304e-02  -1.9724154e-02
   4.5920000e+01  -6.9350993e-02  -1.9699314e-02
   4.5930000e+01  -6.9354397e-02  -1.9673324e-02
   4.5940000e+01  -6.9363074e-02  -1.9646467e-02
   4.5950000e+01  -6.9376389e-02  -1.9619038e-02
   4.5960000e+01  -6.9393502e-02  -1.9591305e-02
   4.5970000e+01  -6.9413411e-02  -1.9563479e-02
   4.5980000e+01  -6.9435037e-02  -1.9535702e-02
   4.5990000e+01  -6.9457314e-02  -1.9508039e-02
   4.6000000e+01  -6.9479235e-02  -1.9480509e-02
   4.6010000e+01  -6.9499866e-02  -1.9453127e-02
   4.6020000e+01  -6.9518341e-02  -1.9425952e-02
   4.6030000e+01  -6.9533858e-02  -1.9399121e-02
   4.6040000e+01  -6.9545683e-02  -1.9372850e-02
   4.6050000e+01  -6.9553145e-02  -1.9347409e-02
   4.6060000e+01  -6.9555611e-02  -1.9323081e-02
   4.6070000e+01  -6.9552469e-02  -1.9300121e-02
   4.6080000e+01  -6.9543132e-02  -1.9278725e-02
   4.6090000e+01  -6.9527066e-02  -1.9259003e-02
   4.6100000e+01  -6.9503809e-02  -1.9240975e-02
   4.6110000e+01  -6.9472978e-02  -1.9224575e-02
   4.6120000e+01  -6.9434258e-02  -1.9209659e-02
   4.6130000e+01  -6.9387408e-02  -1.9196020e-02
   4.6140000e+01  -6.9332293e-02  -1.9183396e-02
   4.6150000e+01  -6.9268921e-02  -1.9171484e-02
   4.6160000e+01  -6.9197499e-02  -1.9159943e-02
   4.6170000e+01  -6.9118472e-02  -1.9148417e-02
   4.6180000e+01  -6.9032548e-02  -1.9136546e-02
   4.6190000e+01  -6.8940693e-02  -1.9123996e-02
   4.6200000e+01  -6.8844096e-02  -1.9110492e-02
   4.6210000e+01  -6.8744115e-02  -1.9095857e-02
   4.6220000e+01  -6.8642212e-02  -1.9080025e-02
   4.6230000e+01  -6.8539893e-02  -1.9063043e-02
   4.6240000e+01  -6.8438651e-02  -1.9045060e-02
   4.6250000e+01  -6.8339906e-02  -1.9026299e-02
   4.6260000e+01  -6.8244941e-02  -1.9007036e-02
   4.6270000e+01  -6.8154835e-02  -1.8987567e-02
   4.6280000e+01  -6.8070384e-02  -1.8968180e-02
   4.6290000e+01  -6.7992027e-02  -1.8949124e-02
   4.6300000e+01  -6.7919807e-02  -1.8930582e-02
   4.6310000e+01  -6.7853407e-02  -1.8912659e-02
   4.6320000e+01  -6.7792270e-02  -1.8895392e-02
   4.6330000e+01  -6.7735780e-02  -1.8878765e-02
   4.6340000e+01  -6.7683426e-02  -1.8862738e-02
   4.6350000e+01  -6.7634918e-02  -1.8847266e-02
   4.6360000e+01  -6.7590232e-02  -1.8832320e-02
   4.6370000e+01  -6.7549578e-02  -1.8817902e-02
   4.6380000e+01  -6.7513318e-02  -1.8804050e-02
   4.6390000e+01  -6.7481843e-02  -1.8790817e-02
   4.6400000e+01  -6.7455467e-02  -1.8778245e-02
   4.6410000e+01  -6.7434347e-02  -1.8766315e-02
   4.6420000e+01  -6.7418450e-02  -1.8754905e-02
   4.6430000e+01  -6.7407538e-02  -1.8743765e-02
   4.6440000e+01  -6.7401156e-02  -1.8732523e-02
   4.6450000e+01  -6.7398627e-02  -1.8720729e-02
   4.6460000e+01  -6.7399067e-02  -1.8707918e-02
   4.6470000e+01  -6.7401429e-02  -1.8693683e-02
   4.6480000e+01  -6.7404588e-02  -1.8677723e-02
   4.6490000e+01  -6.7407447e-02  -1.8659877e-02
   4.6500000e+01  -6.7409032e-02  -1.8640130e-02
   4.6510000e+01  -6.7408524e-02  -1.8618620e-02
   4.6520000e+01  -6.7405232e-02  -1.8595626e-02
   4.6530000e+01  -6.7398527e-02  -1.8571549e-02
   4.6540000e+01  -6.7387782e-02  -1.8546870e-02
   4.6550000e+01  -6.7372361e-02  -1.8522117e-02
   4.6560000e+01  -6.7351666e-02  -1.8497824e-02
   4.6570000e+01  -6.7325229e-02  -1.8474496e-02
   4.6580000e+01  -6.7292797e-02  -1.8452577e-02
   4.6590000e+01  -6.7254380e-02  -1.8432436e-02
   4.6600000e+01  -6.7210248e-02  -1.8414349e-02
   4.6610000e+01  -6.7160902e-02  -1.8398503e-02
   4.6620000e+01  -6.7107042e-02  -1.8385014e-02
   4.6630000e+01  -6.7049558e-02  -1.8373949e-02
   4.6640000e+01  -6.6989499e-02  -1.8365353e-02
   4.6650000e+01  -6.6928030e-02  -1.8359275e-02
   4.6660000e+01  -6.6866347e-02  -1.8355772e-02
   4.6670000e+01  -6.6805570e-02  -1.8354902e-02
   4.6680000e+01  -6.6746638e-02  -1.8356724e-02
   4.6690000e+01  -6.6690242e-02  -1.8361278e-02
   4.6700000e+01  -6.6636813e-02  -1.8368576e-02
   4.6710000e+01  -6.6586548e-02  -1.8378565e-02
   4.6720000e+01  -6.6539479e-02  -1.8391099e-02
   4.6730000e+01  -6.6495562e-02  -1.8405897e-02
   4.6740000e+01  -6.6454750e-02  -1.8422538e-02
   4.6750000e+01  -6.6417038e-02  -1.8440470e-02
   4.6760000e+01  -6.6382470e-02  -1.8459056e-02
   4.6770000e+01  -6.6351114e-02  -1.8477616e-02
   4.6780000e+01  -6.6322996e-02  -1.8495467e-02
   4.6790000e+01  -6.6298012e-02  -1.8511967e-02
   4.6800000e+01  -6.6275848e-02  -1.8526552e-02
   4.6810000e+01  -6.6255961e-02  -1.8538770e-02
   4.6820000e+01  -6.6237622e-02  -1.8548301e-02
   4.6830000e+01  -6.6220018e-02  -1.8554965e-02
   4.6840000e+01  -6.6202341e-02  -1.8558710e-02
   4.6850000e+01  -6.6183873e-02  -1.8559592e-02
   4.6860000e+01  -6.6164015e-02  -1.8557753e-02
   4.6870000e+01  -6.6142299e-02  -1.8553408e-02
   4.6880000e+01  -6.6118375e-02  -1.8546814e-02
   4.6890000e+01  -6.6092010e-02  -1.8538251e-02
   4.6900000e+01  -6.6063080e-02  -1.8527982e-02
   4.6910000e+01  -6.6031574e-02  -1.8516220e-02
   4.6920000e+01  -6.5997582e-02  -1.8503097e-02
   4.6930000e+01  -6.5961284e-02  -1.8488646e-02
   4.6940000e+01  -6.5922955e-02  -1.8472806e-02
   4.6950000e+01  -6.5882967e-02  -1.8455441e-02
   4.6960000e+01  -6.5841768e-02  -1.8436382e-02
   4.6970000e+01  -6.5799851e-02  -1.8415478e-02
   4.6980000e+01  -6.5757707e-02  -1.8392628e-02
   4.6990000e+01  -6.5715777e-02  -1.8367819e-02
   4.7000000e+01  -6.5674444e-02  -1.8341139e-02
   4.7010000e+01  -6.5634040e-02  -1.8312776e-02
   4.7020000e+01  -6.5594889e-02  -1.8283018e-02
   4.7030000e+01  -6.5557343e-02  -1.8252231e-02
   4.7040000e+01  -6.5521800e-02  -1.8220834e-02
   4.7050000e+01  -6.5488681e-02  -1.8189256e-02
   4.7060000e+01  -6.5458397e-02  -1.8157902e-02
   4.7070000e+01  -6.5431290e-02  -1.8127108e-02
   4.7080000e+01  -6.5407555e-02  -1.8097120e-02
   4.7090000e+01  -6.5387154e-02  -1.8068091e-02
   4.7100000e+01  -6.5369741e-02  -1.8040101e-02
   4.7110000e+01  -6.5354635e-02  -1.8013187e-02
   4.7120000e+01  -6.5340843e-02  -1.7987381e-02
   4.7130000e+01  -6.5327130e-02  -1.7962742e-02
   4.7140000e+01  -6.5312115e-02  -1.7939372e-02
   4.7150000e+01  -6.5294400e-02  -1.7917427e-02
   4.7160000e+01  -6.5272697e-02  -1.7897104e-02
   4.7170000e+01  -6.5245956e-02  -1.7878619e-02
   4.7180000e+01  -6.5213431e-02  -1.7862181e-02
   4.7190000e+01  -6.5174696e-02  -1.7847964e-02
   4.7200000e+01  -6.5129600e-02  -1.7836095e-02
   4.7210000e+01  -6.5078200e-02  -1.7826647e-02
   4.7220000e+01  -6.5020693e-02  -1.7819641e-02
   4.7230000e+01  -6.4957379e-02  -1.7815057e-02
   4.7240000e+01  -6.4888640e-02  -1.7812848e-02
   4.7250000e+01  -6.4814930e-02  -1.7812945e-02
   4.7260000e+01  -6.4736762e-02  -1.7815264e-02
   4.7270000e+01  -6.4654700e-02  -1.7819691e-02
   4.7280000e+01  -6.4569377e-02  -1.7826070e-02
   4.7290000e+01  -6.4481522e-02  -1.7834186e-02
   4.7300000e+01  -6.4391987e-02  -1.7843757e-02
   4.7310000e+01  -6.4301728e-02  -1.7854440e-02
   4.7320000e+01  -6.4211755e-02  -1.7865856e-02
   4.7330000e+01  -6.4123062e-02  -1.7877614e-02
   4.7340000e+01  -6.4036577e-02  -1.7889353e-02
   4.7350000e+01  -6.3953136e-02  -1.7900756e-02
   4.7360000e+01  -6.3873487e-02  -1.7911573e-02
   4.7370000e+01  -6.3798296e-02  -1.7921612e-02
   4.7380000e+01  -6.3728152e-02  -1.7930716e-02
   4.7390000e+01  -6.3663564e-02  -1.7938742e-02
   4.7400000e+01  -6.3604960e-02  -1.7945546e-02
   4.7410000e+01  -6.3552698e-02  -1.7950976e-02
   4.7420000e+01  -6.3507067e-02  -1.7954887e-02
   4.7430000e+01  -6.3468287e-02  -1.7957157e-02
   4.7440000e+01  -6.3436493e-02  -1.7957711e-02
   4.7450000e+01  -6.3411733e-02  -1.7956537e-02
   4.7460000e+01  -6.3393974e-02  -1.7953702e-02
   4.7470000e+01  -6.3383107e-02  -1.7949356e-02
   4.7480000e+01  -6.3378941e-02  -1.7943730e-02
   4.7490000e+01  -6.3381178e-02  -1.7937116e-02
   4.7500000e+01  -6.3389378e-02  -1.7929856e-02
   4.7510000e+01  -6.3402935e-02  -1.7922313e-02
   4.7520000e+01  -6.3421062e-02  -1.7914865e-02
   4.7530000e+01  -6.3442800e-02  -1.7907880e-02
   4.7540000e+01  -6.3467035e-02  -1.7901705e-02
   4.7550000e+01  -6.3492532e-02  -1.7896645e-02
   4.7560000e+01  -6.3517984e-02  -1.7892942e-02
   4.7570000e+01  -6.3542053e-02  -1.7890755e-02
   4.7580000e+01  -6.3563424e-02  -1.7890138e-02
   4.7590000e+01  -6.3580851e-02  -1.7891033e-02
   4.7600000e+01  -6.3593220e-02  -1.7893276e-02
   4.7610000e+01  -6.3599613e-02  -1.7896610e-02
   4.7620000e+01  -6.3599379e-02  -1.7900703e-02
   4.7630000e+01  -6.3592193e-02  -1.7905176e-02
   4.7640000e+01  -6.3578077e-02  -1.7909632e-02
   4.7650000e+01  -6.3557390e-02  -1.7913681e-02
   4.7660000e+01  -6.3530742e-02  -1.7916974e-02
   4.7670000e+01  -6.3498858e-02  -1.7919235e-02
   4.7680000e+01  -6.3462430e-02  -1.7920273e-02
   4.7690000e+01  -6.3421999e-02  -1.7919996e-02
   4.7700000e+01  -6.3377892e-02  -1.7918398e-02
   4.7710000e+01  -6.3330226e-02  -1.7915553e-02
   4.7720000e+01  -6.3278958e-02  -1.7911589e-02
   4.7730000e+01  -6.3223970e-02  -1.7906658e-02
   4.7740000e+01  -6.3165159e-02  -1.7900909e-02
   4.7750000e+01  -6.3102516e-02  -1.7894460e-02
   4.7760000e+01  -6.3036173e-02  -1.7887391e-02
   4.7770000e+01  -6.2966429e-02  -1.7879762e-02
   4.7780000e+01  -6.2893753e-02  -1.7871640e-02
   4.7790000e+01  -6.2818783e-02  -1.7863140e-02
   4.7800000e+01  -6.2742317e-02  -1.7854450e-02
   4.7810000e+01  -6.2665280e-02  -1.7845830e-02
   4.7820000e+01  -6.2588663e-02  -1.7837596e-02
   4.7830000e+01  -6.2513439e-02  -1.7830080e-02
   4.7840000e+01  -6.2440486e-02  -1.7823591e-02
   4.7850000e+01  -6.2370525e-02  -1.7818374e-02
   4.7860000e+01  -6.2304116e-02  -1.7814584e-02
   4.7870000e+01  -6.2241692e-02  -1.7812268e-02
   4.7880000e+01  -6.2183611e-02  -1.7811350e-02
   4.7890000e+01  -6.2130187e-02  -1.7811631e-02
   4.7900000e+01  -6.2081681e-02  -1.7812801e-02
   4.7910000e+01  -6.2038256e-02  -1.7814460e-02
   4.7920000e+01  -6.1999911e-02  -1.7816151e-02
   4.7930000e+01  -6.1966436e-02  -1.7817398e-02
   4.7940000e+01  -6.1937396e-02  -1.7817734e-02
   4.7950000e+01  -6.1912161e-02  -1.7816744e-02
   4.7960000e+01  -6.1889938e-02  -1.7814089e-02
   4.7970000e+01  -6.1869812e-02  -1.7809526e-02
   4.7980000e+01  -6.1850766e-02  -1.7802912e-02
   4.7990000e+01  -6.1831720e-02  -1.7794189e-02
   4.8000000e+01  -6.1811590e-02  -1.7783369e-02
   4.8010000e+01  -6.1789368e-02  -1.7770497e-02
   4.8020000e+01  -6.1764226e-02  -1.7755640e-02
   4.8030000e+01  -6.1735581e-02  -1.7738865e-02
   4.8040000e+01  -6.1703129e-02  -1.7720229e-02
   4.8050000e+01  -6.1666815e-02  -1.7699771e-02
   4.8060000e+01  -6.1626782e-02  -1.7677514e-02
   4.8070000e+01  -6.1583278e-02  -1.7653480e-02
   4.8080000e+01  -6.1536586e-02  -1.7627713e-02
   4.8090000e+01  -6.1486968e-02  -1.7600314e-02
   4.8100000e+01  -6.1434644e-02  -1.7571469e-02
   4.8110000e+01  -6.1379815e-02  -1.7541463e-02
   4.8120000e+01  -6.1322696e-02  -1.7510671e-02
   4.8130000e+01  -6.1263564e-02  -1.7479538e-02
   4.8140000e+01  -6.1202812e-02  -1.7448546e-02
   4.8150000e+01  -6.1140969e-02  -1.7418181e-02
   4.8160000e+01  -6.1078681e-02  -1.7388905e-02
   4.8170000e+01  -6.1016649e-02  -1.7361117e-02
   4.8180000e+01  -6.0955547e-02  -1.7335133e-02
   4.8190000e+01  -6.0895959e-02  -1.7311157e-02
   4.8200000e+01  -6.0838342e-02  -1.7289284e-02
   4.8210000e+01  -6.0783026e-02  -1.7269507e-02
   4.8220000e+01  -6.0730220e-02  -1.7251742e-02
   4.8230000e+01  -6.0680028e-02  -1.7235844e-02
   4.8240000e+01  -6.0632451e-02  -1.7221627e-02
   4.8250000e+01  -6.0587377e-02  -1.7208880e-02
   4.8260000e+01  -6.0544587e-02  -1.7197386e-02
   4.8270000e+01  -6.0503757e-02  -1.7186944e-02
   4.8280000e+01  -6.0464479e-02  -1.7177394e-02
   4.8290000e+01  -6.0426275e-02  -1.7168632e-02
   4.8300000e+01  -6.0388623e-02  -1.7160619e-02
   4.8310000e+01  -6.0351000e-02  -1.7153383e-02
   4.8320000e+01  -6.0312916e-02  -1.7147001e-02
   4.8330000e+01  -6.0273963e-02  -1.7141576e-02
   4.8340000e+01  -6.0233830e-02  -1.7137211e-02
   4.8350000e+01  -6.0192301e-02  -1.7133978e-02
   4.8360000e+01  -6.0149226e-02  -1.7131892e-02
   4.8370000e+01  -6.0104479e-02  -1.7130895e-02
   4.8380000e+01  -6.0057935e-02  -1.7130842e-02
   4.8390000e+01  -6.0009456e-02  -1.7131503e-02
   4.8400000e+01  -5.9958917e-02  -1.7132564e-02
   4.8410000e+01  -5.9906247e-02  -1.7133656e-02
   4.8420000e+01  -5.9851480e-02  -1.7134384e-02
   4.8430000e+01  -5.9794824e-02  -1.7134374e-02
   4.8440000e+01  -5.9736707e-02  -1.7133315e-02
   4.8450000e+01  -5.9677812e-02  -1.7130988e-02
   4.8460000e+01  -5.9619062e-02  -1.7127283e-02
   4.8470000e+01  -5.9561564e-02  -1.7122193e-02
   4.8480000e+01  -5.9506523e-02  -1.7115785e-02
   4.8490000e+01  -5.9455139e-02  -1.7108170e-02
   4.8500000e+01  -5.9408505e-02  -1.7099461e-02
   4.8510000e+01  -5.9367502e-02  -1.7089741e-02
   4.8520000e+01  -5.9332727e-02  -1.7079044e-02
   4.8530000e+01  -5.9304463e-02  -1.7067345e-02
   4.8540000e+01  -5.9282698e-02  -1.7054570e-02
   4.8550000e+01  -5.9267183e-02  -1.7040612e-02
   4.8560000e+01  -5.9257493e-02  -1.7025359e-02
   4.8570000e+01  -5.9253083e-02  -1.7008713e-02
   4.8580000e+01  -5.9253322e-02  -1.6990606e-02
   4.8590000e+01  -5.9257506e-02  -1.6971007e-02
   4.8600000e+01  -5.9264878e-02  -1.6949918e-02
   4.8610000e+01  -5.9274642e-02  -1.6927364e-02
   4.8620000e+01  -5.9285973e-02  -1.6903395e-02
   4.8630000e+01  -5.9298016e-02  -1.6878078e-02
   4.8640000e+01  -5.9309877e-02  -1.6851506e-02
   4.8650000e+01  -5.9320625e-02  -1.6823806e-02
   4.8660000e+01  -5.9329319e-02  -1.6795147e-02
   4.8670000e+01  -5.9335051e-02  -1.6765753e-02
   4.8680000e+01  -5.9336994e-02  -1.6735893e-02
   4.8690000e+01  -5.9334427e-02  -1.6705873e-02
   4.8700000e+01  -5.9326743e-02  -1.6676005e-02
   4.8710000e+01  -5.9313440e-02  -1.6646582e-02
   4.8720000e+01  -5.9294111e-02  -1.6617852e-02
   4.8730000e+01  -5.9268448e-02  -1.6590003e-02
   4.8740000e+01  -5.9236239e-02  -1.6563161e-02
   4.8750000e+01  -5.9197373e-02  -1.6537397e-02
   4.8760000e+01  -5.9151834e-02  -1.6512743e-02
   4.8770000e+01  -5.9099692e-02  -1.6489206e-02
   4.8780000e+01  -5.9041099e-02  -1.6466775e-02
   4.8790000e+01  -5.8976293e-02  -1.6445425e-02
   4.8800000e+01  -5.8905583e-02  -1.6425115e-02
   4.8810000e+01  -5.8829347e-02  -1.6405780e-02
   4.8820000e+01  -5.8748022e-02  -1.6387324e-02
   4.8830000e+01  -5.8662113e-02  -1.6369611e-02
   4.8840000e+01  -5.8572205e-02  -1.6352464e-02
   4.8850000e+01  -5.8478984e-02  -1.6335669e-02
   4.8860000e+01  -5.8383242e-02  -1.6318989e-02
   4.8870000e+01  -5.8285872e-02  -1.6302180e-02
   4.8880000e+01  -5.8187855e-02  -1.6285005e-02
   4.8890000e+01  -5.8090233e-02  -1.6267247e-02
   4.8900000e+01  -5.7994090e-02  -1.6248723e-02
   4.8910000e+01  -5.7900515e-02  -1.6229292e-02
   4.8920000e+01  -5.7810566e-02  -1.6208871e-02
   4.8930000e+01  -5.7725228e-02  -1.6187445e-02
   4.8940000e+01  -5.7645367e-02  -1.6165073e-02
   4.8950000e+01  -5.7571670e-02  -1.6141892e-02
   4.8960000e+01  -5.7504584e-02  -1.6118111e-02
   4.8970000e+01  -5.7444274e-02  -1.6093994e-02
   4.8980000e+01  -5.7390595e-02  -1.6069849e-02
   4.8990000e+01  -5.7343108e-02  -1.6046006e-02
   4.9000000e+01  -5.7301143e-02  -1.6022799e-02
   4.9010000e+01  -5.7263896e-02  -1.6000546e-02
   4.9020000e+01  -5.7230555e-02  -1.5979533e-02
   4.9030000e+01  -5.7200415e-02  -1.5959995e-02
   4.9040000e+01  -5.7172949e-02  -1.5942098e-02
   4.9050000e+01  -5.7147826e-02  -1.5925921e-02
   4.9060000e+01  -5.7124884e-02  -1.5911457e-02
   4.9070000e+01  -5.7104074e-02  -1.5898601e-02
   4.9080000e+01  -5.7085386e-02  -1.5887173e-02
   4.9090000e+01  -5.7068780e-02  -1.5876929e-02
   4.9100000e+01  -5.7054132e-02  -1.5867594e-02
   4.9110000e+01  -5.7041200e-02  -1.5858901e-02
   4.9120000e+01  -5.7029611e-02  -1.5850618e-02
   4.9130000e+01  -5.7018859e-02  -1.5842571e-02
   4.9140000e+01  -5.7008316e-02  -1.5834635e-02
   4.9150000e+01  -5.6997253e-02  -1.5826722e-02
   4.9160000e+01  -5.6984887e-02  -1.5818754e-02
   4.9170000e+01  -5.6970437e-02  -1.5810644e-02
   4.9180000e+01  -5.6953196e-02  -1.5802284e-02
   4.9190000e+01  -5.6932585e-02  -1.5793543e-02
   4.9200000e+01  -5.6908182e-02  -1.5784285e-02
   4.9210000e+01  -5.6879711e-02  -1.5774376e-02
   4.9220000e+01  -5.6847010e-02  -1.5763706e-02
   4.9230000e+01  -5.6809995e-02  -1.5752203e-02
   4.9240000e+01  -5.6768645e-02  -1.5739851e-02
   4.9250000e+01  -5.6723017e-02  -1.5726703e-02
   4.9260000e+01  -5.6673285e-02  -1.5712886e-02
   4.9270000e+01  -5.6619773e-02  -1.5698599e-02
   4.9280000e+01  -5.6562980e-02  -1.5684107e-02
   4.9290000e+01  -5.6503561e-02  -1.5669722e-02
   4.9300000e+01  -5.6442299e-02  -1.5655778e-02
   4.9310000e+01  -5.6380062e-02  -1.5642607e-02
   4.9320000e+01  -5.6317772e-02  -1.5630504e-02
   4.9330000e+01  -5.6256367e-02  -1.5619697e-02
   4.9340000e+01  -5.6196762e-02  -1.5610332e-02
   4.9350000e+01  -5.6139790e-02  -1.5602457e-02
   4.9360000e+01  -5.6086126e-02  -1.5596032e-02
   4.9370000e+01  -5.6036225e-02  -1.5590945e-02
   4.9380000e+01  -5.5990279e-02  -1.5587033e-02
   4.9390000e+01  -5.5948235e-02  -1.5584109e-02
   4.9400000e+01  -5.5909839e-02  -1.5581992e-02
   4.9410000e+01  -5.5874717e-02  -1.5580526e-02
   4.9420000e+01  -5.5842448e-02  -1.5579602e-02
   4.9430000e+01  -5.5812623e-02  -1.5579167e-02
   4.9440000e+01  -5.5784874e-02  -1.5579215e-02
   4.9450000e+01  -5.5758873e-02  -1.5579763e-02
   4.9460000e+01  -5.5734298e-02  -1.5580828e-02
   4.9470000e+01  -5.5710811e-02  -1.5582390e-02
   4.9480000e+01  -5.5688028e-02  -1.5584378e-02
   4.9490000e+01  -5.5665497e-02  -1.5586657e-02
   4.9500000e+01  -5.5642716e-02  -1.5589038e-02
   4.9510000e+01  -5.5619156e-02  -1.5591288e-02
   4.9520000e+01  -5.5594321e-02  -1.5593150e-02
   4.9530000e+01  -5.5567796e-02  -1.5594371e-02
   4.9540000e+01  -5.5539273e-02  -1.5594729e-02
   4.9550000e+01  -5.5508560e-02  -1.5594059e-02
   4.9560000e+01  -5.5475567e-02  -1.5592271e-02
   4.9570000e+01  -5.5440297e-02  -1.5589351e-02
   4.9580000e+01  -5.5402834e-02  -1.5585354e-02
   4.9590000e+01  -5.5363358e-02  -1.5580377e-02
   4.9600000e+01  -5.5322141e-02  -1.5574546e-02
   4.9610000e+01  -5.5279553e-02  -1.5567995e-02
   4.9620000e+01  -5.5236038e-02  -1.5560851e-02
   4.9630000e+01  -5.5192092e-02  -1.5553224e-02
   4.9640000e+01  -5.5148229e-02  -1.5545193e-02
   4.9650000e+01  -5.5104938e-02  -1.5536792e-02
   4.9660000e+01  -5.5062647e-02  -1.5528011e-02
   4.9670000e+01  -5.5021686e-02  -1.5518795e-02
   4.9680000e+01  -5.4982265e-02  -1.5509049e-02
   4.9690000e+01  -5.4944478e-02  -1.5498654e-02
   4.9700000e+01  -5.4908325e-02  -1.5487479e-02
   4.9710000e+01  -5.4873746e-02  -1.5475399e-02
   4.9720000e+01  -5.4840659e-02  -1.5462314e-02
   4.9730000e+01  -5.4808982e-02  -1.5448162e-02
   4.9740000e+01  -5.4778629e-02  -1.5432938e-02
   4.9750000e+01  -5.4749488e-02  -1.5416705e-02
   4.9760000e+01  -5.4721381e-02  -1.5399603e-02
   4.9770000e+01  -5.4694020e-02  -1.5381849e-02
   4.9780000e+01  -5.4666965e-02  -1.5363735e-02
   4.9790000e+01  -5.4639603e-02  -1.5345599e-02
   4.9800000e+01  -5.4611148e-02  -1.5327796e-02
   4.9810000e+01  -5.4580682e-02  -1.5310663e-02
   4.9820000e+01  -5.4547226e-02  -1.5294475e-02
   4.9830000e+01  -5.4509817e-02  -1.5279430e-02
   4.9840000e+01  -5.4467604e-02  -1.5265635e-02
   4.9850000e+01  -5.4419920e-02  -1.5253123e-02
   4.9860000e+01  -5.4366350e-02  -1.5241871e-02
   4.9870000e+01  -5.4306765e-02  -1.5231836e-02
   4.9880000e+01  -5.4241314e-02  -1.5222980e-02
   4.9890000e+01  -5.4170394e-02  -1.5215302e-02
   4.9900000e+01  -5.4094584e-02  -1.5208850e-02
   4.9910000e+01  -5.4014588e-02  -1.5203719e-02
   4.9920000e+01  -5.3931193e-02  -1.5200044e-02
   4.9930000e+01  -5.3845240e-02  -1.5197975e-02
   4.9940000e+01  -5.3757602e-02  -1.5197650e-02
   4.9950000e+01  -5.3669171e-02  -1.5199173e-02
   4.9960000e+01  -5.3580835e-02  -1.5202598e-02
   4.9970000e+01  -5.3493466e-02  -1.5207922e-02
   4.9980000e+01  -5.3407913e-02  -1.5215080e-02
   4.9990000e+01  -5.3325004e-02  -1.5223953e-02
   5.0000000e+01  -5.3245517e-02  -1.5234366e-02
   5.0010000e+01  -5.3170171e-02  -1.5246099e-02
   5.0020000e+01  -5.3099617e-02  -1.5258895e-02
   5.0030000e+01  -5.3034389e-02  -1.5272453e-02
   5.0040000e+01  -5.2974906e-02  -1.5286438e-02
   5.0050000e+01  -5.2921466e-02  -1.5300482e-02
   5.0060000e+01  -5.2874266e-02  -1.5314209e-02
   5.0070000e+01  -5.2833400e-02  -1.5327254e-02
   5.0080000e+01  -5.2798867e-02  -1.5339291e-02
   5.0090000e+01  -5.2770566e-02  -1.5350056e-02
   5.0100000e+01  -5.2748300e-02  -1.5359356e-02
   5.0110000e+01  -5.2731784e-02  -1.5367083e-02
   5.0120000e+01  -5.2720651e-02  -1.5373202e-02
   5.0130000e+01  -5.2714468e-02  -1.5377749e-02
   5.0140000e+01  -5.2712738e-02  -1.5380812e-02
   5.0150000e+01  -5.2714914e-02  -1.5382522e-02
   5.0160000e+01  -5.2720405e-02  -1.5383035e-02
   5.0170000e+01  -5.2728582e-02  -1.5382529e-02
   5.0180000e+01  -5.2738776e-02  -1.5381189e-02
   5.0190000e+01  -5.2750267e-02  -1.5379210e-02
   5.0200000e+01  -5.2762286e-02  -1.5376785e-02
   5.0210000e+01  -5.2774013e-02  -1.5374106e-02
   5.0220000e+01  -5.2784594e-02  -1.5371352e-02
   5.0230000e+01  -5.2793155e-02  -1.5368684e-02
   5.0240000e+01  -5.2798818e-02  -1.5366229e-02
   5.0250000e+01  -5.2800720e-02  -1.5364080e-02
   5.0260000e+01  -5.2798037e-02  -1.5362291e-02
   5.0270000e+01  -5.2790013e-02  -1.5360869e-02
   5.0280000e+01  -5.2776007e-02  -1.5359777e-02
   5.0290000e+01  -5.2755532e-02  -1.5358925e-02
   5.0300000e+01  -5.2728311e-02  -1.5358167e-02
   5.0310000e+01  -5.2694313e-02  -1.5357309e-02
   5.0320000e+01  -5.2653780e-02  -1.5356107e-02
   5.0330000e+01  -5.2607212e-02  -1.5354287e-02
   5.0340000e+01  -5.2555325e-02  -1.5351560e-02
   5.0350000e+01  -5.2498971e-02  -1.5347634e-02
   5.0360000e+01  -5.2439036e-02  -1.5342237e-02
   5.0370000e+01  -5.2376345e-02  -1.5335128e-02
   5.0380000e+01  -5.2311584e-02  -1.5326112e-02
   5.0390000e+01  -5.2245261e-02  -1.5315047e-02
   5.0400000e+01  -5.2177719e-02  -1.5301858e-02
   5.0410000e+01  -5.2109168e-02  -1.5286541e-02
   5.0420000e+01  -5.2039740e-02  -1.5269171e-02
   5.0430000e+01  -5.1969547e-02  -1.5249908e-02
   5.0440000e+01  -5.1898729e-02  -1.5228992e-02
   5.0450000e+01  -5.1827496e-02  -1.5206733e-02
   5.0460000e+01  -5.1756147e-02  -1.5183492e-02
   5.0470000e+01  -5.1685079e-02  -1.5159653e-02
   5.0480000e+01  -5.1614780e-02  -1.5135586e-02
   5.0490000e+01  -5.1545811e-02  -1.5111622e-02
   5.0500000e+01  -5.1478770e-02  -1.5088030e-02
   5.0510000e+01  -5.1414253e-02  -1.5065018e-02
   5.0520000e+01  -5.1352792e-02  -1.5042734e-02
   5.0530000e+01  -5.1294809e-02  -1.5021286e-02
   5.0540000e+01  -5.1240578e-02  -1.5000755e-02
   5.0550000e+01  -5.1190224e-02  -1.4981204e-02
   5.0560000e+01  -5.1143737e-02  -1.4962687e-02
   5.0570000e+01  -5.1101009e-02  -1.4945251e-02
   5.0580000e+01  -5.1061858e-02  -1.4928927e-02
   5.0590000e+01  -5.1026034e-02  -1.4913732e-02
   5.0600000e+01  -5.0993212e-02  -1.4899652e-02
   5.0610000e+01  -5.0962966e-02  -1.4886639e-02
   5.0620000e+01  -5.0934750e-02  -1.4874599e-02
   5.0630000e+01  -5.0907908e-02  -1.4863392e-02
   5.0640000e+01  -5.0881691e-02  -1.4852826e-02
   5.0650000e+01  -5.0855298e-02  -1.4842661e-02
   5.0660000e+01  -5.0827912e-02  -1.4832614e-02
   5.0670000e+01  -5.0798736e-02  -1.4822374e-02
   5.0680000e+01  -5.0767026e-02  -1.4811621e-02
   5.0690000e+01  -5.0732134e-02  -1.4800049e-02
   5.0700000e+01  -5.0693560e-02  -1.4787394e-02
   5.0710000e+01  -5.0651000e-02  -1.4773454e-02
   5.0720000e+01  -5.0604384e-02  -1.4758103e-02
   5.0730000e+01  -5.0553878e-02  -1.4741298e-02
   5.0740000e+01  -5.0499839e-02  -1.4723069e-02
   5.0750000e+01  -5.0442753e-02  -1.4703515e-02
   5.0760000e+01  -5.0383158e-02  -1.4682776e-02
   5.0770000e+01  -5.0321585e-02  -1.4661020e-02
   5.0780000e+01  -5.0258516e-02  -1.4638407e-02
   5.0790000e+01  -5.0194381e-02  -1.4615071e-02
   5.0800000e+01  -5.0129565e-02  -1.4591104e-02
   5.0810000e+01  -5.0064434e-02  -1.4566553e-02
   5.0820000e+01  -4.9999355e-02  -1.4541429e-02
   5.0830000e+01  -4.9934699e-02  -1.4515727e-02
   5.0840000e+01  -4.9870841e-02  -1.4489449e-02
   5.0850000e+01  -4.9808139e-02  -1.4462624e-02
   5.0860000e+01  -4.9746912e-02  -1.4435328e-02
   5.0870000e+01  -4.9687401e-02  -1.4407687e-02
   5.0880000e+01  -4.9629757e-02  -1.4379884e-02
   5.0890000e+01  -4.9574033e-02  -1.4352143e-02
   5.0900000e+01  -4.9520196e-02  -1.4324710e-02
   5.0910000e+01  -4.9468141e-02  -1.4297829e-02
   5.0920000e+01  -4.9417700e-02  -1.4271713e-02
   5.0930000e+01  -4.9368639e-02  -1.4246521e-02
   5.0940000e+01  -4.9320655e-02  -1.4222353e-02
   5.0950000e+01  -4.9273371e-02  -1.4199243e-02
   5.0960000e+01  -4.9226354e-02  -1.4177177e-02
   5.0970000e+01  -4.9179137e-02  -1.4156104e-02
   5.0980000e+01  -4.9131257e-02  -1.4135956e-02
   5.0990000e+01  -4.9082296e-02  -1.4116661e-02
   5.1000000e+01  -4.9031917e-02  -1.4098159e-02
   5.1010000e+01  -4.8979896e-02  -1.4080413e-02
   5.1020000e+01  -4.8926143e-02  -1.4063409e-02
   5.1030000e+01  -4.8870697e-02  -1.4047161e-02
   5.1040000e+01  -4.8813709e-02  -1.4031712e-02
   5.1050000e+01  -4.8755404e-02  -1.4017123e-02
   5.1060000e+01  -4.8696046e-02  -1.4003462e-02
   5.1070000e+01  -4.8635907e-02  -1.3990790e-02
   5.1080000e+01  -4.8575253e-02  -1.3979155e-02
   5.1090000e+01  -4.8514353e-02  -1.3968580e-02
   5.1100000e+01  -4.8453495e-02  -1.3959055e-02
   5.1110000e+01  -4.8393023e-02  -1.3950532e-02
   5.1120000e+01  -4.8333366e-02  -1.3942914e-02
   5.1130000e+01  -4.8275054e-02  -1.3936051e-02
   5.1140000e+01  -4.8218721e-02  -1.3929731e-02
   5.1150000e+01  -4.8165077e-02  -1.3923686e-02
   5.1160000e+01  -4.8114858e-02  -1.3917601e-02
   5.1170000e+01  -4.8068761e-02  -1.3911136e-02
   5.1180000e+01  -4.8027370e-02  -1.3903960e-02
   5.1190000e+01  -4.7991094e-02  -1.3895772e-02
   5.1200000e+01  -4.7960120e-02  -1.3886329e-02
   5.1210000e+01  -4.7934380e-02  -1.3875456e-02
   5.1220000e+01  -4.7913552e-02  -1.3863048e-02
   5.1230000e+01  -4.7897088e-02  -1.3849060e-02
   5.1240000e+01  -4.7884257e-02  -1.3833482e-02
   5.1250000e+01  -4.7874210e-02  -1.3816324e-02
   5.1260000e+01  -4.7866028e-02  -1.3797586e-02
   5.1270000e+01  -4.7858758e-02  -1.3777244e-02
   5.1280000e+01  -4.7851445e-02  -1.3755242e-02
   5.1290000e+01  -4.7843148e-02  -1.3731500e-02
   5.1300000e+01  -4.7832963e-02  -1.3705925e-02
   5.1310000e+01  -4.7820043e-02  -1.3678434e-02
   5.1320000e+01  -4.7803612e-02  -1.3648976e-02
   5.1330000e+01  -4.7782972e-02  -1.3617548e-02
   5.1340000e+01  -4.7757510e-02  -1.3584209e-02
   5.1350000e+01  -4.7726702e-02  -1.3549085e-02
   5.1360000e+01  -4.7690128e-02  -1.3512365e-02
   5.1370000e+01  -4.7647487e-02  -1.3474296e-02
   5.1380000e+01  -4.7598600e-02  -1.3435173e-02
   5.1390000e+01  -4.7543409e-02  -1.3395331e-02
   5.1400000e+01  -4.7481962e-02  -1.3355131e-02
   5.1410000e+01  -4.7414406e-02  -1.3314951e-02
   5.1420000e+01  -4.7340976e-02  -1.3275168e-02
   5.1430000e+01  -4.7261992e-02  -1.3236143e-02
   5.1440000e+01  -4.7177858e-02  -1.3198196e-02
   5.1450000e+01  -4.7089050e-02  -1.3161585e-02
   5.1460000e+01  -4.6996113e-02  -1.3126497e-02
   5.1470000e+01  -4.6899639e-02  -1.3093030e-02
   5.1480000e+01  -4.6800262e-02  -1.3061199e-02
   5.1490000e+01  -4.6698643e-02  -1.3030939e-02
   5.1500000e+01  -4.6595459e-02  -1.3002115e-02
   5.1510000e+01  -4.6491395e-02  -1.2974541e-02
   5.1520000e+01  -4.6387137e-02  -1.2947994e-02
   5.1530000e+01  -4.6283374e-02  -1.2922238e-02
   5.1540000e+01  -4.6180791e-02  -1.2897039e-02
   5.1550000e+01  -4.6080074e-02  -1.2872175e-02
   5.1560000e+01  -4.5981898e-02  -1.2847451e-02
   5.1570000e+01  -4.5886922e-02  -1.2822701e-02
   5.1580000e+01  -4.5795774e-02  -1.2797799e-02
   5.1590000e+01  -4.5709051e-02  -1.2772653e-02
   5.1600000e+01  -4.5627301e-02  -1.2747215e-02
   5.1610000e+01  -4.5551006e-02  -1.2721475e-02
   5.1620000e+01  -4.5480552e-02  -1.2695459e-02
   5.1630000e+01  -4.5416195e-02  -1.2669223e-02
   5.1640000e+01  -4.5358014e-02  -1.2642853e-02
   5.1650000e+01  -4.5305889e-02  -1.2616458e-02
   5.1660000e+01  -4.5259469e-02  -1.2590170e-02
   5.1670000e+01  -4.5218188e-02  -1.2564141e-02
   5.1680000e+01  -4.5181292e-02  -1.2538542e-02
   5.1690000e+01  -4.5147905e-02  -1.2513554e-02
   5.1700000e+01  -4.5117113e-02  -1.2489356e-02
   5.1710000e+01  -4.5088041e-02  -1.2466116e-02
   5.1720000e+01  -4.5059929e-02  -1.2443978e-02
   5.1730000e+01  -4.5032174e-02  -1.2423052e-02
   5.1740000e+01  -4.5004339e-02  -1.2403408e-02
   5.1750000e+01  -4.4976136e-02  -1.2385071e-02
   5.1760000e+01  -4.4947382e-02  -1.2368020e-02
   5.1770000e+01  -4.4917952e-02  -1.2352192e-02
   5.1780000e+01  -4.4887742e-02  -1.2337477e-02
   5.1790000e+01  -4.4856619e-02  -1.2323725e-02
   5.1800000e+01  -4.4824402e-02  -1.2310743e-02
   5.1810000e+01  -4.4790843e-02  -1.2298299e-02
   5.1820000e+01  -4.4755625e-02  -1.2286126e-02
   5.1830000e+01  -4.4718376e-02  -1.2273942e-02
   5.1840000e+01  -4.4678696e-02  -1.2261468e-02
   5.1850000e+01  -4.4636185e-02  -1.2248450e-02
   5.1860000e+01  -4.4590494e-02  -1.2234681e-02
   5.1870000e+01  -4.4541361e-02  -1.2220010e-02
   5.1880000e+01  -4.4488645e-02  -1.2204347e-02
   5.1890000e+01  -4.4432342e-02  -1.2187659e-02
   5.1900000e+01  -4.4372575e-02  -1.2169951e-02
   5.1910000e+01  -4.4309572e-02  -1.2151259e-02
   5.1920000e+01  -4.4243635e-02  -1.2131639e-02
   5.1930000e+01  -4.4175122e-02  -1.2111152e-02
   5.1940000e+01  -4.4104446e-02  -1.2089861e-02
   5.1950000e+01  -4.4032075e-02  -1.2067830e-02
   5.1960000e+01  -4.3958548e-02  -1.2045117e-02
   5.1970000e+01  -4.3884476e-02  -1.2021786e-02
   5.1980000e+01  -4.3810522e-02  -1.1997902e-02
   5.1990000e+01  -4.3737382e-02  -1.1973538e-02
   5.2000000e+01  -4.3665739e-02  -1.1948783e-02
   5.2010000e+01  -4.3596239e-02  -1.1923740e-02
   5.2020000e+01  -4.3529451e-02  -1.1898538e-02
   5.2030000e+01  -4.3465843e-02  -1.1873325e-02
   5.2040000e+01  -4.3405745e-02  -1.1848272e-02
   5.2050000e+01  -4.3349311e-02  -1.1823558e-02
   5.2060000e+01  -4.3296501e-02  -1.1799360e-02
   5.2070000e+01  -4.3247070e-02  -1.1775831e-02
   5.2080000e+01  -4.3200596e-02  -1.1753095e-02
   5.2090000e+01  -4.3156538e-02  -1.1731222e-02
   5.2100000e+01  -4.3114300e-02  -1.1710231e-02
   5.2110000e+01  -4.3073292e-02  -1.1690078e-02
   5.2120000e+01  -4.3032979e-02  -1.1670669e-02
   5.2130000e+01  -4.2992889e-02  -1.1651860e-02
   5.2140000e+01  -4.2952619e-02  -1.1633486e-02
   5.2150000e+01  -4.2911813e-02  -1.1615376e-02
   5.2160000e+01  -4.2870153e-02  -1.1597380e-02
   5.2170000e+01  -4.2827351e-02  -1.1579386e-02
   5.2180000e+01  -4.2783151e-02  -1.1561332e-02
   5.2190000e+01  -4.2737339e-02  -1.1543202e-02
   5.2200000e+01  -4.2689755e-02  -1.1525020e-02
   5.2210000e+01  -4.2640309e-02  -1.1506831e-02
   5.2220000e+01  -4.2588983e-02  -1.1488684e-02
   5.2230000e+01  -4.2535834e-02  -1.1470607e-02
   5.2240000e+01  -4.2480981e-02  -1.1452593e-02
   5.2250000e+01  -4.2424593e-02  -1.1434586e-02
   5.2260000e+01  -4.2366878e-02  -1.1416483e-02
   5.2270000e+01  -4.2308082e-02  -1.1398137e-02
   5.2280000e+01  -4.2248492e-02  -1.1379383e-02
   5.2290000e+01  -4.2188442e-02  -1.1360058e-02
   5.2300000e+01  -4.2128302e-02  -1.1340020e-02
   5.2310000e+01  -4.2068457e-02  -1.1319171e-02
   5.2320000e+01  -4.2009280e-02  -1.1297460e-02
   5.2330000e+01  -4.1951088e-02  -1.1274881e-02
   5.2340000e+01  -4.1894114e-02  -1.1251470e-02
   5.2350000e+01  -4.1838474e-02  -1.1227288e-02
   5.2360000e+01  -4.1784160e-02  -1.1202403e-02
   5.2370000e+01  -4.1731038e-02  -1.1176876e-02
   5.2380000e+01  -4.1678866e-02  -1.1150747e-02
   5.2390000e+01  -4.1627327e-02  -1.1124023e-02
   5.2400000e+01  -4.1576066e-02  -1.1096677e-02
   5.2410000e+01  -4.1524719e-02  -1.1068661e-02
   5.2420000e+01  -4.1472941e-02  -1.1039911e-02
   5.2430000e+01  -4.1420408e-02  -1.1010362e-02
   5.2440000e+01  -4.1366811e-02  -1.0979962e-02
   5.2450000e+01  -4.1311835e-02  -1.0948679e-02
   5.2460000e+01  -4.1255135e-02  -1.0916510e-02
   5.2470000e+01  -4.1196325e-02  -1.0883485e-02
   5.2480000e+01  -4.1134968e-02  -1.0849668e-02
   5.2490000e+01  -4.1070597e-02  -1.0815166e-02
   5.2500000e+01  -4.1002741e-02  -1.0780127e-02
   5.2510000e+01  -4.0930982e-02  -1.0744748e-02
   5.2520000e+01  -4.0855000e-02  -1.0709270e-02
   5.2530000e+01  -4.0774628e-02  -1.0673976e-02
   5.2540000e+01  -4.0689888e-02  -1.0639173e-02
   5.2550000e+01  -4.0601008e-02  -1.0605174e-02
   5.2560000e+01  -4.0508432e-02  -1.0572272e-02
   5.2570000e+01  -4.0412792e-02  -1.0540727e-02
   5.2580000e+01  -4.0314878e-02  -1.0510745e-02
   5.2590000e+01  -4.0215585e-02  -1.0482471e-02
   5.2600000e+01  -4.0115860e-02  -1.0455995e-02
   5.2610000e+01  -4.0016662e-02  -1.0431355e-02
   5.2620000e+01  -3.9918925e-02  -1.0408552e-02
   5.2630000e+01  -3.9823539e-02  -1.0387568e-02
   5.2640000e+01  -3.9731327e-02  -1.0368382e-02
   5.2650000e+01  -3.9643024e-02  -1.0350976e-02
   5.2660000e+01  -3.9559266e-02  -1.0335338e-02
   5.2670000e+01  -3.9480576e-02  -1.0321456e-02
   5.2680000e+01  -3.9407362e-02  -1.0309307e-02
   5.2690000e+01  -3.9339916e-02  -1.0298841e-02
   5.2700000e+01  -3.9278418e-02  -1.0289972e-02
   5.2710000e+01  -3.9222930e-02  -1.0282563e-02
   5.2720000e+01  -3.9173399e-02  -1.0276427e-02
   5.2730000e+01  -3.9129664e-02  -1.0271325e-02
   5.2740000e+01  -3.9091464e-02  -1.0266976e-02
   5.2750000e+01  -3.9058458e-02  -1.0263064e-02
   5.2760000e+01  -3.9030229e-02  -1.0259251e-02
   5.2770000e+01  -3.9006301e-02  -1.0255192e-02
   5.2780000e+01  -3.8986137e-02  -1.0250550e-02
   5.2790000e+01  -3.8969153e-02  -1.0245009e-02
   5.2800000e+01  -3.8954722e-02  -1.0238296e-02
   5.2810000e+01  -3.8942188e-02  -1.0230193e-02
   5.2820000e+01  -3.8930878e-02  -1.0220556e-02
   5.2830000e+01  -3.8920116e-02  -1.0209316e-02
   5.2840000e+01  -3.8909235e-02  -1.0196486e-02
   5.2850000e+01  -3.8897584e-02  -1.0182154e-02
   5.2860000e+01  -3.8884538e-02  -1.0166476e-02
   5.2870000e+01  -3.8869506e-02  -1.0149657e-02
   5.2880000e+01  -3.8851932e-02  -1.0131935e-02
   5.2890000e+01  -3.8831299e-02  -1.0113561e-02
   5.2900000e+01  -3.8807129e-02  -1.0094777e-02
   5.2910000e+01  -3.8778989e-02  -1.0075801e-02
   5.2920000e+01  -3.8746491e-02  -1.0056813e-02
   5.2930000e+01  -3.8709296e-02  -1.0037945e-02
   5.2940000e+01  -3.8667116e-02  -1.0019277e-02
   5.2950000e+01  -3.8619720e-02  -1.0000836e-02
   5.2960000e+01  -3.8566955e-02  -9.9826008e-03
   5.2970000e+01  -3.8508771e-02  -9.9645037e-03
   5.2980000e+01  -3.8445252e-02  -9.9464432e-03
   5.2990000e+01  -3.8376643e-02  -9.9282941e-03
   5.3000000e+01  -3.8303363e-02  -9.9099179e-03
   5.3010000e+01  -3.8226009e-02  -9.8911737e-03
   5.3020000e+01  -3.8145324e-02  -9.8719244e-03
   5.3030000e+01  -3.8062155e-02  -9.8520411e-03
   5.3040000e+01  -3.7977385e-02  -9.8314054e-03
   5.3050000e+01  -3.7891864e-02  -9.8099119e-03
   5.3060000e+01  -3.7806345e-02  -9.7874712e-03
   5.3070000e+01  -3.7721441e-02  -9.7640149e-03
   5.3080000e+01  -3.7637609e-02  -9.7394994e-03
   5.3090000e+01  -3.7555151e-02  -9.7139112e-03
   5.3100000e+01  -3.7474249e-02  -9.6872691e-03
   5.3110000e+01  -3.7394991e-02  -9.6596251e-03
   5.3120000e+01  -3.7317422e-02  -9.6310622e-03
   5.3130000e+01  -3.7241573e-02  -9.6016894e-03
   5.3140000e+01  -3.7167493e-02  -9.5716373e-03
   5.3150000e+01  -3.7095271e-02  -9.5410536e-03
   5.3160000e+01  -3.7025045e-02  -9.5101014e-03
   5.3170000e+01  -3.6956997e-02  -9.4789592e-03
   5.3180000e+01  -3.6891337e-02  -9.4478192e-03
   5.3190000e+01  -3.6828274e-02  -9.4168834e-03
   5.3200000e+01  -3.6767990e-02  -9.3863542e-03
   5.3210000e+01  -3.6710597e-02  -9.3564217e-03
   5.3220000e+01  -3.6656116e-02  -9.3272489e-03
   5.3230000e+01  -3.6604458e-02  -9.2989607e-03
   5.3240000e+01  -3.6555426e-02  -9.2716360e-03
   5.3250000e+01  -3.6508728e-02  -9.2453081e-03
   5.3260000e+01  -3.6464006e-02  -9.2199691e-03
   5.3270000e+01  -3.6420854e-02  -9.1955793e-03
   5.3280000e+01  -3.6378838e-02  -9.1720770e-03
   5.3290000e+01  -3.6337493e-02  -9.1493889e-03
   5.3300000e+01  -3.6296325e-02  -9.1274382e-03
   5.3310000e+01  -3.6254810e-02  -9.1061499e-03
   5.3320000e+01  -3.6212400e-02  -9.0854540e-03
   5.3330000e+01  -3.6168543e-02  -9.0652861e-03
   5.3340000e+01  -3.6122708e-02  -9.0455866e-03
   5.3350000e+01  -3.6074419e-02  -9.0262986e-03
   5.3360000e+01  -3.6023280e-02  -9.0073659e-03
   5.3370000e+01  -3.5969001e-02  -8.9887296e-03
   5.3380000e+01  -3.5911417e-02  -8.9703242e-03
   5.3390000e+01  -3.5850513e-02  -8.9520735e-03
   5.3400000e+01  -3.5786436e-02  -8.9338880e-03
   5.3410000e+01  -3.5719499e-02  -8.9156654e-03
   5.3420000e+01  -3.5650159e-02  -8.8972948e-03
   5.3430000e+01  -3.5578980e-02  -8.8786633e-03
   5.3440000e+01  -3.5506570e-02  -8.8596651e-03
   5.3450000e+01  -3.5433531e-02  -8.8402107e-03
   5.3460000e+01  -3.5360407e-02  -8.8202356e-03
   5.3470000e+01  -3.5287668e-02  -8.7997091e-03
   5.3480000e+01  -3.5215699e-02  -8.7786393e-03
   5.3490000e+01  -3.5144813e-02  -8.7570756e-03
   5.3500000e+01  -3.5075260e-02  -8.7351041e-03
   5.3510000e+01  -3.5007236e-02  -8.7128382e-03
   5.3520000e+01  -3.4940882e-02  -8.6904029e-03
   5.3530000e+01  -3.4876283e-02  -8.6679176e-03
   5.3540000e+01  -3.4813462e-02  -8.6454791e-03
   5.3550000e+01  -3.4752380e-02  -8.6231492e-03
   5.3560000e+01  -3.4692939e-02  -8.6009485e-03
   5.3570000e+01  -3.4634992e-02  -8.5788562e-03
   5.3580000e+01  -3.4578356e-02  -8.5568183e-03
   5.3590000e+01  -3.4522819e-02  -8.5347612e-03
   5.3600000e+01  -3.4468158e-02  -8.5126104e-03
   5.3610000e+01  -3.4414137e-02  -8.4903110e-03
   5.3620000e+01  -3.4360504e-02  -8.4678446e-03
   5.3630000e+01  -3.4306990e-02  -8.4452396e-03
   5.3640000e+01  -3.4253308e-02  -8.4225723e-03
   5.3650000e+01  -3.4199171e-02  -8.3999580e-03
   5.3660000e+01  -3.4144313e-02  -8.3775352e-03
   5.3670000e+01  -3.4088521e-02  -8.3554464e-03
   5.3680000e+01  -3.4031665e-02  -8.3338196e-03
   5.3690000e+01  -3.3973719e-02  -8.3127538e-03
   5.3700000e+01  -3.3914776e-02  -8.2923111e-03
   5.3710000e+01  -3.3855040e-02  -8.2725155e-03
   5.3720000e+01  -3.3794808e-02  -8.2533595e-03
   5.3730000e+01  -3.3734450e-02  -8.2348154e-03
   5.3740000e+01  -3.3674364e-02  -8.2168516e-03
   5.3750000e+01  -3.3614950e-02  -8.1994466e-03
   5.3760000e+01  -3.3556581e-02  -8.1825994e-03
   5.3770000e+01  -3.3499591e-02  -8.1663335e-03
   5.3780000e+01  -3.3444270e-02  -8.1506933e-03
   5.3790000e+01  -3.3390879e-02  -8.1357350e-03
   5.3800000e+01  -3.3339662e-02  -8.1215146e-03
   5.3810000e+01  -3.3290861e-02  -8.1080749e-03
   5.3820000e+01  -3.3244724e-02  -8.0954354e-03
   5.3830000e+01  -3.3201499e-02  -8.0835841e-03
   5.3840000e+01  -3.3161413e-02  -8.0724730e-03
   5.3850000e+01  -3.3124642e-02  -8.0620160e-03
   5.3860000e+01  -3.3091274e-02  -8.0520875e-03
   5.3870000e+01  -3.3061273e-02  -8.0425218e-03
   5.3880000e+01  -3.3034451e-02  -8.0331138e-03
   5.3890000e+01  -3.3010456e-02  -8.0236213e-03
   5.3900000e+01  -3.2988770e-02  -8.0137726e-03
   5.3910000e+01  -3.2968726e-02  -8.0032774e-03
   5.3920000e+01  -3.2949537e-02  -7.9918434e-03
   5.3930000e+01  -3.2930336e-02  -7.9791926e-03
   5.3940000e+01  -3.2910225e-02  -7.9650786e-03
   5.3950000e+01  -3.2888314e-02  -7.9493002e-03
   5.3960000e+01  -3.2863759e-02  -7.9317113e-03
   5.3970000e+01  -3.2835785e-02  -7.9122249e-03
   5.3980000e+01  -3.2803709e-02  -7.8908113e-03
   5.3990000e+01  -3.2766954e-02  -7.8674902e-03
   5.4000000e+01  -3.2725062e-02  -7.8423200e-03
   5.4010000e+01  -3.2677703e-02  -7.8153848e-03
   5.4020000e+01  -3.2624681e-02  -7.7867849e-03
   5.4030000e+01  -3.2565923e-02  -7.7566302e-03
   5.4040000e+01  -3.2501478e-02  -7.7250388e-03
   5.4050000e+01  -3.2431502e-02  -7.6921389e-03
   5.4060000e+01  -3.2356254e-02  -7.6580738e-03
   5.4070000e+01  -3.2276085e-02  -7.6230075e-03
   5.4080000e+01  -3.2191421e-02  -7.5871286e-03
   5.4090000e+01  -3.2102753e-02  -7.5506522e-03
   5.4100000e+01  -3.2010621e-02  -7.5138174e-03
   5.4110000e+01  -3.1915601e-02  -7.4768823e-03
   5.4120000e+01  -3.1818297e-02  -7.4401163e-03
   5.4130000e+01  -3.1719336e-02  -7.4037905e-03
   5.4140000e+01  -3.1619358e-02  -7.3681666e-03
   5.4150000e+01  -3.1519006e-02  -7.3334847e-03
   5.4160000e+01  -3.1418918e-02  -7.2999508e-03
   5.4170000e+01  -3.1319715e-02  -7.2677246e-03
   5.4180000e+01  -3.1221989e-02  -7.2369090e-03
   5.4190000e+01  -3.1126297e-02  -7.2075437e-03
   5.4200000e+01  -3.1033148e-02  -7.1796033e-03
   5.4210000e+01  -3.0942998e-02  -7.1530003e-03
   5.4220000e+01  -3.0856246e-02  -7.1275932e-03
   5.4230000e+01  -3.0773231e-02  -7.1031982e-03
   5.4240000e+01  -3.0694233e-02  -7.0796049e-03
   5.4250000e+01  -3.0619472e-02  -7.0565932e-03
   5.4260000e+01  -3.0549113e-02  -7.0339524e-03
   5.4270000e+01  -3.0483270e-02  -7.0114976e-03
   5.4280000e+01  -3.0422006e-02  -6.9890833e-03
   5.4290000e+01  -3.0365338e-02  -6.9666130e-03
   5.4300000e+01  -3.0313222e-02  -6.9440432e-03
   5.4310000e+01  -3.0265544e-02  -6.9213843e-03
   5.4320000e+01  -3.0222094e-02  -6.8986960e-03
   5.4330000e+01  -3.0182545e-02  -6.8760806e-03
   5.4340000e+01  -3.0146442e-02  -6.8536715e-03
   5.4350000e+01  -3.0113199e-02  -6.8316194e-03
   5.4360000e+01  -3.0082119e-02  -6.8100786e-03
   5.4370000e+01  -3.0052428e-02  -6.7891931e-03
   5.4380000e+01  -3.0023325e-02  -6.7690867e-03
   5.4390000e+01  -2.9994041e-02  -6.7498556e-03
   5.4400000e+01  -2.9963889e-02  -6.7315661e-03
   5.4410000e+01  -2.9932304e-02  -6.7142544e-03
   5.4420000e+01  -2.9898869e-02  -6.6979283e-03
   5.4430000e+01  -2.9863314e-02  -6.6825698e-03
   5.4440000e+01  -2.9825500e-02  -6.6681369e-03
   5.4450000e+01  -2.9785390e-02  -6.6545652e-03
   5.4460000e+01  -2.9743019e-02  -6.6417697e-03
   5.4470000e+01  -2.9698454e-02  -6.6296474e-03
   5.4480000e+01  -2.9651770e-02  -6.6180804e-03
   5.4490000e+01  -2.9603020e-02  -6.6069415e-03
   5.4500000e+01  -2.9552228e-02  -6.5960999e-03
   5.4510000e+01  -2.9499377e-02  -6.5854258e-03
   5.4520000e+01  -2.9444423e-02  -6.5747932e-03
   5.4530000e+01  -2.9387310e-02  -6.5640794e-03
   5.4540000e+01  -2.9327998e-02  -6.5531631e-03
   5.4550000e+01  -2.9266489e-02  -6.5419219e-03
   5.4560000e+01  -2.9202851e-02  -6.5302330e-03
   5.4570000e+01  -2.9137230e-02  -6.5179768e-03
   5.4580000e+01  -2.9069857e-02  -6.5050443e-03
   5.4590000e+01  -2.9001038e-02  -6.4913443e-03
   5.4600000e+01  -2.8931132e-02  -6.4768115e-03
   5.4610000e+01  -2.8860532e-02  -6.4614103e-03
   5.4620000e+01  -2.8789650e-02  -6.4451358e-03
   5.4630000e+01  -2.8718901e-02  -6.4280105e-03
   5.4640000e+01  -2.8648705e-02  -6.4100787e-03
   5.4650000e+01  -2.8579482e-02  -6.3913991e-03
   5.4660000e+01  -2.8511652e-02  -6.3720372e-03
   5.4670000e+01  -2.8445618e-02  -6.3520594e-03
   5.4680000e+01  -2.8381754e-02  -6.3315295e-03
   5.4690000e+01  -2.8320375e-02  -6.3105062e-03
   5.4700000e+01  -2.8261720e-02  -6.2890431e-03
   5.4710000e+01  -2.8205931e-02  -6.2671899e-03
   5.4720000e+01  -2.8153035e-02  -6.2449934e-03
   5.4730000e+01  -2.8102938e-02  -6.2224993e-03
   5.4740000e+01  -2.8055413e-02  -6.1997545e-03
   5.4750000e+01  -2.8010109e-02  -6.1768093e-03
   5.4760000e+01  -2.7966560e-02  -6.1537197e-03
   5.4770000e+01  -2.7924224e-02  -6.1305489e-03
   5.4780000e+01  -2.7882520e-02  -6.1073661e-03
   5.4790000e+01  -2.7840881e-02  -6.0842444e-03
   5.4800000e+01  -2.7798796e-02  -6.0612574e-03
   5.4810000e+01  -2.7755835e-02  -6.0384751e-03
   5.4820000e+01  -2.7711660e-02  -6.0159593e-03
   5.4830000e+01  -2.7666021e-02  -5.9937594e-03
   5.4840000e+01  -2.7618742e-02  -5.9719071e-03
   5.4850000e+01  -2.7569721e-02  -5.9504123e-03
   5.4860000e+01  -2.7518917e-02  -5.9292604e-03
   5.4870000e+01  -2.7466353e-02  -5.9084129e-03
   5.4880000e+01  -2.7412110e-02  -5.8878115e-03
   5.4890000e+01  -2.7356326e-02  -5.8673863e-03
   5.4900000e+01  -2.7299181e-02  -5.8470659e-03
   5.4910000e+01  -2.7240885e-02  -5.8267887e-03
   5.4920000e+01  -2.7181660e-02  -5.8065135e-03
   5.4930000e+01  -2.7121731e-02  -5.7862281e-03
   5.4940000e+01  -2.7061314e-02  -5.7659529e-03
   5.4950000e+01  -2.7000615e-02  -5.7457404e-03
   5.4960000e+01  -2.6939830e-02  -5.7256668e-03
   5.4970000e+01  -2.6879155e-02  -5.7058189e-03
   5.4980000e+01  -2.6818781e-02  -5.6862767e-03
   5.4990000e+01  -2.6758892e-02  -5.6670956e-03
   5.5000000e+01  -2.6699645e-02  -5.6482919e-03
   5.5010000e+01  -2.6641154e-02  -5.6298355e-03
   5.5020000e+01  -2.6583456e-02  -5.6116492e-03
   5.5030000e+01  -2.6526502e-02  -5.5936171e-03
   5.5040000e+01  -2.6470146e-02  -5.5755974e-03
   5.5050000e+01  -2.6414147e-02  -5.5574396e-03
   5.5060000e+01  -2.6358186e-02  -5.5390015e-03
   5.5070000e+01  -2.6301893e-02  -5.5201632e-03
   5.5080000e+01  -2.6244873e-02  -5.5008360e-03
   5.5090000e+01  -2.6186745e-02  -5.4809646e-03
   5.5100000e+01  -2.6127159e-02  -5.4605222e-03
   5.5110000e+01  -2.6065822e-02  -5.4395015e-03
   5.5120000e+01  -2.6002499e-02  -5.4179025e-03
   5.5130000e+01  -2.5937012e-02  -5.3957224e-03
   5.5140000e+01  -2.5869228e-02  -5.3729494e-03
   5.5150000e+01  -2.5799047e-02  -5.3495613e-03
   5.5160000e+01  -2.5726397e-02  -5.3255301e-03
   5.5170000e+01  -2.5651224e-02  -5.3008297e-03
   5.5180000e+01  -2.5573509e-02  -5.2754465e-03
   5.5190000e+01  -2.5493277e-02  -5.2493880e-03
   5.5200000e+01  -2.5410628e-02  -5.2226916e-03
   5.5210000e+01  -2.5325754e-02  -5.1954289e-03
   5.5220000e+01  -2.5238960e-02  -5.1677087e-03
   5.5230000e+01  -2.5150672e-02  -5.1396774e-03
   5.5240000e+01  -2.5061434e-02  -5.1115175e-03
   5.5250000e+01  -2.4971897e-02  -5.0834445e-03
   5.5260000e+01  -2.4882790e-02  -5.0557012e-03
   5.5270000e+01  -2.4794892e-02  -5.0285487e-03
   5.5280000e+01  -2.4708992e-02  -5.0022550e-03
   5.5290000e+01  -2.4625851e-02  -4.9770813e-03
   5.5300000e+01  -2.4546172e-02  -4.9532671e-03
   5.5310000e+01  -2.4470571e-02  -4.9310169e-03
   5.5320000e+01  -2.4399557e-02  -4.9104885e-03
   5.5330000e+01  -2.4333527e-02  -4.8917847e-03
   5.5340000e+01  -2.4272747e-02  -4.8749484e-03
   5.5350000e+01  -2.4217353e-02  -4.8599642e-03
   5.5360000e+01  -2.4167347e-02  -4.8467628e-03
   5.5370000e+01  -2.4122607e-02  -4.8352308e-03
   5.5380000e+01  -2.4082896e-02  -4.8252217e-03
   5.5390000e+01  -2.4047881e-02  -4.8165664e-03
   5.5400000e+01  -2.4017141e-02  -4.8090831e-03
   5.5410000e+01  -2.3990189e-02  -4.8025833e-03
   5.5420000e+01  -2.3966486e-02  -4.7968764e-03
   5.5430000e+01  -2.3945452e-02  -4.7917707e-03
   5.5440000e+01  -2.3926485e-02  -4.7870742e-03
   5.5450000e+01  -2.3908974e-02  -4.7825943e-03
   5.5460000e+01  -2.3892307e-02  -4.7781380e-03
   5.5470000e+01  -2.3875879e-02  -4.7735132e-03
   5.5480000e+01  -2.3859099e-02  -4.7685318e-03
   5.5490000e+01  -2.3841395e-02  -4.7630131e-03
   5.5500000e+01  -2.3822221e-02  -4.7567883e-03
   5.5510000e+01  -2.3801064e-02  -4.7497065e-03
   5.5520000e+01  -2.3777455e-02  -4.7416409e-03
   5.5530000e+01  -2.3750973e-02  -4.7324951e-03
   5.5540000e+01  -2.3721254e-02  -4.7222098e-03
   5.5550000e+01  -2.3687996e-02  -4.7107668e-03
   5.5560000e+01  -2.3650965e-02  -4.6981907e-03
   5.5570000e+01  -2.3609996e-02  -4.6845483e-03
   5.5580000e+01  -2.3564991e-02  -4.6699431e-03
   5.5590000e+01  -2.3515914e-02  -4.6545084e-03
   5.5600000e+01  -2.3462786e-02  -4.6383967e-03
   5.5610000e+01  -2.3405677e-02  -4.6217676e-03
   5.5620000e+01  -2.3344700e-02  -4.6047747e-03
   5.5630000e+01  -2.3280002e-02  -4.5875518e-03
   5.5640000e+01  -2.3211771e-02  -4.5702024e-03
   5.5650000e+01  -2.3140239e-02  -4.5527905e-03
   5.5660000e+01  -2.3065698e-02  -4.5353367e-03
   5.5670000e+01  -2.2988512e-02  -4.5178176e-03
   5.5680000e+01  -2.2909135e-02  -4.5001687e-03
   5.5690000e+01  -2.2828106e-02  -4.4822913e-03
   5.5700000e+01  -2.2746044e-02  -4.4640619e-03
   5.5710000e+01  -2.2663614e-02  -4.4453443e-03
   5.5720000e+01  -2.2581501e-02  -4.4260039e-03
   5.5730000e+01  -2.2500356e-02  -4.4059201e-03
   5.5740000e+01  -2.2420759e-02  -4.3849985e-03
   5.5750000e+01  -2.2343181e-02  -4.3631783e-03
   5.5760000e+01  -2.2267963e-02  -4.3404361e-03
   5.5770000e+01  -2.2195311e-02  -4.3167860e-03
   5.5780000e+01  -2.2125302e-02  -4.2922753e-03
   5.5790000e+01  -2.2057909e-02  -4.2669796e-03
   5.5800000e+01  -2.1993023e-02  -4.2409959e-03
   5.5810000e+01  -2.1930488e-02  -4.2144365e-03
   5.5820000e+01  -2.1870128e-02  -4.1874243e-03
   5.5830000e+01  -2.1811774e-02  -4.1600874e-03
   5.5840000e+01  -2.1755278e-02  -4.1325556e-03
   5.5850000e+01  -2.1700526e-02  -4.1049551e-03
   5.5860000e+01  -2.1647437e-02  -4.0774041e-03
   5.5870000e+01  -2.1595949e-02  -4.0500082e-03
   5.5880000e+01  -2.1546001e-02  -4.0228583e-03
   5.5890000e+01  -2.1497517e-02  -3.9960306e-03
   5.5900000e+01  -2.1450376e-02  -3.9695900e-03
   5.5910000e+01  -2.1404410e-02  -3.9435948e-03
   5.5920000e+01  -2.1359390e-02  -3.9181016e-03
   5.5930000e+01  -2.1315037e-02  -3.8931684e-03
   5.5940000e+01  -2.1271031e-02  -3.8688537e-03
   5.5950000e+01  -2.1227030e-02  -3.8452146e-03
   5.5960000e+01  -2.1182688e-02  -3.8223008e-03
   5.5970000e+01  -2.1137665e-02  -3.8001503e-03
   5.5980000e+01  -2.1091634e-02  -3.7787841e-03
   5.5990000e+01  -2.1044286e-02  -3.7582043e-03
   5.6000000e+01  -2.0995331e-02  -3.7383938e-03
   5.6010000e+01  -2.0944503e-02  -3.7193189e-03
   5.6020000e+01  -2.0891576e-02  -3.7009337e-03
   5.6030000e+01  -2.0836372e-02  -3.6831847e-03
   5.6040000e+01  -2.0778788e-02  -3.6660159e-03
   5.6050000e+01  -2.0718798e-02  -3.6493714e-03
   5.6060000e+01  -2.0656476e-02  -3.6331985e-03
   5.6070000e+01  -2.0591992e-02  -3.6174477e-03
   5.6080000e+01  -2.0525618e-02  -3.6020731e-03
   5.6090000e+01  -2.0457717e-02  -3.5870316e-03
   5.6100000e+01  -2.0388733e-02  -3.5722816e-03
   5.6110000e+01  -2.0319164e-02  -3.5577814e-03
   5.6120000e+01  -2.0249529e-02  -3.5434878e-03
   5.6130000e+01  -2.0180328e-02  -3.5293545e-03
   5.6140000e+01  -2.0112007e-02  -3.5153326e-03
   5.6150000e+01  -2.0044934e-02  -3.5013713e-03
   5.6160000e+01  -1.9979382e-02  -3.4874202e-03
   5.6170000e+01  -1.9915533e-02  -3.4734310e-03
   5.6180000e+01  -1.9853487e-02  -3.4593590e-03
   5.6190000e+01  -1.9793268e-02  -3.4451648e-03
   5.6200000e+01  -1.9734832e-02  -3.4308151e-03
   5.6210000e+01  -1.9678079e-02  -3.4162840e-03
   5.6220000e+01  -1.9622852e-02  -3.4015540e-03
   5.6230000e+01  -1.9568953e-02  -3.3866172e-03
   5.6240000e+01  -1.9516152e-02  -3.3714753e-03
   5.6250000e+01  -1.9464207e-02  -3.3561379e-03
   5.6260000e+01  -1.9412884e-02  -3.3406202e-03
   5.6270000e+01  -1.9361964e-02  -3.3249390e-03
   5.6280000e+01  -1.9311259e-02  -3.3091080e-03
   5.6290000e+01  -1.9260607e-02  -3.2931315e-03
   5.6300000e+01  -1.9209874e-02  -3.2769993e-03
   5.6310000e+01  -1.9158941e-02  -3.2606825e-03
   5.6320000e+01  -1.9107709e-02  -3.2441320e-03
   5.6330000e+01  -1.9056090e-02  -3.2272823e-03
   5.6340000e+01  -1.9004024e-02  -3.2100596e-03
   5.6350000e+01  -1.8951486e-02  -3.1923939e-03
   5.6360000e+01  -1.8898509e-02  -3.1742332e-03
   5.6370000e+01  -1.8845194e-02  -3.1555567e-03
   5.6380000e+01  -1.8791716e-02  -3.1363846e-03
   5.6390000e+01  -1.8738321e-02  -3.1167827e-03
   5.6400000e+01  -1.8685311e-02  -3.0968608e-03
   5.6410000e+01  -1.8633025e-02  -3.0767639e-03
   5.6420000e+01  -1.8581811e-02  -3.0566595e-03
   5.6430000e+01  -1.8531996e-02  -3.0367212e-03
   5.6440000e+01  -1.8483866e-02  -3.0171129e-03
   5.6450000e+01  -1.8437646e-02  -2.9979746e-03
   5.6460000e+01  -1.8393491e-02  -2.9794146e-03
   5.6470000e+01  -1.8351487e-02  -2.9615062e-03
   5.6480000e+01  -1.8311656e-02  -2.9442907e-03
   5.6490000e+01  -1.8273970e-02  -2.9277841e-03
   5.6500000e+01  -1.8238360e-02  -2.9119856e-03
   5.6510000e+01  -1.8204722e-02  -2.8968845e-03
   5.6520000e+01  -1.8172918e-02  -2.8824655e-03
   5.6530000e+01  -1.8142770e-02  -2.8687091e-03
   5.6540000e+01  -1.8114048e-02  -2.8555904e-03
   5.6550000e+01  -1.8086460e-02  -2.8430739e-03
   5.6560000e+01  -1.8059637e-02  -2.8311083e-03
   5.6570000e+01  -1.8033131e-02  -2.8196210e-03
   5.6580000e+01  -1.8006419e-02  -2.8085143e-03
   5.6590000e+01  -1.7978915e-02  -2.7976627e-03
   5.6600000e+01  -1.7949990e-02  -2.7869122e-03
   5.6610000e+01  -1.7918995e-02  -2.7760820e-03
   5.6620000e+01  -1.7885294e-02  -2.7649684e-03
   5.6630000e+01  -1.7848290e-02  -2.7533512e-03
   5.6640000e+01  -1.7807455e-02  -2.7410030e-03
   5.6650000e+01  -1.7762356e-02  -2.7277001e-03
   5.6660000e+01  -1.7712664e-02  -2.7132347e-03
   5.6670000e+01  -1.7658170e-02  -2.6974276e-03
   5.6680000e+01  -1.7598790e-02  -2.6801388e-03
   5.6690000e+01  -1.7534562e-02  -2.6612762e-03
   5.6700000e+01  -1.7465649e-02  -2.6408018e-03
   5.6710000e+01  -1.7392325e-02  -2.6187336e-03
   5.6720000e+01  -1.7314966e-02  -2.5951433e-03
   5.6730000e+01  -1.7234030e-02  -2.5701510e-03
   5.6740000e+01  -1.7150039e-02  -2.5439153e-03
   5.6750000e+01  -1.7063558e-02  -2.5166226e-03
   5.6760000e+01  -1.6975183e-02  -2.4884756e-03
   5.6770000e+01  -1.6885520e-02  -2.4596829e-03
   5.6780000e+01  -1.6795175e-02  -2.4304503e-03
   5.6790000e+01  -1.6704736e-02  -2.4009743e-03
   5.6800000e+01  -1.6614770e-02  -2.3714382e-03
   5.6810000e+01  -1.6525809e-02  -2.3420096e-03
   5.6820000e+01  -1.6438352e-02  -2.3128396e-03
   5.6830000e+01  -1.6352858e-02  -2.2840628e-03
   5.6840000e+01  -1.6269746e-02  -2.2557980e-03
   5.6850000e+01  -1.6189387e-02  -2.2281483e-03
   5.6860000e+01  -1.6112105e-02  -2.2012016e-03
   5.6870000e+01  -1.6038169e-02  -2.1750307e-03
   5.6880000e+01  -1.5967788e-02  -2.1496926e-03
   5.6890000e+01  -1.5901108e-02  -2.1252274e-03
   5.6900000e+01  -1.5838210e-02  -2.1016566e-03
   5.6910000e+01  -1.5779107e-02  -2.0789818e-03
   5.6920000e+01  -1.5723748e-02  -2.0571837e-03
   5.6930000e+01  -1.5672023e-02  -2.0362226e-03
   5.6940000e+01  -1.5623770e-02  -2.0160400e-03
   5.6950000e+01  -1.5578789e-02  -1.9965622e-03
   5.6960000e+01  -1.5536847e-02  -1.9777045e-03
   5.6970000e+01  -1.5497687e-02  -1.9593778e-03
   5.6980000e+01  -1.5461035e-02  -1.9414952e-03
   5.6990000e+01  -1.5426593e-02  -1.9239798e-03
   5.7000000e+01  -1.5394036e-02  -1.9067719e-03
   5.7010000e+01  -1.5362998e-02  -1.8898351e-03
   5.7020000e+01  -1.5333065e-02  -1.8731599e-03
   5.7030000e+01  -1.5303771e-02  -1.8567652e-03
   5.7040000e+01  -1.5274606e-02  -1.8406969e-03
   5.7050000e+01  -1.5245027e-02  -1.8250236e-03
   5.7060000e+01  -1.5214493e-02  -1.8098312e-03
   5.7070000e+01  -1.5182492e-02  -1.7952135e-03
   5.7080000e+01  -1.5148574e-02  -1.7812628e-03
   5.7090000e+01  -1.5112383e-02  -1.7680587e-03
   5.7100000e+01  -1.5073675e-02  -1.7556586e-03
   5.7110000e+01  -1.5032323e-02  -1.7440899e-03
   5.7120000e+01  -1.4988320e-02  -1.7333456e-03
   5.7130000e+01  -1.4941757e-02  -1.7233837e-03
   5.7140000e+01  -1.4892804e-02  -1.7141304e-03
   5.7150000e+01  -1.4841684e-02  -1.7054859e-03
   5.7160000e+01  -1.4788646e-02  -1.6973317e-03
   5.7170000e+01  -1.4733941e-02  -1.6895391e-03
   5.7180000e+01  -1.4677800e-02  -1.6819758e-03
   5.7190000e+01  -1.4620425e-02  -1.6745117e-03
   5.7200000e+01  -1.4561984e-02  -1.6670237e-03
   5.7210000e+01  -1.4502612e-02  -1.6593987e-03
   5.7220000e+01  -1.4442431e-02  -1.6515374e-03
   5.7230000e+01  -1.4381559e-02  -1.6433570e-03
   5.7240000e+01  -1.4320132e-02  -1.6347930e-03
   5.7250000e+01  -1.4258312e-02  -1.6257995e-03
   5.7260000e+01  -1.4196298e-02  -1.6163463e-03
   5.7270000e+01  -1.4134319e-02  -1.6064147e-03
   5.7280000e+01  -1.4072627e-02  -1.5959913e-03
   5.7290000e+01  -1.4011489e-02  -1.5850628e-03
   5.7300000e+01  -1.3951167e-02  -1.5736110e-03
   5.7310000e+01  -1.3891909e-02  -1.5616122e-03
   5.7320000e+01  -1.3833944e-02  -1.5490374e-03
   5.7330000e+01  -1.3777475e-02  -1.5358559e-03
   5.7340000e+01  -1.3722676e-02  -1.5220405e-03
   5.7350000e+01  -1.3669692e-02  -1.5075720e-03
   5.7360000e+01  -1.3618630e-02  -1.4924437e-03
   5.7370000e+01  -1.3569553e-02  -1.4766641e-03
   5.7380000e+01  -1.3522466e-02  -1.4602568e-03
   5.7390000e+01  -1.3477307e-02  -1.4432591e-03
   5.7400000e+01  -1.3433941e-02  -1.4257186e-03
   5.7410000e+01  -1.3392157e-02  -1.4076894e-03
   5.7420000e+01  -1.3351672e-02  -1.3892282e-03
   5.7430000e+01  -1.3312135e-02  -1.3703911e-03
   5.7440000e+01  -1.3273147e-02  -1.3512305e-03
   5.7450000e+01  -1.3234275e-02  -1.3317937e-03
   5.7460000e+01  -1.3195081e-02  -1.3121225e-03
   5.7470000e+01  -1.3155152e-02  -1.2922536e-03
   5.7480000e+01  -1.3114122e-02  -1.2722204e-03
   5.7490000e+01  -1.3071702e-02  -1.2520549e-03
   5.7500000e+01  -1.3027689e-02  -1.2317889e-03
   5.7510000e+01  -1.2981968e-02  -1.2114555e-03
   5.7520000e+01  -1.2934507e-02  -1.1910879e-03
   5.7530000e+01  -1.2885344e-02  -1.1707192e-03
   5.7540000e+01  -1.2834582e-02  -1.1503813e-03
   5.7550000e+01  -1.2782376e-02  -1.1301045e-03
   5.7560000e+01  -1.2728925e-02  -1.1099175e-03
   5.7570000e+01  -1.2674460e-02  -1.0898481e-03
   5.7580000e+01  -1.2619228e-02  -1.0699238e-03
   5.7590000e+01  -1.2563474e-02  -1.0501727e-03
   5.7600000e+01  -1.2507426e-02  -1.0306240e-03
   5.7610000e+01  -1.2451279e-02  -1.0113081e-03
   5.7620000e+01  -1.2395185e-02  -9.9225702e-04
   5.7630000e+01  -1.2339257e-02  -9.7350293e-04
   5.7640000e+01  -1.2283569e-02  -9.5507806e-04
   5.7650000e+01  -1.2228168e-02  -9.3701418e-04
   5.7660000e+01  -1.2173079e-02  -9.1934318e-04
   5.7670000e+01  -1.2118308e-02  -9.0209846e-04
   5.7680000e+01  -1.2063838e-02  -8.8531645e-04
   5.7690000e+01  -1.2009629e-02  -8.6903718e-04
   5.7700000e+01  -1.1955600e-02  -8.5330297e-04
   5.7710000e+01  -1.1901624e-02  -8.3815433e-04
   5.7720000e+01  -1.1847523e-02  -8.2362334e-04
   5.7730000e+01  -1.1793074e-02  -8.0972517e-04
   5.7740000e+01  -1.1738015e-02  -7.9644921e-04
   5.7750000e+01  -1.1682069e-02  -7.8375159e-04
   5.7760000e+01  -1.1624961e-02  -7.7155076e-04
   5.7770000e+01  -1.1566440e-02  -7.5972744e-04
   5.7780000e+01  -1.1506305e-02  -7.4812956e-04
   5.7790000e+01  -1.1444417e-02  -7.3658208e-04
   5.7800000e+01  -1.1380706e-02  -7.2490023e-04
   5.7810000e+01  -1.1315179e-02  -7.1290442e-04
   5.7820000e+01  -1.1247907e-02  -7.0043436e-04
   5.7830000e+01  -1.1179020e-02  -6.8736047e-04
   5.7840000e+01  -1.1108695e-02  -6.7359081e-04
   5.7850000e+01  -1.1037145e-02  -6.5907299e-04
   5.7860000e+01  -1.0964613e-02  -6.4379178e-04
   5.7870000e+01  -1.0891372e-02  -6.2776350e-04
   5.7880000e+01  -1.0817726e-02  -6.1102901e-04
   5.7890000e+01  -1.0744014e-02  -5.9364688e-04
   5.7900000e+01  -1.0670618e-02  -5.7568793e-04
   5.7910000e+01  -1.0597961e-02  -5.5723180e-04
   5.7920000e+01  -1.0526504e-02  -5.3836558e-04
   5.7930000e+01  -1.0456734e-02  -5.1918394e-04
   5.7940000e+01  -1.0389154e-02  -4.9979044e-04
   5.7950000e+01  -1.0324256e-02  -4.8029926e-04
   5.7960000e+01  -1.0262508e-02  -4.6083691e-04
   5.7970000e+01  -1.0204324e-02  -4.4154306e-04
   5.7980000e+01  -1.0150049e-02  -4.2257012e-04
   5.7990000e+01  -1.0099936e-02  -4.0408074e-04
   5.8000000e+01  -1.0054138e-02  -3.8624318e-04
   5.8010000e+01  -1.0012698e-02  -3.6922449e-04
   5.8020000e+01  -9.9755448e-03  -3.5318188e-04
   5.8030000e+01  -9.9424992e-03  -3.3825310e-04
   5.8040000e+01  -9.9132771e-03  -3.2454709e-04
   5.8050000e+01  -9.8875000e-03  -3.1213573e-04
   5.8060000e+01  -9.8647092e-03  -3.0104763e-04
   5.8070000e+01  -9.8443839e-03  -2.9126472e-04
   5.8080000e+01  -9.8259604e-03  -2.8272207e-04
   5.8090000e+01  -9.8088524e-03  -2.7531133e-04
   5.8100000e+01  -9.7924683e-03  -2.6888730e-04
   5.8110000e+01  -9.7762273e-03  -2.6327733e-04
   5.8120000e+01  -9.7595728e-03  -2.5829206e-04
   5.8130000e+01  -9.7419838e-03  -2.5373647e-04
   5.8140000e+01  -9.7229830e-03  -2.4941991e-04
   5.8150000e+01  -9.7021425e-03  -2.4516444e-04
   5.8160000e+01  -9.6790853e-03  -2.4081087e-04
   5.8170000e+01  -9.6534861e-03  -2.3622253e-04
   5.8180000e+01  -9.6250710e-03  -2.3128678e-04
   5.8190000e+01  -9.5936169e-03  -2.2591453e-04
   5.8200000e+01  -9.5589522e-03  -2.2003840e-04
   5.8210000e+01  -9.5209580e-03  -2.1360987e-04
   5.8220000e+01  -9.4795695e-03  -2.0659614e-04
   5.8230000e+01  -9.4347784e-03  -1.9897686e-04
   5.8240000e+01  -9.3866342e-03  -1.9074123e-04
   5.8250000e+01  -9.3352440e-03  -1.8188576e-04
   5.8260000e+01  -9.2807695e-03  -1.7241285e-04
   5.8270000e+01  -9.2234212e-03  -1.6233003e-04
   5.8280000e+01  -9.1634493e-03  -1.5164953e-04
   5.8290000e+01  -9.1011342e-03  -1.4038811e-04
   5.8300000e+01  -9.0367747e-03  -1.2856681e-04
   5.8310000e+01  -8.9706795e-03  -1.1621033e-04
   5.8320000e+01  -8.9031607e-03  -1.0334623e-04
   5.8330000e+01  -8.8345325e-03  -9.0003749e-05
   5.8340000e+01  -8.7651142e-03  -7.6211979e-05
   5.8350000e+01  -8.6952369e-03  -6.1997510e-05
   5.8360000e+01  -8.6252506e-03  -4.7381800e-05
   5.8370000e+01  -8.5555283e-03  -3.2378538e-05
   5.8380000e+01  -8.4864641e-03  -1.6991435e-05
   5.8390000e+01  -8.4184625e-03  -1.2129399e-06
   5.8400000e+01  -8.3519209e-03   1.4975942e-05
   5.8410000e+01  -8.2872072e-03   3.1604621e-05
   5.8420000e+01  -8.2246350e-03   4.8710531e-05
   5.8430000e+01  -8.1644418e-03   6.6335276e-05
   5.8440000e+01  -8.1067726e-03   8.4519424e-05
   5.8450000e+01  -8.0516724e-03   1.0329619e-04
   5.8460000e+01  -7.9990870e-03   1.2268468e-04
   5.8470000e+01  -7.9488738e-03   1.4268383e-04
   5.8480000e+01  -7.9008191e-03   1.6326808e-04
   5.8490000e+01  -7.8546595e-03   1.8438555e-04
   5.8500000e+01  -7.8101056e-03   2.0595924e-04
   5.8510000e+01  -7.7668645e-03   2.2789105e-04
   5.8520000e+01  -7.7246594e-03   2.5006788e-04
   5.8530000e+01  -7.6832436e-03   2.7236889e-04
   5.8540000e+01  -7.6424072e-03   2.9467257e-04
   5.8550000e+01  -7.6019769e-03   3.1686279e-04
   5.8560000e+01  -7.5618078e-03   3.3883313e-04
   5.8570000e+01  -7.5217717e-03   3.6048983e-04
   5.8580000e+01  -7.4817437e-03   3.8175370e-04
   5.8590000e+01  -7.4415904e-03   4.0256148e-04
   5.8600000e+01  -7.4011633e-03   4.2286671e-04
   5.8610000e+01  -7.3602979e-03   4.4263963e-04
   5.8620000e+01  -7.3188182e-03   4.6186590e-04
   5.8630000e+01  -7.2765453e-03   4.8054361e-04
   5.8640000e+01  -7.2333069e-03   4.9867909e-04
   5.8650000e+01  -7.1889463e-03   5.1628175e-04
   5.8660000e+01  -7.1433290e-03   5.3335927e-04
   5.8670000e+01  -7.0963473e-03   5.4991389e-04
   5.8680000e+01  -7.0479219e-03   5.6594036e-04
   5.8690000e+01  -6.9980033e-03   5.8142625e-04
   5.8700000e+01  -6.9465748e-03   5.9635427e-04
   5.8710000e+01  -6.8936567e-03   6.1070627e-04
   5.8720000e+01  -6.8393127e-03   6.2446802e-04
   5.8730000e+01  -6.7836559e-03   6.3763384e-04
   5.8740000e+01  -6.7268527e-03   6.5021010e-04
   5.8750000e+01  -6.6691238e-03   6.6221697e-04
   5.8760000e+01  -6.6107398e-03   6.7368824e-04
   5.8770000e+01  -6.5520131e-03   6.8466937e-04
   5.8780000e+01  -6.4932858e-03   6.9521416e-04
   5.8790000e+01  -6.4349137e-03   7.0538045e-04
   5.8800000e+01  -6.3772470e-03   7.1522561e-04
   5.8810000e+01  -6.3206090e-03   7.2480250e-04
   5.8820000e+01  -6.2652752e-03   7.3415623e-04
   5.8830000e+01  -6.2114563e-03   7.4332268e-04
   5.8840000e+01  -6.1592868e-03   7.5232865e-04
   5.8850000e+01  -6.1088226e-03   7.6119371e-04
   5.8860000e+01  -6.0600454e-03   7.6993299e-04
   5.8870000e+01  -6.0128709e-03   7.7856020e-04
   5.8880000e+01  -5.9671604e-03   7.8709016e-04
   5.8890000e+01  -5.9227313e-03   7.9554051e-04
   5.8900000e+01  -5.8793684e-03   8.0393259e-04
   5.8910000e+01  -5.8368365e-03   8.1229179e-04
   5.8920000e+01  -5.7948951e-03   8.2064760e-04
   5.8930000e+01  -5.7533144e-03   8.2903362e-04
   5.8940000e+01  -5.7118921e-03   8.3748790e-04
   5.8950000e+01  -5.6704667e-03   8.4605331e-04
   5.8960000e+01  -5.6289246e-03   8.5477814e-04
   5.8970000e+01  -5.5872001e-03   8.6371629e-04
   5.8980000e+01  -5.5452706e-03   8.7292687e-04
   5.8990000e+01  -5.5031466e-03   8.8247274e-04
   5.9000000e+01  -5.4608631e-03   8.9241807e-04
   5.9010000e+01  -5.4184723e-03   9.0282516e-04
   5.9020000e+01  -5.3760415e-03   9.1375117e-04
   5.9030000e+01  -5.3336546e-03   9.2524524e-04
   5.9040000e+01  -5.2914161e-03   9.3734678e-04
   5.9050000e+01  -5.2494573e-03   9.5008452e-04
   5.9060000e+01  -5.2079372e-03   9.6347621e-04
   5.9070000e+01  -5.1670404e-03   9.7752824e-04
   5.9080000e+01  -5.1269680e-03   9.9223454e-04
   5.9090000e+01  -5.0879247e-03   1.0075747e-03
   5.9100000e+01  -5.0501021e-03   1.0235108e-03
   5.9110000e+01  -5.0136611e-03   1.0399843e-03
   5.9120000e+01  -4.9787156e-03   1.0569131e-03
   5.9130000e+01  -4.9453202e-03   1.0741893e-03
   5.9140000e+01  -4.9134627e-03   1.0916809e-03
   5.9150000e+01  -4.8830624e-03   1.1092347e-03
   5.9160000e+01  -4.8539753e-03   1.1266841e-03
   5.9170000e+01  -4.8260025e-03   1.1438588e-03
   5.9180000e+01  -4.7989018e-03   1.1605960e-03
   5.9190000e+01  -4.7723991e-03   1.1767524e-03
   5.9200000e+01  -4.7461974e-03   1.1922141e-03
   5.9210000e+01  -4.7199842e-03   1.2069040e-03
   5.9220000e+01  -4.6934339e-03   1.2207851e-03
   5.9230000e+01  -4.6662082e-03   1.2338604e-03
   5.9240000e+01  -4.6379563e-03   1.2461689e-03
   5.9250000e+01  -4.6083159e-03   1.2577798e-03
   5.9260000e+01  -4.5769169e-03   1.2687847e-03
   5.9270000e+01  -4.5433893e-03   1.2792909e-03
   5.9280000e+01  -4.5073740e-03   1.2894136e-03
   5.9290000e+01  -4.4685366e-03   1.2992716e-03
   5.9300000e+01  -4.4265819e-03   1.3089822e-03
   5.9310000e+01  -4.3812694e-03   1.3186601e-03
   5.9320000e+01  -4.3324273e-03   1.3284159e-03
   5.9330000e+01  -4.2799647e-03   1.3383575e-03
   5.9340000e+01  -4.2238804e-03   1.3485904e-03
   5.9350000e+01  -4.1642674e-03   1.3592192e-03
   5.9360000e+01  -4.1013127e-03   1.3703475e-03
   5.9370000e+01  -4.0352931e-03   1.3820761e-03
   5.9380000e+01  -3.9665678e-03   1.3945006e-03
   5.9390000e+01  -3.8955672e-03   1.4077059e-03
   5.9400000e+01  -3.8227793e-03   1.4217610e-03
   5.9410000e+01  -3.7487329e-03   1.4367128e-03
   5.9420000e+01  -3.6739791e-03   1.4525805e-03
   5.9430000e+01  -3.5990722e-03   1.4693515e-03
   5.9440000e+01  -3.5245530e-03   1.4869790e-03
   5.9450000e+01  -3.4509336e-03   1.5053829e-03
   5.9460000e+01  -3.3786856e-03   1.5244525e-03
   5.9470000e+01  -3.3082304e-03   1.5440527e-03
   5.9480000e+01  -3.2399334e-03   1.5640318e-03
   5.9490000e+01  -3.1741003e-03   1.5842310e-03
   5.9500000e+01  -3.1109769e-03   1.6044934e-03
   5.9510000e+01  -3.0507514e-03   1.6246730e-03
   5.9520000e+01  -2.9935575e-03   1.6446413e-03
   5.9530000e+01  -2.9394781e-03   1.6642921e-03
   5.9540000e+01  -2.8885481e-03   1.6835434e-03
   5.9550000e+01  -2.8407566e-03   1.7023382e-03
   5.9560000e+01  -2.7960474e-03   1.7206415e-03
   5.9570000e+01  -2.7543197e-03   1.7384371e-03
   5.9580000e+01  -2.7154283e-03   1.7557232e-03
   5.9590000e+01  -2.6791840e-03   1.7725071e-03
   5.9600000e+01  -2.6453573e-03   1.7888011e-03
   5.9610000e+01  -2.6136835e-03   1.8046183e-03
   5.9620000e+01  -2.5838708e-03   1.8199702e-03
   5.9630000e+01  -2.5556103e-03   1.8348646e-03
   5.9640000e+01  -2.5285859e-03   1.8493049e-03
   5.9650000e+01  -2.5024838e-03   1.8632903e-03
   5.9660000e+01  -2.4769994e-03   1.8768164e-03
   5.9670000e+01  -2.4518403e-03   1.8898757e-03
   5.9680000e+01  -2.4267261e-03   1.9024595e-03
   5.9690000e+01  -2.4013840e-03   1.9145583e-03
   5.9700000e+01  -2.3755436e-03   1.9261637e-03
   5.9710000e+01  -2.3489323e-03   1.9372689e-03
   5.9720000e+01  -2.3212753e-03   1.9478694e-03
   5.9730000e+01  -2.2922998e-03   1.9579631e-03
   5.9740000e+01  -2.2617455e-03   1.9675499e-03
   5.9750000e+01  -2.2293797e-03   1.9766314e-03
   5.9760000e+01  -2.1950143e-03   1.9852105e-03
   5.9770000e+01  -2.1585214e-03   1.9932906e-03
   5.9780000e+01  -2.1198459e-03   2.0008754e-03
   5.9790000e+01  -2.0790121e-03   2.0079691e-03
   5.9800000e+01  -2.0361235e-03   2.0145773e-03
   5.9810000e+01  -1.9913561e-03   2.0207086e-03
   5.9820000e+01  -1.9449450e-03   2.0263778e-03
   5.9830000e+01  -1.8971672e-03   2.0316089e-03
   5.9840000e+01  -1.8483217e-03   2.0364384e-03
   5.9850000e+01  -1.7987097e-03   2.0409177e-03
   5.9860000e+01  -1.7486165e-03   2.0451136e-03
   5.9870000e+01  -1.6982975e-03   2.0491073e-03
   5.9880000e+01  -1.6479701e-03   2.0529912e-03
   5.9890000e+01  -1.5978118e-03   2.0568636e-03
   5.9900000e+01  -1.5479638e-03   2.0608237e-03
   5.9910000e+01  -1.4985400e-03   2.0649664e-03
   5.9920000e+01  -1.4496377e-03   2.0693777e-03
   5.9930000e+01  -1.4013478e-03   2.0741320e-03
   5.9940000e+01  -1.3537627e-03   2.0792909e-03
   5.9950000e+01  -1.3069788e-03   2.0849019e-03
   5.9960000e+01  -1.2610949e-03   2.0909993e-03
   5.9970000e+01  -1.2162080e-03   2.0976035e-03
   5.9980000e+01  -1.1724067e-03   2.1047227e-03
   5.9990000e+01  -1.1297649e-03   2.1123541e-03
   6.0000000e+01  -1.0883369e-03   2.1204864e-03
   6.0010000e+01  -1.0481546e-03   2.1291026e-03
   6.0020000e+01  -1.0092255e-03   2.1381838e-03
   6.0030000e+01  -9.7153163e-04   2.1477122e-03
   6.0040000e+01  -9.3502949e-04   2.1576740e-03
   6.0050000e+01  -8.9964773e-04   2.1680610e-03
   6.0060000e+01  -8.6528434e-04   2.1788708e-03
   6.0070000e+01  -8.3180371e-04   2.1901057e-03
   6.0080000e+01  -7.9903486e-04   2.2017701e-03
   6.0090000e+01  -7.6677183e-04   2.2138672e-03
   6.0100000e+01  -7.3477718e-04   2.2263951e-03
   6.0110000e+01  -7.0278947e-04   2.2393442e-03
   6.0120000e+01  -6.7053340e-04   2.2526952e-03
   6.0130000e+01  -6.3773241e-04   2.2664185e-03
   6.0140000e+01  -6.0412311e-04   2.2804748e-03
   6.0150000e+01  -5.6947035e-04   2.2948181e-03
   6.0160000e+01  -5.3358185e-04   2.3093988e-03
   6.0170000e+01  -4.9632057e-04   2.3241684e-03
   6.0180000e+01  -4.5761263e-04   2.3390829e-03
   6.0190000e+01  -4.1744984e-04   2.3541073e-03
   6.0200000e+01  -3.7588662e-04   2.3692165e-03
   6.0210000e+01  -3.3303265e-04   2.3843958e-03
   6.0220000e+01  -2.8904251e-04   2.3996385e-03
   6.0230000e+01  -2.4410451e-04   2.4149429e-03
   6.0240000e+01  -1.9842935e-04   2.4303078e-03
   6.0250000e+01  -1.5223794e-04   2.4457288e-03
   6.0260000e+01  -1.0574783e-04   2.4611944e-03
   6.0270000e+01  -5.9158886e-05   2.4766844e-03
   6.0280000e+01  -1.2639617e-05   2.4921681e-03
   6.0290000e+01   3.3684320e-05   2.5076047e-03
   6.0300000e+01   7.9736657e-05   2.5229437e-03
   6.0310000e+01   1.2549047e-04   2.5381266e-03
   6.0320000e+01   1.7096220e-04   2.5530876e-03
   6.0330000e+01   2.1620201e-04   2.5677552e-03
   6.0340000e+01   2.6128324e-04   2.5820540e-03
   6.0350000e+01   3.0629323e-04   2.5959064e-03
   6.0360000e+01   3.5132737e-04   2.6092353e-03
   6.0370000e+01   3.9648731e-04   2.6219674e-03
   6.0380000e+01   4.4188164e-04   2.6340372e-03
   6.0390000e+01   4.8762753e-04   2.6453908e-03
   6.0400000e+01   5.3385174e-04   2.6559895e-03
   6.0410000e+01   5.8068846e-04   2.6658123e-03
   6.0420000e+01   6.2827337e-04   2.6748573e-03
   6.0430000e+01   6.7673431e-04   2.6831419e-03
   6.0440000e+01   7.2617976e-04   2.6907022e-03
   6.0450000e+01   7.7668621e-04   2.6975916e-03
   6.0460000e+01   8.2828655e-04   2.7038797e-03
   6.0470000e+01   8.8096142e-04   2.7096509e-03
   6.0480000e+01   9.3463408e-04   2.7150037e-03
   6.0490000e+01   9.8916979e-04   2.7200492e-03
   6.0500000e+01   1.0443800e-03   2.7249105e-03
   6.0510000e+01   1.1000305e-03   2.7297200e-03
   6.0520000e+01   1.1558525e-03   2.7346159e-03
   6.0530000e+01   1.2115543e-03   2.7397374e-03
   6.0540000e+01   1.2668314e-03   2.7452181e-03
   6.0550000e+01   1.3213761e-03   2.7511785e-03
   6.0560000e+01   1.3748830e-03   2.7577190e-03
   6.0570000e+01   1.4270534e-03   2.7649123e-03
   6.0580000e+01   1.4775970e-03   2.7727998e-03
   6.0590000e+01   1.5262341e-03   2.7813883e-03
   6.0600000e+01   1.5726991e-03   2.7906504e-03
   6.0610000e+01   1.6167456e-03   2.8005281e-03
   6.0620000e+01   1.6581534e-03   2.8109369e-03
   6.0630000e+01   1.6967369e-03   2.8217732e-03
   6.0640000e+01   1.7323548e-03   2.8329211e-03
   6.0650000e+01   1.7649188e-03   2.8442599e-03
   6.0660000e+01   1.7944018e-03   2.8556706e-03
   6.0670000e+01   1.8208450e-03   2.8670414e-03
   6.0680000e+01   1.8443620e-03   2.8782713e-03
   6.0690000e+01   1.8651410e-03   2.8892720e-03
   6.0700000e+01   1.8834427e-03   2.8999679e-03
   6.0710000e+01   1.8995949e-03   2.9102950e-03
   6.0720000e+01   1.9139844e-03   2.9201988e-03
   6.0730000e+01   1.9270461e-03   2.9296323e-03
   6.0740000e+01   1.9392500e-03   2.9385547e-03
   6.0750000e+01   1.9510863e-03   2.9469309e-03
   6.0760000e+01   1.9630497e-03   2.9547330e-03
   6.0770000e+01   1.9756228e-03   2.9619417e-03
   6.0780000e+01   1.9892607e-03   2.9685500e-03
   6.0790000e+01   2.0043784e-03   2.9745659e-03
   6.0800000e+01   2.0213404e-03   2.9800156e-03
   6.0810000e+01   2.0404540e-03   2.9849449e-03
   6.0820000e+01   2.0619642e-03   2.9894201e-03
   6.0830000e+01   2.0860535e-03   2.9935257e-03
   6.0840000e+01   2.1128427e-03   2.9973612e-03
   6.0850000e+01   2.1423952e-03   3.0010351e-03
   6.0860000e+01   2.1747226e-03   3.0046591e-03
   6.0870000e+01   2.2097905e-03   3.0083405e-03
   6.0880000e+01   2.2475238e-03   3.0121760e-03
   6.0890000e+01   2.2878114e-03   3.0162463e-03
   6.0900000e+01   2.3305091e-03   3.0206131e-03
   6.0910000e+01   2.3754420e-03   3.0253171e-03
   6.0920000e+01   2.4224058e-03   3.0303796e-03
   6.0930000e+01   2.4711680e-03   3.0358042e-03
   6.0940000e+01   2.5214713e-03   3.0415822e-03
   6.0950000e+01   2.5730375e-03   3.0476966e-03
   6.0960000e+01   2.6255745e-03   3.0541279e-03
   6.0970000e+01   2.6787847e-03   3.0608584e-03
   6.0980000e+01   2.7323732e-03   3.0678757e-03
   6.0990000e+01   2.7860569e-03   3.0751751e-03
   6.1000000e+01   2.8395704e-03   3.0827605e-03
   6.1010000e+01   2.8926699e-03   3.0906440e-03
   6.1020000e+01   2.9451340e-03   3.0988447e-03
   6.1030000e+01   2.9967608e-03   3.1073871e-03
   6.1040000e+01   3.0473639e-03   3.1162986e-03
   6.1050000e+01   3.0967681e-03   3.1256071e-03
   6.1060000e+01   3.1448072e-03   3.1353390e-03
   6.1070000e+01   3.1913247e-03   3.1455164e-03
   6.1080000e+01   3.2361793e-03   3.1561559e-03
   6.1090000e+01   3.2792531e-03   3.1672667e-03
   6.1100000e+01   3.3204628e-03   3.1788503e-03
   6.1110000e+01   3.3597699e-03   3.1908997e-03
   6.1120000e+01   3.3971901e-03   3.2033996e-03
   6.1130000e+01   3.4327983e-03   3.2163278e-03
   6.1140000e+01   3.4667287e-03   3.2296556e-03
   6.1150000e+01   3.4991705e-03   3.2433500e-03
   6.1160000e+01   3.5303579e-03   3.2573748e-03
   6.1170000e+01   3.5605570e-03   3.2716924e-03
   6.1180000e+01   3.5900495e-03   3.2862634e-03
   6.1190000e+01   3.6191169e-03   3.3010469e-03
   6.1200000e+01   3.6480240e-03   3.3159991e-03
   6.1210000e+01   3.6770062e-03   3.3310715e-03
   6.1220000e+01   3.7062613e-03   3.3462097e-03
   6.1230000e+01   3.7359466e-03   3.3613527e-03
   6.1240000e+01   3.7661801e-03   3.3764333e-03
   6.1250000e+01   3.7970469e-03   3.3913799e-03
   6.1260000e+01   3.8286074e-03   3.4061194e-03
   6.1270000e+01   3.8609065e-03   3.4205809e-03
   6.1280000e+01   3.8939813e-03   3.4346988e-03
   6.1290000e+01   3.9278654e-03   3.4484157e-03
   6.1300000e+01   3.9625899e-03   3.4616843e-03
   6.1310000e+01   3.9981816e-03   3.4744680e-03
   6.1320000e+01   4.0346596e-03   3.4867416e-03
   6.1330000e+01   4.0720317e-03   3.4984906e-03
   6.1340000e+01   4.1102911e-03   3.5097106e-03
   6.1350000e+01   4.1494141e-03   3.5204063e-03
   6.1360000e+01   4.1893599e-03   3.5305902e-03
   6.1370000e+01   4.2300695e-03   3.5402812e-03
   6.1380000e+01   4.2714659e-03   3.5495022e-03
   6.1390000e+01   4.3134539e-03   3.5582781e-03
   6.1400000e+01   4.3559188e-03   3.5666341e-03
   6.1410000e+01   4.3987255e-03   3.5745932e-03
   6.1420000e+01   4.4417178e-03   3.5821754e-03
   6.1430000e+01   4.4847195e-03   3.5893964e-03
   6.1440000e+01   4.5275378e-03   3.5962682e-03
   6.1450000e+01   4.5699683e-03   3.6027997e-03
   6.1460000e+01   4.6118034e-03   3.6089985e-03
   6.1470000e+01   4.6528416e-03   3.6148727e-03
   6.1480000e+01   4.6928982e-03   3.6204331e-03
   6.1490000e+01   4.7318157e-03   3.6256944e-03
   6.1500000e+01   4.7694733e-03   3.6306763e-03
   6.1510000e+01   4.8057954e-03   3.6354040e-03
   6.1520000e+01   4.8407563e-03   3.6399065e-03
   6.1530000e+01   4.8743821e-03   3.6442154e-03
   6.1540000e+01   4.9067480e-03   3.6483617e-03
   6.1550000e+01   4.9379725e-03   3.6523732e-03
   6.1560000e+01   4.9682086e-03   3.6562719e-03
   6.1570000e+01   4.9976339e-03   3.6600726e-03
   6.1580000e+01   5.0264393e-03   3.6637830e-03
   6.1590000e+01   5.0548187e-03   3.6674056e-03
   6.1600000e+01   5.0829569e-03   3.6709410e-03
   6.1610000e+01   5.1110175e-03   3.6743914e-03
   6.1620000e+01   5.1391324e-03   3.6777651e-03
   6.1630000e+01   5.1673919e-03   3.6810803e-03
   6.1640000e+01   5.1958408e-03   3.6843673e-03
   6.1650000e+01   5.2244778e-03   3.6876697e-03
   6.1660000e+01   5.2532614e-03   3.6910443e-03
   6.1670000e+01   5.2821193e-03   3.6945590e-03
   6.1680000e+01   5.3109593e-03   3.6982901e-03
   6.1690000e+01   5.3396797e-03   3.7023197e-03
   6.1700000e+01   5.3681769e-03   3.7067317e-03
   6.1710000e+01   5.3963500e-03   3.7116088e-03
   6.1720000e+01   5.4241023e-03   3.7170291e-03
   6.1730000e+01   5.4513413e-03   3.7230626e-03
   6.1740000e+01   5.4779791e-03   3.7297681e-03
   6.1750000e+01   5.5039333e-03   3.7371896e-03
   6.1760000e+01   5.5291306e-03   3.7453540e-03
   6.1770000e+01   5.5535129e-03   3.7542682e-03
   6.1780000e+01   5.5770441e-03   3.7639186e-03
   6.1790000e+01   5.5997183e-03   3.7742702e-03
   6.1800000e+01   5.6215671e-03   3.7852684e-03
   6.1810000e+01   5.6426644e-03   3.7968404e-03
   6.1820000e+01   5.6631298e-03   3.8088986e-03
   6.1830000e+01   5.6831275e-03   3.8213434e-03
   6.1840000e+01   5.7028622e-03   3.8340667e-03
   6.1850000e+01   5.7225720e-03   3.8469550e-03
   6.1860000e+01   5.7425185e-03   3.8598924e-03
   6.1870000e+01   5.7629759e-03   3.8727633e-03
   6.1880000e+01   5.7842205e-03   3.8854547e-03
   6.1890000e+01   5.8065216e-03   3.8978597e-03
   6.1900000e+01   5.8301339e-03   3.9098800e-03
   6.1910000e+01   5.8552932e-03   3.9214296e-03
   6.1920000e+01   5.8822122e-03   3.9324385e-03
   6.1930000e+01   5.9110789e-03   3.9428559e-03
   6.1940000e+01   5.9420543e-03   3.9526534e-03
   6.1950000e+01   5.9752689e-03   3.9618265e-03
   6.1960000e+01   6.0108199e-03   3.9703954e-03
   6.1970000e+01   6.0487664e-03   3.9784035e-03
   6.1980000e+01   6.0891245e-03   3.9859150e-03
   6.1990000e+01   6.1318636e-03   3.9930108e-03
   6.2000000e+01   6.1769023e-03   3.9997837e-03
   6.2010000e+01   6.2241060e-03   4.0063327e-03
   6.2020000e+01   6.2732862e-03   4.0127572e-03
   6.2030000e+01   6.3242011e-03   4.0191516e-03
   6.2040000e+01   6.3765587e-03   4.0256006e-03
   6.2050000e+01   6.4300223e-03   4.0321763e-03
   6.2060000e+01   6.4842183e-03   4.0389361e-03
   6.2070000e+01   6.5387463e-03   4.0459224e-03
   6.2080000e+01   6.5931903e-03   4.0531644e-03
   6.2090000e+01   6.6471310e-03   4.0606801e-03
   6.2100000e+01   6.7001591e-03   4.0684789e-03
   6.2110000e+01   6.7518885e-03   4.0765647e-03
   6.2120000e+01   6.8019682e-03   4.0849374e-03
   6.2130000e+01   6.8500927e-03   4.0935950e-03
   6.2140000e+01   6.8960103e-03   4.1025326e-03
   6.2150000e+01   6.9395281e-03   4.1117427e-03
   6.2160000e+01   6.9805138e-03   4.1212124e-03
   6.2170000e+01   7.0188955e-03   4.1309225e-03
   6.2180000e+01   7.0546584e-03   4.1408446e-03
   6.2190000e+01   7.0878399e-03   4.1509409e-03
   6.2200000e+01   7.1185223e-03   4.1611634e-03
   6.2210000e+01   7.1468260e-03   4.1714551e-03
   6.2220000e+01   7.1729021e-03   4.1817531e-03
   6.2230000e+01   7.1969262e-03   4.1919917e-03
   6.2240000e+01   7.2190943e-03   4.2021073e-03
   6.2250000e+01   7.2396195e-03   4.2120422e-03
   6.2260000e+01   7.2587293e-03   4.2217489e-03
   6.2270000e+01   7.2766646e-03   4.2311929e-03
   6.2280000e+01   7.2936766e-03   4.2403534e-03
   6.2290000e+01   7.3100240e-03   4.2492235e-03
   6.2300000e+01   7.3259682e-03   4.2578076e-03
   6.2310000e+01   7.3417663e-03   4.2661181e-03
   6.2320000e+01   7.3576653e-03   4.2741708e-03
   6.2330000e+01   7.3738948e-03   4.2819809e-03
   6.2340000e+01   7.3906616e-03   4.2895589e-03
   6.2350000e+01   7.4081467e-03   4.2969079e-03
   6.2360000e+01   7.4265041e-03   4.3040217e-03
   6.2370000e+01   7.4458627e-03   4.3108850e-03
   6.2380000e+01   7.4663298e-03   4.3174743e-03
   6.2390000e+01   7.4879951e-03   4.3237599e-03
   6.2400000e+01   7.5109337e-03   4.3297084e-03
   6.2410000e+01   7.5352079e-03   4.3352862e-03
   6.2420000e+01   7.5608652e-03   4.3404615e-03
   6.2430000e+01   7.5879350e-03   4.3452078e-03
   6.2440000e+01   7.6164218e-03   4.3495056e-03
   6.2450000e+01   7.6462991e-03   4.3533441e-03
   6.2460000e+01   7.6775031e-03   4.3567223e-03
   6.2470000e+01   7.7099296e-03   4.3596497e-03
   6.2480000e+01   7.7434331e-03   4.3621461e-03
   6.2490000e+01   7.7778297e-03   4.3642407e-03
   6.2500000e+01   7.8129045e-03   4.3659715e-03
   6.2510000e+01   7.8484210e-03   4.3673830e-03
   6.2520000e+01   7.8841338e-03   4.3685242e-03
   6.2530000e+01   7.9198012e-03   4.3694465e-03
   6.2540000e+01   7.9551981e-03   4.3702014e-03
   6.2550000e+01   7.9901275e-03   4.3708394e-03
   6.2560000e+01   8.0244273e-03   4.3714087e-03
   6.2570000e+01   8.0579747e-03   4.3719559e-03
   6.2580000e+01   8.0906853e-03   4.3725266e-03
   6.2590000e+01   8.1225089e-03   4.3731666e-03
   6.2600000e+01   8.1534228e-03   4.3739226e-03
   6.2610000e+01   8.1834240e-03   4.3748427e-03
   6.2620000e+01   8.2125223e-03   4.3759758e-03
   6.2630000e+01   8.2407348e-03   4.3773702e-03
   6.2640000e+01   8.2680833e-03   4.3790716e-03
   6.2650000e+01   8.2945937e-03   4.3811213e-03
   6.2660000e+01   8.3202973e-03   4.3835541e-03
   6.2670000e+01   8.3452328e-03   4.3863972e-03
   6.2680000e+01   8.3694473e-03   4.3896690e-03
   6.2690000e+01   8.3929981e-03   4.3933790e-03
   6.2700000e+01   8.4159527e-03   4.3975282e-03
   6.2710000e+01   8.4383888e-03   4.4021092e-03
   6.2720000e+01   8.4603942e-03   4.4071075e-03
   6.2730000e+01   8.4820669e-03   4.4125023e-03
   6.2740000e+01   8.5035151e-03   4.4182681e-03
   6.2750000e+01   8.5248570e-03   4.4243761e-03
   6.2760000e+01   8.5462216e-03   4.4307955e-03
   6.2770000e+01   8.5677469e-03   4.4374958e-03
   6.2780000e+01   8.5895780e-03   4.4444473e-03
   6.2790000e+01   8.6118622e-03   4.4516234e-03
   6.2800000e+01   8.6347440e-03   4.4590008e-03
   6.2810000e+01   8.6583585e-03   4.4665608e-03
   6.2820000e+01   8.6828239e-03   4.4742888e-03
   6.2830000e+01   8.7082342e-03   4.4821743e-03
   6.2840000e+01   8.7346533e-03   4.4902097e-03
   6.2850000e+01   8.7621103e-03   4.4983899e-03
   6.2860000e+01   8.7905962e-03   4.5067100e-03
   6.2870000e+01   8.8200638e-03   4.5151647e-03
   6.2880000e+01   8.8504297e-03   4.5237468e-03
   6.2890000e+01   8.8815787e-03   4.5324468e-03
   6.2900000e+01   8.9133715e-03   4.5412528e-03
   6.2910000e+01   8.9456521e-03   4.5501515e-03
   6.2920000e+01   8.9782576e-03   4.5591290e-03
   6.2930000e+01   9.0110275e-03   4.5681721e-03
   6.2940000e+01   9.0438132e-03   4.5772691e-03
   6.2950000e+01   9.0764875e-03   4.5864096e-03
   6.2960000e+01   9.1089530e-03   4.5955836e-03
   6.2970000e+01   9.1411491e-03   4.6047794e-03
   6.2980000e+01   9.1730552e-03   4.6139809e-03
   6.2990000e+01   9.2046898e-03   4.6231649e-03
   6.3000000e+01   9.2361061e-03   4.6322986e-03
   6.3010000e+01   9.2673828e-03   4.6413380e-03
   6.3020000e+01   9.2986141e-03   4.6502273e-03
   6.3030000e+01   9.3298996e-03   4.6589004e-03
   6.3040000e+01   9.3613354e-03   4.6672826e-03
   6.3050000e+01   9.3930091e-03   4.6752947e-03
   6.3060000e+01   9.4249961e-03   4.6828560e-03
   6.3070000e+01   9.4573590e-03   4.6898894e-03
   6.3080000e+01   9.4901472e-03   4.6963249e-03
   6.3090000e+01   9.5233966e-03   4.7021031e-03
   6.3100000e+01   9.5571272e-03   4.7071789e-03
   6.3110000e+01   9.5913414e-03   4.7115237e-03
   6.3120000e+01   9.6260193e-03   4.7151271e-03
   6.3130000e+01   9.6611157e-03   4.7179986e-03
   6.3140000e+01   9.6965555e-03   4.7201673e-03
   6.3150000e+01   9.7322318e-03   4.7216812e-03
   6.3160000e+01   9.7680051e-03   4.7226058e-03
   6.3170000e+01   9.8037054e-03   4.7230213e-03
   6.3180000e+01   9.8391360e-03   4.7230196e-03
   6.3190000e+01   9.8740793e-03   4.7227006e-03
   6.3200000e+01   9.9083061e-03   4.7221683e-03
   6.3210000e+01   9.9415843e-03   4.7215276e-03
   6.3220000e+01   9.9736884e-03   4.7208805e-03
   6.3230000e+01   1.0004408e-02   4.7203235e-03
   6.3240000e+01   1.0033554e-02   4.7199455e-03
   6.3250000e+01   1.0060964e-02   4.7198257e-03
   6.3260000e+01   1.0086507e-02   4.7200321e-03
   6.3270000e+01   1.0110082e-02   4.7206205e-03
   6.3280000e+01   1.0131621e-02   4.7216331e-03
   6.3290000e+01   1.0151091e-02   4.7230979e-03
   6.3300000e+01   1.0168493e-02   4.7250277e-03
   6.3310000e+01   1.0183863e-02   4.7274199e-03
   6.3320000e+01   1.0197275e-02   4.7302570e-03
   6.3330000e+01   1.0208842e-02   4.7335071e-03
   6.3340000e+01   1.0218713e-02   4.7371258e-03
   6.3350000e+01   1.0227075e-02   4.7410578e-03
   6.3360000e+01   1.0234152e-02   4.7452405e-03
   6.3370000e+01   1.0240202e-02   4.7496064e-03
   6.3380000e+01   1.0245510e-02   4.7540867e-03
   6.3390000e+01   1.0250389e-02   4.7586153e-03
   6.3400000e+01   1.0255167e-02   4.7631313e-03
   6.3410000e+01   1.0260183e-02   4.7675822e-03
   6.3420000e+01   1.0265776e-02   4.7719260e-03
   6.3430000e+01   1.0272275e-02   4.7761318e-03
   6.3440000e+01   1.0279990e-02   4.7801802e-03
   6.3450000e+01   1.0289203e-02   4.7840617e-03
   6.3460000e+01   1.0300156e-02   4.7877752e-03
   6.3470000e+01   1.0313046e-02   4.7913254e-03
   6.3480000e+01   1.0328020e-02   4.7947204e-03
   6.3490000e+01   1.0345168e-02   4.7979693e-03
   6.3500000e+01   1.0364529e-02   4.8010808e-03
   6.3510000e+01   1.0386084e-02   4.8040620e-03
   6.3520000e+01   1.0409770e-02   4.8069186e-03
   6.3530000e+01   1.0435478e-02   4.8096552e-03
   6.3540000e+01   1.0463063e-02   4.8122775e-03
   6.3550000e+01   1.0492355e-02   4.8147932e-03
   6.3560000e+01   1.0523160e-02   4.8172143e-03
   6.3570000e+01   1.0555274e-02   4.8195580e-03
   6.3580000e+01   1.0588481e-02   4.8218472e-03
   6.3590000e+01   1.0622563e-02   4.8241103e-03
   6.3600000e+01   1.0657298e-02   4.8263797e-03
   6.3610000e+01   1.0692465e-02   4.8286892e-03
   6.3620000e+01   1.0727844e-02   4.8310718e-03
   6.3630000e+01   1.0763216e-02   4.8335565e-03
   6.3640000e+01   1.0798372e-02   4.8361661e-03
   6.3650000e+01   1.0833111e-02   4.8389158e-03
   6.3660000e+01   1.0867246e-02   4.8418127e-03
   6.3670000e+01   1.0900613e-02   4.8448568e-03
   6.3680000e+01   1.0933069e-02   4.8480432e-03
   6.3690000e+01   1.0964500e-02   4.8513650e-03
   6.3700000e+01   1.0994815e-02   4.8548164e-03
   6.3710000e+01   1.1023951e-02   4.8583958e-03
   6.3720000e+01   1.1051869e-02   4.8621079e-03
   6.3730000e+01   1.1078545e-02   4.8659648e-03
   6.3740000e+01   1.1103974e-02   4.8699861e-03
   6.3750000e+01   1.1128162e-02   4.8741980e-03
   6.3760000e+01   1.1151126e-02   4.8786305e-03
   6.3770000e+01   1.1172899e-02   4.8833153e-03
   6.3780000e+01   1.1193525e-02   4.8882829e-03
   6.3790000e+01   1.1213072e-02   4.8935594e-03
   6.3800000e+01   1.1231628e-02   4.8991641e-03
   6.3810000e+01   1.1249307e-02   4.9051082e-03
   6.3820000e+01   1.1266248e-02   4.9113930e-03
   6.3830000e+01   1.1282614e-02   4.9180096e-03
   6.3840000e+01   1.1298589e-02   4.9249388e-03
   6.3850000e+01   1.1314366e-02   4.9321519e-03
   6.3860000e+01   1.1330143e-02   4.9396114e-03
   6.3870000e+01   1.1346111e-02   4.9472730e-03
   6.3880000e+01   1.1362445e-02   4.9550870e-03
   6.3890000e+01   1.1379296e-02   4.9630008e-03
   6.3900000e+01   1.1396781e-02   4.9709610e-03
   6.3910000e+01   1.1414984e-02   4.9789157e-03
   6.3920000e+01   1.1433954e-02   4.9868158e-03
   6.3930000e+01   1.1453706e-02   4.9946164e-03
   6.3940000e+01   1.1474230e-02   5.0022768e-03
   6.3950000e+01   1.1495497e-02   5.0097601e-03
   6.3960000e+01   1.1517462e-02   5.0170325e-03
   6.3970000e+01   1.1540072e-02   5.0240621e-03
   6.3980000e+01   1.1563270e-02   5.0308183e-03
   6.3990000e+01   1.1586996e-02   5.0372718e-03
   6.4000000e+01   1.1611188e-02   5.0433947e-03
   6.4010000e+01   1.1635781e-02   5.0491619e-03
   6.4020000e+01   1.1660705e-02   5.0545514e-03
   6.4030000e+01   1.1685888e-02   5.0595465e-03
   6.4040000e+01   1.1711256e-02   5.0641362e-03
   6.4050000e+01   1.1736727e-02   5.0683163e-03
   6.4060000e+01   1.1762220e-02   5.0720898e-03
   6.4070000e+01   1.1787647e-02   5.0754669e-03
   6.4080000e+01   1.1812920e-02   5.0784643e-03
   6.4090000e+01   1.1837946e-02   5.0811048e-03
   6.4100000e+01   1.1862628e-02   5.0834157e-03
   6.4110000e+01   1.1886867e-02   5.0854278e-03
   6.4120000e+01   1.1910566e-02   5.0871736e-03
   6.4130000e+01   1.1933627e-02   5.0886861e-03
   6.4140000e+01   1.1955960e-02   5.0899970e-03
   6.4150000e+01   1.1977483e-02   5.0911357e-03
   6.4160000e+01   1.1998131e-02   5.0921277e-03
   6.4170000e+01   1.2017858e-02   5.0929942e-03
   6.4180000e+01   1.2036640e-02   5.0937510e-03
   6.4190000e+01   1.2054482e-02   5.0944084e-03
   6.4200000e+01   1.2071412e-02   5.0949713e-03
   6.4210000e+01   1.2087488e-02   5.0954397e-03
   6.4220000e+01   1.2102791e-02   5.0958095e-03
   6.4230000e+01   1.2117424e-02   5.0960741e-03
   6.4240000e+01   1.2131506e-02   5.0962262e-03
   6.4250000e+01   1.2145166e-02   5.0962591e-03
   6.4260000e+01   1.2158535e-02   5.0961690e-03
   6.4270000e+01   1.2171740e-02   5.0959555e-03
   6.4280000e+01   1.2184893e-02   5.0956229e-03
   6.4290000e+01   1.2198089e-02   5.0951800e-03
   6.4300000e+01   1.2211395e-02   5.0946397e-03
   6.4310000e+01   1.2224851e-02   5.0940190e-03
   6.4320000e+01   1.2238459e-02   5.0933385e-03
   6.4330000e+01   1.2252194e-02   5.0926224e-03
   6.4340000e+01   1.2266003e-02   5.0918988e-03
   6.4350000e+01   1.2279810e-02   5.0912007e-03
   6.4360000e+01   1.2293532e-02   5.0905669e-03
   6.4370000e+01   1.2307082e-02   5.0900424e-03
   6.4380000e+01   1.2320380e-02   5.0896792e-03
   6.4390000e+01   1.2333360e-02   5.0895352e-03
   6.4400000e+01   1.2345970e-02   5.0896730e-03
   6.4410000e+01   1.2358176e-02   5.0901580e-03
   6.4420000e+01   1.2369963e-02   5.0910546e-03
   6.4430000e+01   1.2381330e-02   5.0924238e-03
   6.4440000e+01   1.2392297e-02   5.0943186e-03
   6.4450000e+01   1.2402900e-02   5.0967816e-03
   6.4460000e+01   1.2413194e-02   5.0998420e-03
   6.4470000e+01   1.2423257e-02   5.1035131e-03
   6.4480000e+01   1.2433184e-02   5.1077914e-03
   6.4490000e+01   1.2443095e-02   5.1126558e-03
   6.4500000e+01   1.2453127e-02   5.1180682e-03
   6.4510000e+01   1.2463438e-02   5.1239750e-03
   6.4520000e+01   1.2474198e-02   5.1303087e-03
   6.4530000e+01   1.2485587e-02   5.1369911e-03
   6.4540000e+01   1.2497787e-02   5.1439364e-03
   6.4550000e+01   1.2510975e-02   5.1510547e-03
   6.4560000e+01   1.2525315e-02   5.1582555e-03
   6.4570000e+01   1.2540951e-02   5.1654511e-03
   6.4580000e+01   1.2558002e-02   5.1725590e-03
   6.4590000e+01   1.2576560e-02   5.1795047e-03
   6.4600000e+01   1.2596682e-02   5.1862229e-03
   6.4610000e+01   1.2618394e-02   5.1926584e-03
   6.4620000e+01   1.2641691e-02   5.1987672e-03
   6.4630000e+01   1.2666534e-02   5.2045157e-03
   6.4640000e+01   1.2692853e-02   5.2098810e-03
   6.4650000e+01   1.2720549e-02   5.2148504e-03
   6.4660000e+01   1.2749494e-02   5.2194209e-03
   6.4670000e+01   1.2779531e-02   5.2235983e-03
   6.4680000e+01   1.2810481e-02   5.2273971e-03
   6.4690000e+01   1.2842138e-02   5.2308389e-03
   6.4700000e+01   1.2874277e-02   5.2339518e-03
   6.4710000e+01   1.2906659e-02   5.2367691e-03
   6.4720000e+01   1.2939028e-02   5.2393279e-03
   6.4730000e+01   1.2971122e-02   5.2416679e-03
   6.4740000e+01   1.3002675e-02   5.2438291e-03
   6.4750000e+01   1.3033425e-02   5.2458510e-03
   6.4760000e+01   1.3063121e-02   5.2477707e-03
   6.4770000e+01   1.3091526e-02   5.2496213e-03
   6.4780000e+01   1.3118430e-02   5.2514308e-03
   6.4790000e+01   1.3143653e-02   5.2532213e-03
   6.4800000e+01   1.3167051e-02   5.2550088e-03
   6.4810000e+01   1.3188522e-02   5.2568030e-03
   6.4820000e+01   1.3208008e-02   5.2586084e-03
   6.4830000e+01   1.3225498e-02   5.2604256e-03
   6.4840000e+01   1.3241028e-02   5.2622521e-03
   6.4850000e+01   1.3254673e-02   5.2640846e-03
   6.4860000e+01   1.3266551e-02   5.2659198e-03
   6.4870000e+01   1.3276809e-02   5.2677560e-03
   6.4880000e+01   1.3285621e-02   5.2695937e-03
   6.4890000e+01   1.3293177e-02   5.2714357e-03
   6.4900000e+01   1.3299681e-02   5.2732869e-03
   6.4910000e+01   1.3305338e-02   5.2751532e-03
   6.4920000e+01   1.3310352e-02   5.2770403e-03
   6.4930000e+01   1.3314925e-02   5.2789523e-03
   6.4940000e+01   1.3319249e-02   5.2808898e-03
   6.4950000e+01   1.3323508e-02   5.2828495e-03
   6.4960000e+01   1.3327876e-02   5.2848229e-03
   6.4970000e+01   1.3332519e-02   5.2867969e-03
   6.4980000e+01   1.3337589e-02   5.2887543e-03
   6.4990000e+01   1.3343225e-02   5.2906759e-03
   6.5000000e+01   1.3349548e-02   5.2925416e-03
   6.5010000e+01   1.3356661e-02   5.2943330e-03
   6.5020000e+01   1.3364645e-02   5.2960347e-03
   6.5030000e+01   1.3373556e-02   5.2976353e-03
   6.5040000e+01   1.3383428e-02   5.2991274e-03
   6.5050000e+01   1.3394273e-02   5.3005071e-03
   6.5060000e+01   1.3406080e-02   5.3017722e-03
   6.5070000e+01   1.3418825e-02   5.3029201e-03
   6.5080000e+01   1.3432468e-02   5.3039464e-03
   6.5090000e+01   1.3446962e-02   5.3048427e-03
   6.5100000e+01   1.3462248e-02   5.3055958e-03
   6.5110000e+01   1.3478262e-02   5.3061876e-03
   6.5120000e+01   1.3494931e-02   5.3065959e-03
   6.5130000e+01   1.3512172e-02   5.3067960e-03
   6.5140000e+01   1.3529892e-02   5.3067629e-03
   6.5150000e+01   1.3547984e-02   5.3064739e-03
   6.5160000e+01   1.3566326e-02   5.3059108e-03
   6.5170000e+01   1.3584786e-02   5.3050618e-03
   6.5180000e+01   1.3603220e-02   5.3039239e-03
   6.5190000e+01   1.3621483e-02   5.3025025e-03
   6.5200000e+01   1.3639426e-02   5.3008127e-03
   6.5210000e+01   1.3656911e-02   5.2988785e-03
   6.5220000e+01   1.3673816e-02   5.2967319e-03
   6.5230000e+01   1.3690039e-02   5.2944118e-03
   6.5240000e+01   1.3705503e-02   5.2919622e-03
   6.5250000e+01   1.3720164e-02   5.2894307e-03
   6.5260000e+01   1.3734004e-02   5.2868663e-03
   6.5270000e+01   1.3747036e-02   5.2843171e-03
   6.5280000e+01   1.3759293e-02   5.2818292e-03
   6.5290000e+01   1.3770828e-02   5.2794444e-03
   6.5300000e+01   1.3781705e-02   5.2771998e-03
   6.5310000e+01   1.3791997e-02   5.2751270e-03
   6.5320000e+01   1.3801779e-02   5.2732528e-03
   6.5330000e+01   1.3811129e-02   5.2715994e-03
   6.5340000e+01   1.3820122e-02   5.2701853e-03
   6.5350000e+01   1.3828833e-02   5.2690262e-03
   6.5360000e+01   1.3837336e-02   5.2681353e-03
   6.5370000e+01   1.3845703e-02   5.2675237e-03
   6.5380000e+01   1.3854006e-02   5.2671999e-03
   6.5390000e+01   1.3862315e-02   5.2671696e-03
   6.5400000e+01   1.3870697e-02   5.2674346e-03
   6.5410000e+01   1.3879219e-02   5.2679925e-03
   6.5420000e+01   1.3887948e-02   5.2688361e-03
   6.5430000e+01   1.3896948e-02   5.2699526e-03
   6.5440000e+01   1.3906281e-02   5.2713244e-03
   6.5450000e+01   1.3916010e-02   5.2729287e-03
   6.5460000e+01   1.3926195e-02   5.2747392e-03
   6.5470000e+01   1.3936890e-02   5.2767265e-03
   6.5480000e+01   1.3948144e-02   5.2788601e-03
   6.5490000e+01   1.3959997e-02   5.2811095e-03
   6.5500000e+01   1.3972476e-02   5.2834457e-03
   6.5510000e+01   1.3985595e-02   5.2858428e-03
   6.5520000e+01   1.3999349e-02   5.2882789e-03
   6.5530000e+01   1.4013717e-02   5.2907368e-03
   6.5540000e+01   1.4028660e-02   5.2932047e-03
   6.5550000e+01   1.4044119e-02   5.2956764e-03
   6.5560000e+01   1.4060023e-02   5.2981513e-03
   6.5570000e+01   1.4076284e-02   5.3006334e-03
   6.5580000e+01   1.4092807e-02   5.3031315e-03
   6.5590000e+01   1.4109491e-02   5.3056572e-03
   6.5600000e+01   1.4126236e-02   5.3082237e-03
   6.5610000e+01   1.4142947e-02   5.3108442e-03
   6.5620000e+01   1.4159543e-02   5.3135296e-03
   6.5630000e+01   1.4175956e-02   5.3162868e-03
   6.5640000e+01   1.4192141e-02   5.3191174e-03
   6.5650000e+01   1.4208077e-02   5.3220162e-03
   6.5660000e+01   1.4223766e-02   5.3249710e-03
   6.5670000e+01   1.4239237e-02   5.3279625e-03
   6.5680000e+01   1.4254537e-02   5.3309652e-03
   6.5690000e+01   1.4269728e-02   5.3339477e-03
   6.5700000e+01   1.4284877e-02   5.3368741e-03
   6.5710000e+01   1.4300052e-02   5.3397045e-03
   6.5720000e+01   1.4315313e-02   5.3423962e-03
   6.5730000e+01   1.4330704e-02   5.3449039e-03
   6.5740000e+01   1.4346255e-02   5.3471808e-03
   6.5750000e+01   1.4361975e-02   5.3491787e-03
   6.5760000e+01   1.4377858e-02   5.3508499e-03
   6.5770000e+01   1.4393877e-02   5.3521478e-03
   6.5780000e+01   1.4409989e-02   5.3530289e-03
   6.5790000e+01   1.4426138e-02   5.3534545e-03
   6.5800000e+01   1.4442250e-02   5.3533929e-03
   6.5810000e+01   1.4458237e-02   5.3528217e-03
   6.5820000e+01   1.4474001e-02   5.3517287e-03
   6.5830000e+01   1.4489427e-02   5.3501144e-03
   6.5840000e+01   1.4504395e-02   5.3479917e-03
   6.5850000e+01   1.4518773e-02   5.3453869e-03
   6.5860000e+01   1.4532428e-02   5.3423391e-03
   6.5870000e+01   1.4545226e-02   5.3388985e-03
   6.5880000e+01   1.4557037e-02   5.3351253e-03
   6.5890000e+01   1.4567743e-02   5.3310868e-03
   6.5900000e+01   1.4577241e-02   5.3268548e-03
   6.5910000e+01   1.4585449e-02   5.3225029e-03
   6.5920000e+01   1.4592312e-02   5.3181032e-03
   6.5930000e+01   1.4597798e-02   5.3137239e-03
   6.5940000e+01   1.4601909e-02   5.3094271e-03
   6.5950000e+01   1.4604673e-02   5.3052669e-03
   6.5960000e+01   1.4606146e-02   5.3012887e-03
   6.5970000e+01   1.4606414e-02   5.2975287e-03
   6.5980000e+01   1.4605583e-02   5.2940140e-03
   6.5990000e+01   1.4603786e-02   5.2907633e-03
   6.6000000e+01   1.4601171e-02   5.2877880e-03
   6.6010000e+01   1.4597908e-02   5.2850929e-03
   6.6020000e+01   1.4594177e-02   5.2826776e-03
   6.6030000e+01   1.4590170e-02   5.2805367e-03
   6.6040000e+01   1.4586089e-02   5.2786615e-03
   6.6050000e+01   1.4582136e-02   5.2770399e-03
   6.6060000e+01   1.4578518e-02   5.2756574e-03
   6.6070000e+01   1.4575436e-02   5.2744975e-03
   6.6080000e+01   1.4573084e-02   5.2735418e-03
   6.6090000e+01   1.4571647e-02   5.2727711e-03
   6.6100000e+01   1.4571291e-02   5.2721651e-03
   6.6110000e+01   1.4572165e-02   5.2717036e-03
   6.6120000e+01   1.4574390e-02   5.2713666e-03
   6.6130000e+01   1.4578062e-02   5.2711347e-03
   6.6140000e+01   1.4583242e-02   5.2709902e-03
   6.6150000e+01   1.4589958e-02   5.2709168e-03
   6.6160000e+01   1.4598202e-02   5.2709006e-03
   6.6170000e+01   1.4607929e-02   5.2709297e-03
   6.6180000e+01   1.4619059e-02   5.2709943e-03
   6.6190000e+01   1.4631482e-02   5.2710864e-03
   6.6200000e+01   1.4645060e-02   5.2711993e-03
   6.6210000e+01   1.4659632e-02   5.2713269e-03
   6.6220000e+01   1.4675023e-02   5.2714635e-03
   6.6230000e+01   1.4691048e-02   5.2716027e-03
   6.6240000e+01   1.4707519e-02   5.2717372e-03
   6.6250000e+01   1.4724254e-02   5.2718586e-03
   6.6260000e+01   1.4741076e-02   5.2719573e-03
   6.6270000e+01   1.4757819e-02   5.2720224e-03
   6.6280000e+01   1.4774332e-02   5.2720427e-03
   6.6290000e+01   1.4790477e-02   5.2720072e-03
   6.6300000e+01   1.4806130e-02   5.2719060e-03
   6.6310000e+01   1.4821181e-02   5.2717317e-03
   6.6320000e+01   1.4835534e-02   5.2714800e-03
   6.6330000e+01   1.4849108e-02   5.2711509e-03
   6.6340000e+01   1.4861839e-02   5.2707488e-03
   6.6350000e+01   1.4873677e-02   5.2702824e-03
   6.6360000e+01   1.4884595e-02   5.2697640e-03
   6.6370000e+01   1.4894580e-02   5.2692085e-03
   6.6380000e+01   1.4903640e-02   5.2686320e-03
   6.6390000e+01   1.4911801e-02   5.2680504e-03
   6.6400000e+01   1.4919102e-02   5.2674782e-03
   6.6410000e+01   1.4925597e-02   5.2669279e-03
   6.6420000e+01   1.4931349e-02   5.2664101e-03
   6.6430000e+01   1.4936426e-02   5.2659333e-03
   6.6440000e+01   1.4940903e-02   5.2655059e-03
   6.6450000e+01   1.4944854e-02   5.2651362e-03
   6.6460000e+01   1.4948360e-02   5.2648343e-03
   6.6470000e+01   1.4951501e-02   5.2646123e-03
   6.6480000e+01   1.4954364e-02   5.2644850e-03
   6.6490000e+01   1.4957037e-02   5.2644691e-03
   6.6500000e+01   1.4959615e-02   5.2645823e-03
   6.6510000e+01   1.4962197e-02   5.2648420e-03
   6.6520000e+01   1.4964885e-02   5.2652633e-03
   6.6530000e+01   1.4967780e-02   5.2658569e-03
   6.6540000e+01   1.4970982e-02   5.2666282e-03
   6.6550000e+01   1.4974579e-02   5.2675751e-03
   6.6560000e+01   1.4978648e-02   5.2686883e-03
   6.6570000e+01   1.4983249e-02   5.2699504e-03
   6.6580000e+01   1.4988420e-02   5.2713368e-03
   6.6590000e+01   1.4994177e-02   5.2728165e-03
   6.6600000e+01   1.5000510e-02   5.2743533e-03
   6.6610000e+01   1.5007391e-02   5.2759075e-03
   6.6620000e+01   1.5014770e-02   5.2774375e-03
   6.6630000e+01   1.5022586e-02   5.2789014e-03
   6.6640000e+01   1.5030767e-02   5.2802592e-03
   6.6650000e+01   1.5039233e-02   5.2814739e-03
   6.6660000e+01   1.5047906e-02   5.2825131e-03
   6.6670000e+01   1.5056707e-02   5.2833495e-03
   6.6680000e+01   1.5065560e-02   5.2839617e-03
   6.6690000e+01   1.5074393e-02   5.2843336e-03
   6.6700000e+01   1.5083139e-02   5.2844542e-03
   6.6710000e+01   1.5091735e-02   5.2843171e-03
   6.6720000e+01   1.5100122e-02   5.2839193e-03
   6.6730000e+01   1.5108247e-02   5.2832609e-03
   6.6740000e+01   1.5116060e-02   5.2823443e-03
   6.6750000e+01   1.5123516e-02   5.2811743e-03
   6.6760000e+01   1.5130574e-02   5.2797577e-03
   6.6770000e+01   1.5137197e-02   5.2781037e-03
   6.6780000e+01   1.5143348e-02   5.2762239e-03
   6.6790000e+01   1.5148997e-02   5.2741329e-03
   6.6800000e+01   1.5154115e-02   5.2718479e-03
   6.6810000e+01   1.5158678e-02   5.2693891e-03
   6.6820000e+01   1.5162668e-02   5.2667788e-03
   6.6830000e+01   1.5166074e-02   5.2640411e-03
   6.6840000e+01   1.5168892e-02   5.2612006e-03
   6.6850000e+01   1.5171131e-02   5.2582815e-03
   6.6860000e+01   1.5172809e-02   5.2553061e-03
   6.6870000e+01   1.5173955e-02   5.2522939e-03
   6.6880000e+01   1.5174612e-02   5.2492604e-03
   6.6890000e+01   1.5174829e-02   5.2462166e-03
   6.6900000e+01   1.5174670e-02   5.2431689e-03
   6.6910000e+01   1.5174201e-02   5.2401184e-03
   6.6920000e+01   1.5173496e-02   5.2370618e-03
   6.6930000e+01   1.5172629e-02   5.2339921e-03
   6.6940000e+01   1.5171674e-02   5.2308986e-03
   6.6950000e+01   1.5170698e-02   5.2277691e-03
   6.6960000e+01   1.5169758e-02   5.2245901e-03
   6.6970000e+01   1.5168899e-02   5.2213492e-03
   6.6980000e+01   1.5168151e-02   5.2180358e-03
   6.6990000e+01   1.5167526e-02   5.2146431e-03
   6.7000000e+01   1.5167016e-02   5.2111696e-03
   6.7010000e+01   1.5166599e-02   5.2076198e-03
   6.7020000e+01   1.5166238e-02   5.2040053e-03
   6.7030000e+01   1.5165885e-02   5.2003449e-03
   6.7040000e+01   1.5165492e-02   5.1966641e-03
   6.7050000e+01   1.5165009e-02   5.1929940e-03
   6.7060000e+01   1.5164400e-02   5.1893708e-03
   6.7070000e+01   1.5163636e-02   5.1858336e-03
   6.7080000e+01   1.5162708e-02   5.1824231e-03
   6.7090000e+01   1.5161621e-02   5.1791804e-03
   6.7100000e+01   1.5160398e-02   5.1761453e-03
   6.7110000e+01   1.5159077e-02   5.1733554e-03
   6.7120000e+01   1.5157710e-02   5.1708447e-03
   6.7130000e+01   1.5156362e-02   5.1686433e-03
   6.7140000e+01   1.5155106e-02   5.1667760e-03
   6.7150000e+01   1.5154026e-02   5.1652617e-03
   6.7160000e+01   1.5153212e-02   5.1641128e-03
   6.7170000e+01   1.5152759e-02   5.1633344e-03
   6.7180000e+01   1.5152762e-02   5.1629239e-03
   6.7190000e+01   1.5153320e-02   5.1628706e-03
   6.7200000e+01   1.5154527e-02   5.1631555e-03
   6.7210000e+01   1.5156470e-02   5.1637516e-03
   6.7220000e+01   1.5159230e-02   5.1646245e-03
   6.7230000e+01   1.5162871e-02   5.1657329e-03
   6.7240000e+01   1.5167444e-02   5.1670299e-03
   6.7250000e+01   1.5172979e-02   5.1684647e-03
   6.7260000e+01   1.5179483e-02   5.1699839e-03
   6.7270000e+01   1.5186941e-02   5.1715340e-03
   6.7280000e+01   1.5195314e-02   5.1730628e-03
   6.7290000e+01   1.5204539e-02   5.1745216e-03
   6.7300000e+01   1.5214532e-02   5.1758665e-03
   6.7310000e+01   1.5225189e-02   5.1770599e-03
   6.7320000e+01   1.5236388e-02   5.1780709e-03
   6.7330000e+01   1.5247994e-02   5.1788757e-03
   6.7340000e+01   1.5259861e-02   5.1794574e-03
   6.7350000e+01   1.5271833e-02   5.1798048e-03
   6.7360000e+01   1.5283751e-02   5.1799121e-03
   6.7370000e+01   1.5295452e-02   5.1797770e-03
   6.7380000e+01   1.5306776e-02   5.1794006e-03
   6.7390000e+01   1.5317568e-02   5.1787854e-03
   6.7400000e+01   1.5327677e-02   5.1779354e-03
   6.7410000e+01   1.5336965e-02   5.1768550e-03
   6.7420000e+01   1.5345305e-02   5.1755493e-03
   6.7430000e+01   1.5352585e-02   5.1740238e-03
   6.7440000e+01   1.5358710e-02   5.1722845e-03
   6.7450000e+01   1.5363606e-02   5.1703384e-03
   6.7460000e+01   1.5367220e-02   5.1681934e-03
   6.7470000e+01   1.5369525e-02   5.1658586e-03
   6.7480000e+01   1.5370516e-02   5.1633444e-03
   6.7490000e+01   1.5370218e-02   5.1606623e-03
   6.7500000e+01   1.5368680e-02   5.1578247e-03
   6.7510000e+01   1.5365977e-02   5.1548449e-03
   6.7520000e+01   1.5362211e-02   5.1517364e-03
   6.7530000e+01   1.5357500e-02   5.1485128e-03
   6.7540000e+01   1.5351982e-02   5.1451874e-03
   6.7550000e+01   1.5345809e-02   5.1417736e-03
   6.7560000e+01   1.5339138e-02   5.1382842e-03
   6.7570000e+01   1.5332128e-02   5.1347320e-03
   6.7580000e+01   1.5324936e-02   5.1311296e-03
   6.7590000e+01   1.5317710e-02   5.1274894e-03
   6.7600000e+01   1.5310588e-02   5.1238238e-03
   6.7610000e+01   1.5303691e-02   5.1201455e-03
   6.7620000e+01   1.5297128e-02   5.1164670e-03
   6.7630000e+01   1.5290991e-02   5.1128009e-03
   6.7640000e+01   1.5285355e-02   5.1091595e-03
   6.7650000e+01   1.5280281e-02   5.1055550e-03
   6.7660000e+01   1.5275818e-02   5.1019984e-03
   6.7670000e+01   1.5271999e-02   5.0985000e-03
   6.7680000e+01   1.5268845e-02   5.0950676e-03
   6.7690000e+01   1.5266362e-02   5.0917069e-03
   6.7700000e+01   1.5264544e-02   5.0884204e-03
   6.7710000e+01   1.5263371e-02   5.0852066e-03
   6.7720000e+01   1.5262811e-02   5.0820608e-03
   6.7730000e+01   1.5262817e-02   5.0789744e-03
   6.7740000e+01   1.5263336e-02   5.0759356e-03
   6.7750000e+01   1.5264303e-02   5.0729307e-03
   6.7760000e+01   1.5265652e-02   5.0699445e-03
   6.7770000e+01   1.5267309e-02   5.0669615e-03
   6.7780000e+01   1.5269202e-02   5.0639666e-03
   6.7790000e+01   1.5271260e-02   5.0609460e-03
   6.7800000e+01   1.5273411e-02   5.0578869e-03
   6.7810000e+01   1.5275587e-02   5.0547776e-03
   6.7820000e+01   1.5277719e-02   5.0516071e-03
   6.7830000e+01   1.5279741e-02   5.0483647e-03
   6.7840000e+01   1.5281587e-02   5.0450393e-03
   6.7850000e+01   1.5283192e-02   5.0416195e-03
   6.7860000e+01   1.5284490e-02   5.0380936e-03
   6.7870000e+01   1.5285419e-02   5.0344502e-03
   6.7880000e+01   1.5285924e-02   5.0306790e-03
   6.7890000e+01   1.5285953e-02   5.0267720e-03
   6.7900000e+01   1.5285467e-02   5.0227248e-03
   6.7910000e+01   1.5284441e-02   5.0185377e-03
   6.7920000e+01   1.5282864e-02   5.0142161e-03
   6.7930000e+01   1.5280743e-02   5.0097717e-03
   6.7940000e+01   1.5278100e-02   5.0052219e-03
   6.7950000e+01   1.5274976e-02   5.0005896e-03
   6.7960000e+01   1.5271423e-02   4.9959024e-03
   6.7970000e+01   1.5267504e-02   4.9911914e-03
   6.7980000e+01   1.5263288e-02   4.9864896e-03
   6.7990000e+01   1.5258848e-02   4.9818309e-03
   6.8000000e+01   1.5254258e-02   4.9772478e-03
   6.8010000e+01   1.5249587e-02   4.9727709e-03
   6.8020000e+01   1.5244902e-02   4.9684267e-03
   6.8030000e+01   1.5240264e-02   4.9642373e-03
   6.8040000e+01   1.5235728e-02   4.9602193e-03
   6.8050000e+01   1.5231341e-02   4.9563839e-03
   6.8060000e+01   1.5227146e-02   4.9527370e-03
   6.8070000e+01   1.5223180e-02   4.9492793e-03
   6.8080000e+01   1.5219473e-02   4.9460075e-03
   6.8090000e+01   1.5216050e-02   4.9429148e-03
   6.8100000e+01   1.5212932e-02   4.9399915e-03
   6.8110000e+01   1.5210134e-02   4.9372264e-03
   6.8120000e+01   1.5207670e-02   4.9346066e-03
   6.8130000e+01   1.5205549e-02   4.9321184e-03
   6.8140000e+01   1.5203779e-02   4.9297476e-03
   6.8150000e+01   1.5202362e-02   4.9274791e-03
   6.8160000e+01   1.5201297e-02   4.9252975e-03
   6.8170000e+01   1.5200579e-02   4.9231868e-03
   6.8180000e+01   1.5200195e-02   4.9211306e-03
   6.8190000e+01   1.5200129e-02   4.9191124e-03
   6.8200000e+01   1.5200357e-02   4.9171159e-03
   6.8210000e+01   1.5200847e-02   4.9151256e-03
   6.8220000e+01   1.5201563e-02   4.9131278e-03
   6.8230000e+01   1.5202462e-02   4.9111109e-03
   6.8240000e+01   1.5203496e-02   4.9090663e-03
   6.8250000e+01   1.5204615e-02   4.9069889e-03
   6.8260000e+01   1.5205767e-02   4.9048770e-03
   6.8270000e+01   1.5206898e-02   4.9027327e-03
   6.8280000e+01   1.5207958e-02   4.9005613e-03
   6.8290000e+01   1.5208901e-02   4.8983708e-03
   6.8300000e+01   1.5209690e-02   4.8961708e-03
   6.8310000e+01   1.5210295e-02   4.8939720e-03
   6.8320000e+01   1.5210697e-02   4.8917848e-03
   6.8330000e+01   1.5210891e-02   4.8896185e-03
   6.8340000e+01   1.5210881e-02   4.8874798e-03
   6.8350000e+01   1.5210687e-02   4.8853723e-03
   6.8360000e+01   1.5210333e-02   4.8832951e-03
   6.8370000e+01   1.5209852e-02   4.8812424e-03
   6.8380000e+01   1.5209277e-02   4.8792030e-03
   6.8390000e+01   1.5208638e-02   4.8771600e-03
   6.8400000e+01   1.5207958e-02   4.8750914e-03
   6.8410000e+01   1.5207248e-02   4.8729707e-03
   6.8420000e+01   1.5206508e-02   4.8707678e-03
   6.8430000e+01   1.5205723e-02   4.8684504e-03
   6.8440000e+01   1.5204865e-02   4.8659858e-03
   6.8450000e+01   1.5203895e-02   4.8633418e-03
   6.8460000e+01   1.5202760e-02   4.8604886e-03
   6.8470000e+01   1.5201404e-02   4.8573995e-03
   6.8480000e+01   1.5199759e-02   4.8540525e-03
   6.8490000e+01   1.5197757e-02   4.8504306e-03
   6.8500000e+01   1.5195328e-02   4.8465221e-03
   6.8510000e+01   1.5192400e-02   4.8423215e-03
   6.8520000e+01   1.5188905e-02   4.8378288e-03
   6.8530000e+01   1.5184780e-02   4.8330499e-03
   6.8540000e+01   1.5179967e-02   4.8279958e-03
   6.8550000e+01   1.5174419e-02   4.8226829e-03
   6.8560000e+01   1.5168098e-02   4.8171318e-03
   6.8570000e+01   1.5160979e-02   4.8113673e-03
   6.8580000e+01   1.5153054e-02   4.8054175e-03
   6.8590000e+01   1.5144328e-02   4.7993136e-03
   6.8600000e+01   1.5134828e-02   4.7930884e-03
   6.8610000e+01   1.5124595e-02   4.7867765e-03
   6.8620000e+01   1.5113689e-02   4.7804130e-03
   6.8630000e+01   1.5102187e-02   4.7740326e-03
   6.8640000e+01   1.5090182e-02   4.7676688e-03
   6.8650000e+01   1.5077777e-02   4.7613531e-03
   6.8660000e+01   1.5065086e-02   4.7551139e-03
   6.8670000e+01   1.5052231e-02   4.7489761e-03
   6.8680000e+01   1.5039337e-02   4.7429605e-03
   6.8690000e+01   1.5026533e-02   4.7370837e-03
   6.8700000e+01   1.5013944e-02   4.7313578e-03
   6.8710000e+01   1.5001692e-02   4.7257915e-03
   6.8720000e+01   1.4989893e-02   4.7203898e-03
   6.8730000e+01   1.4978653e-02   4.7151555e-03
   6.8740000e+01   1.4968069e-02   4.7100896e-03
   6.8750000e+01   1.4958223e-02   4.7051920e-03
   6.8760000e+01   1.4949186e-02   4.7004623e-03
   6.8770000e+01   1.4941012e-02   4.6959003e-03
   6.8780000e+01   1.4933738e-02   4.6915059e-03
   6.8790000e+01   1.4927387e-02   4.6872790e-03
   6.8800000e+01   1.4921961e-02   4.6832196e-03
   6.8810000e+01   1.4917445e-02   4.6793267e-03
   6.8820000e+01   1.4913807e-02   4.6755985e-03
   6.8830000e+01   1.4910994e-02   4.6720317e-03
   6.8840000e+01   1.4908939e-02   4.6686207e-03
   6.8850000e+01   1.4907555e-02   4.6653583e-03
   6.8860000e+01   1.4906744e-02   4.6622348e-03
   6.8870000e+01   1.4906393e-02   4.6592389e-03
   6.8880000e+01   1.4906381e-02   4.6563575e-03
   6.8890000e+01   1.4906584e-02   4.6535765e-03
   6.8900000e+01   1.4906873e-02   4.6508810e-03
   6.8910000e+01   1.4907123e-02   4.6482557e-03
   6.8920000e+01   1.4907218e-02   4.6456852e-03
   6.8930000e+01   1.4907047e-02   4.6431544e-03
   6.8940000e+01   1.4906517e-02   4.6406480e-03
   6.8950000e+01   1.4905546e-02   4.6381516e-03
   6.8960000e+01   1.4904068e-02   4.6356507e-03
   6.8970000e+01   1.4902032e-02   4.6331314e-03
   6.8980000e+01   1.4899401e-02   4.6305803e-03
   6.8990000e+01   1.4896152e-02   4.6279846e-03
   6.9000000e+01   1.4892274e-02   4.6253321e-03
   6.9010000e+01   1.4887766e-02   4.6226113e-03
   6.9020000e+01   1.4882639e-02   4.6198116e-03
   6.9030000e+01   1.4876910e-02   4.6169237e-03
   6.9040000e+01   1.4870608e-02   4.6139394e-03
   6.9050000e+01   1.4863770e-02   4.6108523e-03
   6.9060000e+01   1.4856440e-02   4.6076580e-03
   6.9070000e+01   1.4848668e-02   4.6043546e-03
   6.9080000e+01   1.4840510e-02   4.6009432e-03
   6.9090000e+01   1.4832028e-02   4.5974277e-03
   6.9100000e+01   1.4823283e-02   4.5938153e-03
   6.9110000e+01   1.4814338e-02   4.5901160e-03
   6.9120000e+01   1.4805255e-02   4.5863423e-03
   6.9130000e+01   1.4796092e-02   4.5825084e-03
   6.9140000e+01   1.4786903e-02   4.5786298e-03
   6.9150000e+01   1.4777741e-02   4.5747222e-03
   6.9160000e+01   1.4768652e-02   4.5708010e-03
   6.9170000e+01   1.4759681e-02   4.5668807e-03
   6.9180000e+01   1.4750867e-02   4.5629746e-03
   6.9190000e+01   1.4742247e-02   4.5590949e-03
   6.9200000e+01   1.4733858e-02   4.5552522e-03
   6.9210000e+01   1.4725728e-02   4.5514561e-03
   6.9220000e+01   1.4717886e-02   4.5477151e-03
   6.9230000e+01   1.4710350e-02   4.5440366e-03
   6.9240000e+01   1.4703135e-02   4.5404266e-03
   6.9250000e+01   1.4696243e-02   4.5368891e-03
   6.9260000e+01   1.4689668e-02   4.5334262e-03
   6.9270000e+01   1.4683390e-02   4.5300369e-03
   6.9280000e+01   1.4677381e-02   4.5267169e-03
   6.9290000e+01   1.4671599e-02   4.5234581e-03
   6.9300000e+01   1.4665995e-02   4.5202483e-03
   6.9310000e+01   1.4660514e-02   4.5170714e-03
   6.9320000e+01   1.4655097e-02   4.5139079e-03
   6.9330000e+01   1.4649682e-02   4.5107358e-03
   6.9340000e+01   1.4644210e-02   4.5075309e-03
   6.9350000e+01   1.4638625e-02   4.5042685e-03
   6.9360000e+01   1.4632875e-02   4.5009246e-03
   6.9370000e+01   1.4626915e-02   4.4974766e-03
   6.9380000e+01   1.4620705e-02   4.4939049e-03
   6.9390000e+01   1.4614212e-02   4.4901935e-03
   6.9400000e+01   1.4607410e-02   4.4863308e-03
   6.9410000e+01   1.4600279e-02   4.4823101e-03
   6.9420000e+01   1.4592805e-02   4.4781291e-03
   6.9430000e+01   1.4584978e-02   4.4737903e-03
   6.9440000e+01   1.4576794e-02   4.4693002e-03
   6.9450000e+01   1.4568252e-02   4.4646685e-03
   6.9460000e+01   1.4559354e-02   4.4599073e-03
   6.9470000e+01   1.4550104e-02   4.4550307e-03
   6.9480000e+01   1.4540510e-02   4.4500531e-03
   6.9490000e+01   1.4530579e-02   4.4449894e-03
   6.9500000e+01   1.4520325e-02   4.4398540e-03
   6.9510000e+01   1.4509760e-02   4.4346605e-03
   6.9520000e+01   1.4498903e-02   4.4294215e-03
   6.9530000e+01   1.4487774e-02   4.4241485e-03
   6.9540000e+01   1.4476396e-02   4.4188518e-03
   6.9550000e+01   1.4464797e-02   4.4135410e-03
   6.9560000e+01   1.4453007e-02   4.4082242e-03
   6.9570000e+01   1.4441059e-02   4.4029086e-03
   6.9580000e+01   1.4428988e-02   4.3976002e-03
   6.9590000e+01   1.4416829e-02   4.3923034e-03
   6.9600000e+01   1.4404618e-02   4.3870209e-03
   6.9610000e+01   1.4392391e-02   4.3817535e-03
   6.9620000e+01   1.4380181e-02   4.3764999e-03
   6.9630000e+01   1.4368017e-02   4.3712569e-03
   6.9640000e+01   1.4355924e-02   4.3660197e-03
   6.9650000e+01   1.4343921e-02   4.3607820e-03
   6.9660000e+01   1.4332020e-02   4.3555369e-03
   6.9670000e+01   1.4320223e-02   4.3502772e-03
   6.9680000e+01   1.4308527e-02   4.3449966e-03
   6.9690000e+01   1.4296922e-02   4.3396901e-03
   6.9700000e+01   1.4285390e-02   4.3343549e-03
   6.9710000e+01   1.4273912e-02   4.3289907e-03
   6.9720000e+01   1.4262469e-02   4.3236007e-03
   6.9730000e+01   1.4251044e-02   4.3181913e-03
   6.9740000e+01   1.4239626e-02   4.3127728e-03
   6.9750000e+01   1.4228212e-02   4.3073591e-03
   6.9760000e+01   1.4216809e-02   4.3019674e-03
   6.9770000e+01   1.4205434e-02   4.2966176e-03
   6.9780000e+01   1.4194113e-02   4.2913315e-03
   6.9790000e+01   1.4182882e-02   4.2861320e-03
   6.9800000e+01   1.4171784e-02   4.2810418e-03
   6.9810000e+01   1.4160865e-02   4.2760826e-03
   6.9820000e+01   1.4150175e-02   4.2712736e-03
   6.9830000e+01   1.4139765e-02   4.2666311e-03
   6.9840000e+01   1.4129685e-02   4.2621674e-03
   6.9850000e+01   1.4119981e-02   4.2578904e-03
   6.9860000e+01   1.4110696e-02   4.2538035e-03
   6.9870000e+01   1.4101863e-02   4.2499055e-03
   6.9880000e+01   1.4093510e-02   4.2461908e-03
   6.9890000e+01   1.4085655e-02   4.2426496e-03
   6.9900000e+01   1.4078305e-02   4.2392688e-03
   6.9910000e+01   1.4071457e-02   4.2360322e-03
   6.9920000e+01   1.4065095e-02   4.2329215e-03
   6.9930000e+01   1.4059191e-02   4.2299165e-03
   6.9940000e+01   1.4053703e-02   4.2269963e-03
   6.9950000e+01   1.4048580e-02   4.2241392e-03
   6.9960000e+01   1.4043755e-02   4.2213236e-03
   6.9970000e+01   1.4039155e-02   4.2185279e-03
   6.9980000e+01   1.4034694e-02   4.2157315e-03
   6.9990000e+01   1.4030284e-02   4.2129141e-03
   7.0000000e+01   1.4025830e-02   4.2100567e-03
   7.0010000e+01   1.4021236e-02   4.2071412e-03
   7.0020000e+01   1.4016404e-02   4.2041511e-03
   7.0030000e+01   1.4011243e-02   4.2010714e-03
   7.0040000e+01   1.4005664e-02   4.1978886e-03
   7.0050000e+01   1.3999586e-02   4.1945913e-03
   7.0060000e+01   1.3992935e-02   4.1911701e-03
   7.0070000e+01   1.3985649e-02   4.1876172e-03
   7.0080000e+01   1.3977677e-02   4.1839268e-03
   7.0090000e+01   1.3968979e-02   4.1800944e-03
   7.0100000e+01   1.3959529e-02   4.1761169e-03
   7.0110000e+01   1.3949314e-02   4.1719921e-03
   7.0120000e+01   1.3938333e-02   4.1677180e-03
   7.0130000e+01   1.3926599e-02   4.1632933e-03
   7.0140000e+01   1.3914137e-02   4.1587165e-03
   7.0150000e+01   1.3900985e-02   4.1539864e-03
   7.0160000e+01   1.3887192e-02   4.1491019e-03
   7.0170000e+01   1.3872820e-02   4.1440625e-03
   7.0180000e+01   1.3857937e-02   4.1388684e-03
   7.0190000e+01   1.3842625e-02   4.1335215e-03
   7.0200000e+01   1.3826968e-02   4.1280248e-03
   7.0210000e+01   1.3811059e-02   4.1223838e-03
   7.0220000e+01   1.3794993e-02   4.1166058e-03
   7.0230000e+01   1.3778864e-02   4.1107004e-03
   7.0240000e+01   1.3762766e-02   4.1046790e-03
   7.0250000e+01   1.3746785e-02   4.0985544e-03
   7.0260000e+01   1.3731003e-02   4.0923409e-03
   7.0270000e+01   1.3715489e-02   4.0860531e-03
   7.0280000e+01   1.3700302e-02   4.0797062e-03
   7.0290000e+01   1.3685487e-02   4.0733151e-03
   7.0300000e+01   1.3671077e-02   4.0668945e-03
   7.0310000e+01   1.3657092e-02   4.0604586e-03
   7.0320000e+01   1.3643542e-02   4.0540212e-03
   7.0330000e+01   1.3630423e-02   4.0475954e-03
   7.0340000e+01   1.3617725e-02   4.0411936e-03
   7.0350000e+01   1.3605430e-02   4.0348279e-03
   7.0360000e+01   1.3593510e-02   4.0285093e-03
   7.0370000e+01   1.3581936e-02   4.0222484e-03
   7.0380000e+01   1.3570671e-02   4.0160545e-03
   7.0390000e+01   1.3559676e-02   4.0099362e-03
   7.0400000e+01   1.3548905e-02   4.0039007e-03
   7.0410000e+01   1.3538314e-02   3.9979537e-03
   7.0420000e+01   1.3527852e-02   3.9920997e-03
   7.0430000e+01   1.3517472e-02   3.9863408e-03
   7.0440000e+01   1.3507124e-02   3.9806773e-03
   7.0450000e+01   1.3496760e-02   3.9751070e-03
   7.0460000e+01   1.3486336e-02   3.9696253e-03
   7.0470000e+01   1.3475810e-02   3.9642251e-03
   7.0480000e+01   1.3465146e-02   3.9588966e-03
   7.0490000e+01   1.3454311e-02   3.9536282e-03
   7.0500000e+01   1.3443278e-02   3.9484064e-03
   7.0510000e+01   1.3432022e-02   3.9432167e-03
   7.0520000e+01   1.3420524e-02   3.9380443e-03
   7.0530000e+01   1.3408768e-02   3.9328743e-03
   7.0540000e+01   1.3396742e-02   3.9276930e-03
   7.0550000e+01   1.3384435e-02   3.9224877e-03
   7.0560000e+01   1.3371842e-02   3.9172476e-03
   7.0570000e+01   1.3358961e-02   3.9119636e-03
   7.0580000e+01   1.3345796e-02   3.9066286e-03
   7.0590000e+01   1.3332357e-02   3.9012376e-03
   7.0600000e+01   1.3318657e-02   3.8957873e-03
   7.0610000e+01   1.3304722e-02   3.8902764e-03
   7.0620000e+01   1.3290580e-02   3.8847055e-03
   7.0630000e+01   1.3276266e-02   3.8790773e-03
   7.0640000e+01   1.3261823e-02   3.8733962e-03
   7.0650000e+01   1.3247293e-02   3.8676693e-03
   7.0660000e+01   1.3232724e-02   3.8619055e-03
   7.0670000e+01   1.3218160e-02   3.8561160e-03
   7.0680000e+01   1.3203646e-02   3.8503140e-03
   7.0690000e+01   1.3189223e-02   3.8445139e-03
   7.0700000e+01   1.3174926e-02   3.8387316e-03
   7.0710000e+01   1.3160786e-02   3.8329828e-03
   7.0720000e+01   1.3146827e-02   3.8272833e-03
   7.0730000e+01   1.3133070e-02   3.8216474e-03
   7.0740000e+01   1.3119526e-02   3.8160876e-03
   7.0750000e+01   1.3106205e-02   3.8106139e-03
   7.0760000e+01   1.3093108e-02   3.8052329e-03
   7.0770000e+01   1.3080235e-02   3.7999480e-03
   7.0780000e+01   1.3067580e-02   3.7947590e-03
   7.0790000e+01   1.3055135e-02   3.7896623e-03
   7.0800000e+01   1.3042892e-02   3.7846511e-03
   7.0810000e+01   1.3030837e-02   3.7797161e-03
   7.0820000e+01   1.3018958e-02   3.7748461e-03
   7.0830000e+01   1.3007241e-02   3.7700287e-03
   7.0840000e+01   1.2995672e-02   3.7652510e-03
   7.0850000e+01   1.2984233e-02   3.7605005e-03
   7.0860000e+01   1.2972908e-02   3.7557652e-03
   7.0870000e+01   1.2961677e-02   3.7510349e-03
   7.0880000e+01   1.2950522e-02   3.7463004e-03
   7.0890000e+01   1.2939420e-02   3.7415547e-03
   7.0900000e+01   1.2928349e-02   3.7367922e-03
   7.0910000e+01   1.2917287e-02   3.7320091e-03
   7.0920000e+01   1.2906210e-02   3.7272028e-03
   7.0930000e+01   1.2895094e-02   3.7223721e-03
   7.0940000e+01   1.2883916e-02   3.7175167e-03
   7.0950000e+01   1.2872654e-02   3.7126370e-03
   7.0960000e+01   1.2861289e-02   3.7077344e-03
   7.0970000e+01   1.2849801e-02   3.7028106e-03
   7.0980000e+01   1.2838177e-02   3.6978684e-03
   7.0990000e+01   1.2826403e-02   3.6929106e-03
   7.1000000e+01   1.2814475e-02   3.6879409e-03
   7.1010000e+01   1.2802388e-02   3.6829630e-03
   7.1020000e+01   1.2790146e-02   3.6779806e-03
   7.1030000e+01   1.2777754e-02   3.6729971e-03
   7.1040000e+01   1.2765221e-02   3.6680151e-03
   7.1050000e+01   1.2752559e-02   3.6630360e-03
   7.1060000e+01   1.2739777e-02   3.6580599e-03
   7.1070000e+01   1.2726884e-02   3.6530851e-03
   7.1080000e+01   1.2713885e-02   3.6481078e-03
   7.1090000e+01   1.2700777e-02   3.6431221e-03
   7.1100000e+01   1.2687553e-02   3.6381202e-03
   7.1110000e+01   1.2674198e-02   3.6330920e-03
   7.1120000e+01   1.2660692e-02   3.6280259e-03
   7.1130000e+01   1.2647009e-02   3.6229090e-03
   7.1140000e+01   1.2633117e-02   3.6177275e-03
   7.1150000e+01   1.2618984e-02   3.6124675e-03
   7.1160000e+01   1.2604578e-02   3.6071155e-03
   7.1170000e+01   1.2589865e-02   3.6016593e-03
   7.1180000e+01   1.2574815e-02   3.5960883e-03
   7.1190000e+01   1.2559405e-02   3.5903946e-03
   7.1200000e+01   1.2543613e-02   3.5845728e-03
   7.1210000e+01   1.2527426e-02   3.5786206e-03
   7.1220000e+01   1.2510839e-02   3.5725391e-03
   7.1230000e+01   1.2493852e-02   3.5663320e-03
   7.1240000e+01   1.2476476e-02   3.5600061e-03
   7.1250000e+01   1.2458731e-02   3.5535706e-03
   7.1260000e+01   1.2440644e-02   3.5470367e-03
   7.1270000e+01   1.2422250e-02   3.5404171e-03
   7.1280000e+01   1.2403595e-02   3.5337254e-03
   7.1290000e+01   1.2384729e-02   3.5269760e-03
   7.1300000e+01   1.2365711e-02   3.5201829e-03
   7.1310000e+01   1.2346603e-02   3.5133601e-03
   7.1320000e+01   1.2327473e-02   3.5065208e-03
   7.1330000e+01   1.2308389e-02   3.4996776e-03
   7.1340000e+01   1.2289421e-02   3.4928420e-03
   7.1350000e+01   1.2270637e-02   3.4860248e-03
   7.1360000e+01   1.2252101e-02   3.4792361e-03
   7.1370000e+01   1.2233875e-02   3.4724853e-03
   7.1380000e+01   1.2216011e-02   3.4657811e-03
   7.1390000e+01   1.2198557e-02   3.4591320e-03
   7.1400000e+01   1.2181552e-02   3.4525459e-03
   7.1410000e+01   1.2165023e-02   3.4460303e-03
   7.1420000e+01   1.2148991e-02   3.4395922e-03
   7.1430000e+01   1.2133464e-02   3.4332382e-03
   7.1440000e+01   1.2118441e-02   3.4269741e-03
   7.1450000e+01   1.2103913e-02   3.4208052e-03
   7.1460000e+01   1.2089859e-02   3.4147359e-03
   7.1470000e+01   1.2076251e-02   3.4087699e-03
   7.1480000e+01   1.2063052e-02   3.4029102e-03
   7.1490000e+01   1.2050218e-02   3.3971590e-03
   7.1500000e+01   1.2037700e-02   3.3915181e-03
   7.1510000e+01   1.2025442e-02   3.3859884e-03
   7.1520000e+01   1.2013383e-02   3.3805706e-03
   7.1530000e+01   1.2001460e-02   3.3752646e-03
   7.1540000e+01   1.1989608e-02   3.3700695e-03
   7.1550000e+01   1.1977760e-02   3.3649836e-03
   7.1560000e+01   1.1965849e-02   3.3600041e-03
   7.1570000e+01   1.1953812e-02   3.3551269e-03
   7.1580000e+01   1.1941589e-02   3.3503463e-03
   7.1590000e+01   1.1929126e-02   3.3456553e-03
   7.1600000e+01   1.1916376e-02   3.3410451e-03
   7.1610000e+01   1.1903300e-02   3.3365055e-03
   7.1620000e+01   1.1889868e-02   3.3320253e-03
   7.1630000e+01   1.1876062e-02   3.3275924e-03
   7.1640000e+01   1.1861872e-02   3.3231941e-03
   7.1650000e+01   1.1847298e-02   3.3188178e-03
   7.1660000e+01   1.1832348e-02   3.3144508e-03
   7.1670000e+01   1.1817038e-02   3.3100809e-03
   7.1680000e+01   1.1801390e-02   3.3056961e-03
   7.1690000e+01   1.1785430e-02   3.3012854e-03
   7.1700000e+01   1.1769188e-02   3.2968381e-03
   7.1710000e+01   1.1752696e-02   3.2923442e-03
   7.1720000e+01   1.1735990e-02   3.2877943e-03
   7.1730000e+01   1.1719105e-02   3.2831798e-03
   7.1740000e+01   1.1702078e-02   3.2784930e-03
   7.1750000e+01   1.1684946e-02   3.2737268e-03
   7.1760000e+01   1.1667745e-02   3.2688755e-03
   7.1770000e+01   1.1650510e-02   3.2639346e-03
   7.1780000e+01   1.1633275e-02   3.2589007e-03
   7.1790000e+01   1.1616071e-02   3.2537724e-03
   7.1800000e+01   1.1598927e-02   3.2485496e-03
   7.1810000e+01   1.1581868e-02   3.2432344e-03
   7.1820000e+01   1.1564914e-02   3.2378308e-03
   7.1830000e+01   1.1548083e-02   3.2323444e-03
   7.1840000e+01   1.1531388e-02   3.2267833e-03
   7.1850000e+01   1.1514837e-02   3.2211568e-03
   7.1860000e+01   1.1498436e-02   3.2154760e-03
   7.1870000e+01   1.1482188e-02   3.2097528e-03
   7.1880000e+01   1.1466093e-02   3.2040000e-03
   7.1890000e+01   1.1450147e-02   3.1982302e-03
   7.1900000e+01   1.1434347e-02   3.1924555e-03
   7.1910000e+01   1.1418684e-02   3.1866871e-03
   7.1920000e+01   1.1403147e-02   3.1809349e-03
   7.1930000e+01   1.1387724e-02   3.1752067e-03
   7.1940000e+01   1.1372396e-02   3.1695087e-03
   7.1950000e+01   1.1357144e-02   3.1638447e-03
   7.1960000e+01   1.1341941e-02   3.1582166e-03
   7.1970000e+01   1.1326762e-02   3.1526244e-03
   7.1980000e+01   1.1311576e-02   3.1470664e-03
   7.1990000e+01   1.1296351e-02   3.1415394e-03
   7.2000000e+01   1.1281056e-02   3.1360386e-03
   7.2010000e+01   1.1265661e-02   3.1305582e-03
   7.2020000e+01   1.1250136e-02   3.1250915e-03
   7.2030000e+01   1.1234457e-02   3.1196307e-03
   7.2040000e+01   1.1218601e-02   3.1141674e-03
   7.2050000e+01   1.1202551e-02   3.1086930e-03
   7.2060000e+01   1.1186294e-02   3.1031985e-03
   7.2070000e+01   1.1169821e-02   3.0976751e-03
   7.2080000e+01   1.1153130e-02   3.0921146e-03
   7.2090000e+01   1.1136220e-02   3.0865094e-03
   7.2100000e+01   1.1119096e-02   3.0808534e-03
   7.2110000e+01   1.1101765e-02   3.0751420e-03
   7.2120000e+01   1.1084236e-02   3.0693725e-03
   7.2130000e+01   1.1066521e-02   3.0635441e-03
   7.2140000e+01   1.1048634e-02   3.0576584e-03
   7.2150000e+01   1.1030587e-02   3.0517190e-03
   7.2160000e+01   1.1012395e-02   3.0457312e-03
   7.2170000e+01   1.0994072e-02   3.0397022e-03
   7.2180000e+01   1.0975633e-02   3.0336402e-03
   7.2190000e+01   1.0957092e-02   3.0275540e-03
   7.2200000e+01   1.0938464e-02   3.0214528e-03
   7.2210000e+01   1.0919764e-02   3.0153452e-03
   7.2220000e+01   1.0901006e-02   3.0092393e-03
   7.2230000e+01   1.0882207e-02   3.0031418e-03
   7.2240000e+01   1.0863380e-02   2.9970580e-03
   7.2250000e+01   1.0844542e-02   2.9909918e-03
   7.2260000e+01   1.0825707e-02   2.9849453e-03
   7.2270000e+01   1.0806889e-02   2.9789192e-03
   7.2280000e+01   1.0788103e-02   2.9729132e-03
   7.2290000e+01   1.0769360e-02   2.9669256e-03
   7.2300000e+01   1.0750674e-02   2.9609543e-03
   7.2310000e+01   1.0732054e-02   2.9549966e-03
   7.2320000e+01   1.0713510e-02   2.9490498e-03
   7.2330000e+01   1.0695049e-02   2.9431111e-03
   7.2340000e+01   1.0676673e-02   2.9371780e-03
   7.2350000e+01   1.0658387e-02   2.9312481e-03
   7.2360000e+01   1.0640188e-02   2.9253195e-03
   7.2370000e+01   1.0622075e-02   2.9193906e-03
   7.2380000e+01   1.0604043e-02   2.9134603e-03
   7.2390000e+01   1.0586086e-02   2.9075279e-03
   7.2400000e+01   1.0568201e-02   2.9015935e-03
   7.2410000e+01   1.0550384e-02   2.8956579e-03
   7.2420000e+01   1.0532634e-02   2.8897225e-03
   7.2430000e+01   1.0514953e-02   2.8837898e-03
   7.2440000e+01   1.0497348e-02   2.8778632e-03
   7.2450000e+01   1.0479829e-02   2.8719470e-03
   7.2460000e+01   1.0462410e-02   2.8660465e-03
   7.2470000e+01   1.0445107e-02   2.8601677e-03
   7.2480000e+01   1.0427940e-02   2.8543174e-03
   7.2490000e+01   1.0410928e-02   2.8485028e-03
   7.2500000e+01   1.0394090e-02   2.8427311e-03
   7.2510000e+01   1.0377443e-02   2.8370095e-03
   7.2520000e+01   1.0361002e-02   2.8313447e-03
   7.2530000e+01   1.0344777e-02   2.8257425e-03
   7.2540000e+01   1.0328773e-02   2.8202073e-03
   7.2550000e+01   1.0312991e-02   2.8147424e-03
   7.2560000e+01   1.0297426e-02   2.8093491e-03
   7.2570000e+01   1.0282066e-02   2.8040271e-03
   7.2580000e+01   1.0266894e-02   2.7987742e-03
   7.2590000e+01   1.0251886e-02   2.7935864e-03
   7.2600000e+01   1.0237015e-02   2.7884584e-03
   7.2610000e+01   1.0222245e-02   2.7833835e-03
   7.2620000e+01   1.0207541e-02   2.7783541e-03
   7.2630000e+01   1.0192859e-02   2.7733617e-03
   7.2640000e+01   1.0178155e-02   2.7683979e-03
   7.2650000e+01   1.0163385e-02   2.7634540e-03
   7.2660000e+01   1.0148500e-02   2.7585217e-03
   7.2670000e+01   1.0133455e-02   2.7535930e-03
   7.2680000e+01   1.0118206e-02   2.7486608e-03
   7.2690000e+01   1.0102711e-02   2.7437183e-03
   7.2700000e+01   1.0086933e-02   2.7387597e-03
   7.2710000e+01   1.0070838e-02   2.7337795e-03
   7.2720000e+01   1.0054400e-02   2.7287729e-03
   7.2730000e+01   1.0037598e-02   2.7237353e-03
   7.2740000e+01   1.0020419e-02   2.7186623e-03
   7.2750000e+01   1.0002855e-02   2.7135497e-03
   7.2760000e+01   9.9849075e-03   2.7083932e-03
   7.2770000e+01   9.9665839e-03   2.7031884e-03
   7.2780000e+01   9.9478987e-03   2.6979306e-03
   7.2790000e+01   9.9288727e-03   2.6926154e-03
   7.2800000e+01   9.9095323e-03   2.6872382e-03
   7.2810000e+01   9.8899088e-03   2.6817947e-03
   7.2820000e+01   9.8700380e-03   2.6762808e-03
   7.2830000e+01   9.8499587e-03   2.6706930e-03
   7.2840000e+01   9.8297124e-03   2.6650283e-03
   7.2850000e+01   9.8093427e-03   2.6592844e-03
   7.2860000e+01   9.7888938e-03   2.6534600e-03
   7.2870000e+01   9.7684104e-03   2.6475541e-03
   7.2880000e+01   9.7479367e-03   2.6415669e-03
   7.2890000e+01   9.7275152e-03   2.6354992e-03
   7.2900000e+01   9.7071866e-03   2.6293523e-03
   7.2910000e+01   9.6869883e-03   2.6231284e-03
   7.2920000e+01   9.6669538e-03   2.6168303e-03
   7.2930000e+01   9.6471115e-03   2.6104616e-03
   7.2940000e+01   9.6274844e-03   2.6040265e-03
   7.2950000e+01   9.6080890e-03   2.5975303e-03
   7.2960000e+01   9.5889354e-03   2.5909791e-03
   7.2970000e+01   9.5700265e-03   2.5843801e-03
   7.2980000e+01   9.5513590e-03   2.5777411e-03
   7.2990000e+01   9.5329232e-03   2.5710708e-03
   7.3000000e+01   9.5147043e-03   2.5643784e-03
   7.3010000e+01   9.4966830e-03   2.5576736e-03
   7.3020000e+01   9.4788367e-03   2.5509659e-03
   7.3030000e+01   9.4611403e-03   2.5442652e-03
   7.3040000e+01   9.4435675e-03   2.5375806e-03
   7.3050000e+01   9.4260911e-03   2.5309213e-03
   7.3060000e+01   9.4086839e-03   2.5242957e-03
   7.3070000e+01   9.3913193e-03   2.5177117e-03
   7.3080000e+01   9.3739714e-03   2.5111766e-03
   7.3090000e+01   9.3566155e-03   2.5046970e-03
   7.3100000e+01   9.3392284e-03   2.4982788e-03
   7.3110000e+01   9.3217886e-03   2.4919270e-03
   7.3120000e+01   9.3042765e-03   2.4856456e-03
   7.3130000e+01   9.2866751e-03   2.4794377e-03
   7.3140000e+01   9.2689696e-03   2.4733052e-03
   7.3150000e+01   9.2511485e-03   2.4672487e-03
   7.3160000e+01   9.2332029e-03   2.4612675e-03
   7.3170000e+01   9.2151270e-03   2.4553595e-03
   7.3180000e+01   9.1969182e-03   2.4495211e-03
   7.3190000e+01   9.1785763e-03   2.4437473e-03
   7.3200000e+01   9.1601037e-03   2.4380321e-03
   7.3210000e+01   9.1415050e-03   2.4323678e-03
   7.3220000e+01   9.1227864e-03   2.4267462e-03
   7.3230000e+01   9.1039558e-03   2.4211582e-03
   7.3240000e+01   9.0850224e-03   2.4155943e-03
   7.3250000e+01   9.0659965e-03   2.4100451e-03
   7.3260000e+01   9.0468899e-03   2.4045017e-03
   7.3270000e+01   9.0277158e-03   2.3989556e-03
   7.3280000e+01   9.0084888e-03   2.3933996e-03
   7.3290000e+01   8.9892250e-03   2.3878279e-03
   7.3300000e+01   8.9699420e-03   2.3822360e-03
   7.3310000e+01   8.9506587e-03   2.3766213e-03
   7.3320000e+01   8.9313944e-03   2.3709826e-03
   7.3330000e+01   8.9121690e-03   2.3653205e-03
   7.3340000e+01   8.8930018e-03   2.3596366e-03
   7.3350000e+01   8.8739109e-03   2.3539338e-03
   7.3360000e+01   8.8549128e-03   2.3482160e-03
   7.3370000e+01   8.8360214e-03   2.3424876e-03
   7.3380000e+01   8.8172480e-03   2.3367534e-03
   7.3390000e+01   8.7986008e-03   2.3310183e-03
   7.3400000e+01   8.7800847e-03   2.3252873e-03
   7.3410000e+01   8.7617014e-03   2.3195652e-03
   7.3420000e+01   8.7434493e-03   2.3138565e-03
   7.3430000e+01   8.7253244e-03   2.3081651e-03
   7.3440000e+01   8.7073200e-03   2.3024946e-03
   7.3450000e+01   8.6894275e-03   2.2968477e-03
   7.3460000e+01   8.6716367e-03   2.2912265e-03
   7.3470000e+01   8.6539365e-03   2.2856322e-03
   7.3480000e+01   8.6363152e-03   2.2800650e-03
   7.3490000e+01   8.6187610e-03   2.2745243e-03
   7.3500000e+01   8.6012618e-03   2.2690083e-03
   7.3510000e+01   8.5838064e-03   2.2635145e-03
   7.3520000e+01   8.5663834e-03   2.2580392e-03
   7.3530000e+01   8.5489822e-03   2.2525784e-03
   7.3540000e+01   8.5315924e-03   2.2471273e-03
   7.3550000e+01   8.5142040e-03   2.2416811e-03
   7.3560000e+01   8.4968074e-03   2.2362347e-03
   7.3570000e+01   8.4793930e-03   2.2307836e-03
   7.3580000e+01   8.4619521e-03   2.2253236e-03
   7.3590000e+01   8.4444759e-03   2.2198516e-03
   7.3600000e+01   8.4269564e-03   2.2143650e-03
   7.3610000e+01   8.4093856e-03   2.2088625e-03
   7.3620000e+01   8.3917565e-03   2.2033439e-03
   7.3630000e+01   8.3740622e-03   2.1978098e-03
   7.3640000e+01   8.3562968e-03   2.1922616e-03
   7.3650000e+01   8.3384550e-03   2.1867016e-03
   7.3660000e+01   8.3205322e-03   2.1811323e-03
   7.3670000e+01   8.3025250e-03   2.1755564e-03
   7.3680000e+01   8.2844311e-03   2.1699766e-03
   7.3690000e+01   8.2662495e-03   2.1643953e-03
   7.3700000e+01   8.2479801e-03   2.1588145e-03
   7.3710000e+01   8.2296244e-03   2.1532358e-03
   7.3720000e+01   8.2111843e-03   2.1476602e-03
   7.3730000e+01   8.1926622e-03   2.1420880e-03
   7.3740000e+01   8.1740606e-03   2.1365192e-03
   7.3750000e+01   8.1553808e-03   2.1309532e-03
   7.3760000e+01   8.1366232e-03   2.1253891e-03
   7.3770000e+01   8.1177864e-03   2.1198254e-03
   7.3780000e+01   8.0988670e-03   2.1142604e-03
   7.3790000e+01   8.0798595e-03   2.1086920e-03
   7.3800000e+01   8.0607568e-03   2.1031178e-03
   7.3810000e+01   8.0415505e-03   2.0975352e-03
   7.3820000e+01   8.0222314e-03   2.0919414e-03
   7.3830000e+01   8.0027906e-03   2.0863334e-03
   7.3840000e+01   7.9832197e-03   2.0807081e-03
   7.3850000e+01   7.9635124e-03   2.0750624e-03
   7.3860000e+01   7.9436643e-03   2.0693935e-03
   7.3870000e+01   7.9236745e-03   2.0636985e-03
   7.3880000e+01   7.9035449e-03   2.0579750e-03
   7.3890000e+01   7.8832816e-03   2.0522211e-03
   7.3900000e+01   7.8628944e-03   2.0464355e-03
   7.3910000e+01   7.8423967e-03   2.0406176e-03
   7.3920000e+01   7.8218059e-03   2.0347678e-03
   7.3930000e+01   7.8011424e-03   2.0288870e-03
   7.3940000e+01   7.7804296e-03   2.0229774e-03
   7.3950000e+01   7.7596934e-03   2.0170415e-03
   7.3960000e+01   7.7389612e-03   2.0110830e-03
   7.3970000e+01   7.7182618e-03   2.0051058e-03
   7.3980000e+01   7.6976246e-03   1.9991143e-03
   7.3990000e+01   7.6770785e-03   1.9931132e-03
   7.4000000e+01   7.6566518e-03   1.9871072e-03
   7.4010000e+01   7.6363710e-03   1.9811008e-03
   7.4020000e+01   7.6162602e-03   1.9750983e-03
   7.4030000e+01   7.5963406e-03   1.9691037e-03
   7.4040000e+01   7.5766301e-03   1.9631204e-03
   7.4050000e+01   7.5571424e-03   1.9571518e-03
   7.4060000e+01   7.5378868e-03   1.9512004e-03
   7.4070000e+01   7.5188684e-03   1.9452689e-03
   7.4080000e+01   7.5000872e-03   1.9393594e-03
   7.4090000e+01   7.4815387e-03   1.9334740e-03
   7.4100000e+01   7.4632140e-03   1.9276148e-03
   7.4110000e+01   7.4450998e-03   1.9217840e-03
   7.4120000e+01   7.4271788e-03   1.9159837e-03
   7.4130000e+01   7.4094305e-03   1.9102164e-03
   7.4140000e+01   7.3918315e-03   1.9044846e-03
   7.4150000e+01   7.3743560e-03   1.8987911e-03
   7.4160000e+01   7.3569770e-03   1.8931388e-03
   7.4170000e+01   7.3396661e-03   1.8875304e-03
   7.4180000e+01   7.3223949e-03   1.8819688e-03
   7.4190000e+01   7.3051349e-03   1.8764566e-03
   7.4200000e+01   7.2878584e-03   1.8709958e-03
   7.4210000e+01   7.2705388e-03   1.8655883e-03
   7.4220000e+01   7.2531513e-03   1.8602353e-03
   7.4230000e+01   7.2356727e-03   1.8549374e-03
   7.4240000e+01   7.2180827e-03   1.8496944e-03
   7.4250000e+01   7.2003632e-03   1.8445058e-03
   7.4260000e+01   7.1824999e-03   1.8393703e-03
   7.4270000e+01   7.1644814e-03   1.8342861e-03
   7.4280000e+01   7.1463005e-03   1.8292510e-03
   7.4290000e+01   7.1279538e-03   1.8242621e-03
   7.4300000e+01   7.1094421e-03   1.8193163e-03
   7.4310000e+01   7.0907703e-03   1.8144101e-03
   7.4320000e+01   7.0719468e-03   1.8095394e-03
   7.4330000e+01   7.0529836e-03   1.8046997e-03
   7.4340000e+01   7.0338955e-03   1.7998860e-03
   7.4350000e+01   7.0146993e-03   1.7950928e-03
   7.4360000e+01   6.9954134e-03   1.7903144e-03
   7.4370000e+01   6.9760570e-03   1.7855444e-03
   7.4380000e+01   6.9566493e-03   1.7807765e-03
   7.4390000e+01   6.9372092e-03   1.7760041e-03
   7.4400000e+01   6.9177549e-03   1.7712207e-03
   7.4410000e+01   6.8983033e-03   1.7664200e-03
   7.4420000e+01   6.8788700e-03   1.7615960e-03
   7.4430000e+01   6.8594692e-03   1.7567431e-03
   7.4440000e+01   6.8401135e-03   1.7518562e-03
   7.4450000e+01   6.8208138e-03   1.7469310e-03
   7.4460000e+01   6.8015793e-03   1.7419636e-03
   7.4470000e+01   6.7824174e-03   1.7369510e-03
   7.4480000e+01   6.7633335e-03   1.7318909e-03
   7.4490000e+01   6.7443315e-03   1.7267820e-03
   7.4500000e+01   6.7254129e-03   1.7216237e-03
   7.4510000e+01   6.7065775e-03   1.7164163e-03
   7.4520000e+01   6.6878236e-03   1.7111612e-03
   7.4530000e+01   6.6691475e-03   1.7058604e-03
   7.4540000e+01   6.6505443e-03   1.7005173e-03
   7.4550000e+01   6.6320078e-03   1.6951356e-03
   7.4560000e+01   6.6135311e-03   1.6897201e-03
   7.4570000e+01   6.5951063e-03   1.6842762e-03
   7.4580000e+01   6.5767254e-03   1.6788096e-03
   7.4590000e+01   6.5583795e-03   1.6733265e-03
   7.4600000e+01   6.5400598e-03   1.6678332e-03
   7.4610000e+01   6.5217567e-03   1.6623359e-03
   7.4620000e+01   6.5034606e-03   1.6568402e-03
   7.4630000e+01   6.4851614e-03   1.6513515e-03
   7.4640000e+01   6.4668485e-03   1.6458744e-03
   7.4650000e+01   6.4485115e-03   1.6404124e-03
   7.4660000e+01   6.4301398e-03   1.6349683e-03
   7.4670000e+01   6.4117231e-03   1.6295438e-03
   7.4680000e+01   6.3932517e-03   1.6241394e-03
   7.4690000e+01   6.3747169e-03   1.6187548e-03
   7.4700000e+01   6.3561114e-03   1.6133889e-03
   7.4710000e+01   6.3374292e-03   1.6080399e-03
   7.4720000e+01   6.3186664e-03   1.6027054e-03
   7.4730000e+01   6.2998207e-03   1.5973827e-03
   7.4740000e+01   6.2808921e-03   1.5920692e-03
   7.4750000e+01   6.2618823e-03   1.5867623e-03
   7.4760000e+01   6.2427949e-03   1.5814594e-03
   7.4770000e+01   6.2236353e-03   1.5761585e-03
   7.4780000e+01   6.2044098e-03   1.5708579e-03
   7.4790000e+01   6.1851264e-03   1.5655562e-03
   7.4800000e+01   6.1657932e-03   1.5602525e-03
   7.4810000e+01   6.1464192e-03   1.5549466e-03
   7.4820000e+01   6.1270132e-03   1.5496382e-03
   7.4830000e+01   6.1075840e-03   1.5443279e-03
   7.4840000e+01   6.0881402e-03   1.5390163e-03
   7.4850000e+01   6.0686896e-03   1.5337045e-03
   7.4860000e+01   6.0492399e-03   1.5283938e-03
   7.4870000e+01   6.0297980e-03   1.5230859e-03
   7.4880000e+01   6.0103704e-03   1.5177826e-03
   7.4890000e+01   5.9909631e-03   1.5124857e-03
   7.4900000e+01   5.9715817e-03   1.5071973e-03
   7.4910000e+01   5.9522315e-03   1.5019194e-03
   7.4920000e+01   5.9329172e-03   1.4966539e-03
   7.4930000e+01   5.9136433e-03   1.4914025e-03
   7.4940000e+01   5.8944139e-03   1.4861665e-03
   7.4950000e+01   5.8752327e-03   1.4809471e-03
   7.4960000e+01   5.8561031e-03   1.4757448e-03
   7.4970000e+01   5.8370284e-03   1.4705597e-03
   7.4980000e+01   5.8180112e-03   1.4653915e-03
   7.4990000e+01   5.7990541e-03   1.4602393e-03
   7.5000000e+01   5.7801592e-03   1.4551018e-03
   7.5010000e+01   5.7613282e-03   1.4499775e-03
   7.5020000e+01   5.7425622e-03   1.4448647e-03
   7.5030000e+01   5.7238619e-03   1.4397615e-03
   7.5040000e+01   5.7052274e-03   1.4346664e-03
   7.5050000e+01   5.6866582e-03   1.4295778e-03
   7.5060000e+01   5.6681535e-03   1.4244945e-03
   7.5070000e+01   5.6497123e-03   1.4194158e-03
   7.5080000e+01   5.6313334e-03   1.4143413e-03
   7.5090000e+01   5.6130161e-03   1.4092710e-03
   7.5100000e+01   5.5947601e-03   1.4042053e-03
   7.5110000e+01   5.5765657e-03   1.3991451e-03
   7.5120000e+01   5.5584344e-03   1.3940912e-03
   7.5130000e+01   5.5403680e-03   1.3890448e-03
   7.5140000e+01   5.5223693e-03   1.3840074e-03
   7.5150000e+01   5.5044414e-03   1.3789802e-03
   7.5160000e+01   5.4865876e-03   1.3739647e-03
   7.5170000e+01   5.4688107e-03   1.3689621e-03
   7.5180000e+01   5.4511129e-03   1.3639739e-03
   7.5190000e+01   5.4334952e-03   1.3590011e-03
   7.5200000e+01   5.4159570e-03   1.3540449e-03
   7.5210000e+01   5.3984961e-03   1.3491061e-03
   7.5220000e+01   5.3811080e-03   1.3441858e-03
   7.5230000e+01   5.3637863e-03   1.3392843e-03
   7.5240000e+01   5.3465223e-03   1.3344023e-03
   7.5250000e+01   5.3293055e-03   1.3295400e-03
   7.5260000e+01   5.3121235e-03   1.3246974e-03
   7.5270000e+01   5.2949623e-03   1.3198741e-03
   7.5280000e+01   5.2778069e-03   1.3150698e-03
   7.5290000e+01   5.2606414e-03   1.3102835e-03
   7.5300000e+01   5.2434496e-03   1.3055141e-03
   7.5310000e+01   5.2262153e-03   1.3007602e-03
   7.5320000e+01   5.2089226e-03   1.2960202e-03
   7.5330000e+01   5.1915569e-03   1.2912921e-03
   7.5340000e+01   5.1741044e-03   1.2865740e-03
   7.5350000e+01   5.1565532e-03   1.2818639e-03
   7.5360000e+01   5.1388934e-03   1.2771597e-03
   7.5370000e+01   5.1211172e-03   1.2724594e-03
   7.5380000e+01   5.1032193e-03   1.2677614e-03
   7.5390000e+01   5.0851970e-03   1.2630639e-03
   7.5400000e+01   5.0670503e-03   1.2583656e-03
   7.5410000e+01   5.0487818e-03   1.2536654e-03
   7.5420000e+01   5.0303969e-03   1.2489621e-03
   7.5430000e+01   5.0119033e-03   1.2442549e-03
   7.5440000e+01   4.9933113e-03   1.2395430e-03
   7.5450000e+01   4.9746329e-03   1.2348257e-03
   7.5460000e+01   4.9558821e-03   1.2301021e-03
   7.5470000e+01   4.9370742e-03   1.2253714e-03
   7.5480000e+01   4.9182256e-03   1.2206327e-03
   7.5490000e+01   4.8993531e-03   1.2158849e-03
   7.5500000e+01   4.8804738e-03   1.2111268e-03
   7.5510000e+01   4.8616047e-03   1.2063570e-03
   7.5520000e+01   4.8427620e-03   1.2015743e-03
   7.5530000e+01   4.8239614e-03   1.1967771e-03
   7.5540000e+01   4.8052170e-03   1.1919641e-03
   7.5550000e+01   4.7865421e-03   1.1871339e-03
   7.5560000e+01   4.7679480e-03   1.1822854e-03
   7.5570000e+01   4.7494447e-03   1.1774176e-03
   7.5580000e+01   4.7310401e-03   1.1725298e-03
   7.5590000e+01   4.7127405e-03   1.1676217e-03
   7.5600000e+01   4.6945501e-03   1.1626932e-03
   7.5610000e+01   4.6764710e-03   1.1577448e-03
   7.5620000e+01   4.6585032e-03   1.1527774e-03
   7.5630000e+01   4.6406447e-03   1.1477919e-03
   7.5640000e+01   4.6228915e-03   1.1427900e-03
   7.5650000e+01   4.6052374e-03   1.1377734e-03
   7.5660000e+01   4.5876747e-03   1.1327442e-03
   7.5670000e+01   4.5701942e-03   1.1277046e-03
   7.5680000e+01   4.5527855e-03   1.1226572e-03
   7.5690000e+01   4.5354374e-03   1.1176047e-03
   7.5700000e+01   4.5181384e-03   1.1125499e-03
   7.5710000e+01   4.5008773e-03   1.1074961e-03
   7.5720000e+01   4.4836427e-03   1.1024466e-03
   7.5730000e+01   4.4664245e-03   1.0974050e-03
   7.5740000e+01   4.4492132e-03   1.0923748e-03
   7.5750000e+01   4.4320002e-03   1.0873600e-03
   7.5760000e+01   4.4147783e-03   1.0823643e-03
   7.5770000e+01   4.3975415e-03   1.0773915e-03
   7.5780000e+01   4.3802848e-03   1.0724451e-03
   7.5790000e+01   4.3630045e-03   1.0675284e-03
   7.5800000e+01   4.3456979e-03   1.0626444e-03
   7.5810000e+01   4.3283636e-03   1.0577957e-03
   7.5820000e+01   4.3110011e-03   1.0529842e-03
   7.5830000e+01   4.2936109e-03   1.0482115e-03
   7.5840000e+01   4.2761946e-03   1.0434786e-03
   7.5850000e+01   4.2587547e-03   1.0387858e-03
   7.5860000e+01   4.2412945e-03   1.0341330e-03
   7.5870000e+01   4.2238180e-03   1.0295195e-03
   7.5880000e+01   4.2063299e-03   1.0249438e-03
   7.5890000e+01   4.1888353e-03   1.0204043e-03
   7.5900000e+01   4.1713395e-03   1.0158987e-03
   7.5910000e+01   4.1538482e-03   1.0114243e-03
   7.5920000e+01   4.1363671e-03   1.0069781e-03
   7.5930000e+01   4.1189016e-03   1.0025571e-03
   7.5940000e+01   4.1014575e-03   9.9815765e-04
   7.5950000e+01   4.0840402e-03   9.9377646e-04
   7.5960000e+01   4.0666550e-03   9.8941011e-04
   7.5970000e+01   4.0493072e-03   9.8505533e-04
   7.5980000e+01   4.0320021e-03   9.8070912e-04
   7.5990000e+01   4.0147444e-03   9.7636882e-04
   7.6000000e+01   3.9975390e-03   9.7203215e-04
   7.6010000e+01   3.9803902e-03   9.6769734e-04
   7.6020000e+01   3.9633020e-03   9.6336310e-04
   7.6030000e+01   3.9462774e-03   9.5902867e-04
   7.6040000e+01   3.9293191e-03   9.5469380e-04
   7.6050000e+01   3.9124287e-03   9.5035868e-04
   7.6060000e+01   3.8956069e-03   9.4602389e-04
   7.6070000e+01   3.8788534e-03   9.4169033e-04
   7.6080000e+01   3.8621669e-03   9.3735908e-04
   7.6090000e+01   3.8455451e-03   9.3303134e-04
   7.6100000e+01   3.8289850e-03   9.2870830e-04
   7.6110000e+01   3.8124827e-03   9.2439105e-04
   7.6120000e+01   3.7960337e-03   9.2008052e-04
   7.6130000e+01   3.7796330e-03   9.1577743e-04
   7.6140000e+01   3.7632755e-03   9.1148225e-04
   7.6150000e+01   3.7469561e-03   9.0719518e-04
   7.6160000e+01   3.7306694e-03   9.0291621e-04
   7.6170000e+01   3.7144106e-03   8.9864512e-04
   7.6180000e+01   3.6981752e-03   8.9438149e-04
   7.6190000e+01   3.6819588e-03   8.9012482e-04
   7.6200000e+01   3.6657576e-03   8.8587450e-04
   7.6210000e+01   3.6495682e-03   8.8162989e-04
   7.6220000e+01   3.6333877e-03   8.7739034e-04
   7.6230000e+01   3.6172133e-03   8.7315524e-04
   7.6240000e+01   3.6010428e-03   8.6892401e-04
   7.6250000e+01   3.5848741e-03   8.6469615e-04
   7.6260000e+01   3.5687054e-03   8.6047123e-04
   7.6270000e+01   3.5525353e-03   8.5624889e-04
   7.6280000e+01   3.5363623e-03   8.5202889e-04
   7.6290000e+01   3.5201855e-03   8.4781107e-04
   7.6300000e+01   3.5040037e-03   8.4359541e-04
   7.6310000e+01   3.4878162e-03   8.3938199e-04
   7.6320000e+01   3.4716222e-03   8.3517104e-04
   7.6330000e+01   3.4554213e-03   8.3096294e-04
   7.6340000e+01   3.4392130e-03   8.2675817e-04
   7.6350000e+01   3.4229969e-03   8.2255739e-04
   7.6360000e+01   3.4067730e-03   8.1836133e-04
   7.6370000e+01   3.3905414e-03   8.1417083e-04
   7.6380000e+01   3.3743024e-03   8.0998675e-04
   7.6390000e+01   3.3580565e-03   8.0580995e-04
   7.6400000e+01   3.3418046e-03   8.0164125e-04
   7.6410000e+01   3.3255475e-03   7.9748134e-04
   7.6420000e+01   3.3092860e-03   7.9333078e-04
   7.6430000e+01   3.2930213e-03   7.8918992e-04
   7.6440000e+01   3.2767539e-03   7.8505893e-04
   7.6450000e+01   3.2604845e-03   7.8093777e-04
   7.6460000e+01   3.2442134e-03   7.7682621e-04
   7.6470000e+01   3.2279407e-03   7.7272385e-04
   7.6480000e+01   3.2116664e-03   7.6863020e-04
   7.6490000e+01   3.1953902e-03   7.6454466e-04
   7.6500000e+01   3.1791122e-03   7.6046661e-04
   7.6510000e+01   3.1628325e-03   7.5639544e-04
   7.6520000e+01   3.1465518e-03   7.5233059e-04
   7.6530000e+01   3.1302712e-03   7.4827154e-04
   7.6540000e+01   3.1139927e-03   7.4421790e-04
   7.6550000e+01   3.0977191e-03   7.4016936e-04
   7.6560000e+01   3.0814542e-03   7.3612573e-04
   7.6570000e+01   3.0652025e-03   7.3208692e-04
   7.6580000e+01   3.0489697e-03   7.2805292e-04
   7.6590000e+01   3.0327620e-03   7.2402383e-04
   7.6600000e+01   3.0165864e-03   7.1999982e-04
   7.6610000e+01   3.0004503e-03   7.1598112e-04
   7.6620000e+01   2.9843614e-03   7.1196804e-04
   7.6630000e+01   2.9683274e-03   7.0796092e-04
   7.6640000e+01   2.9523558e-03   7.0396018e-04
   7.6650000e+01   2.9364538e-03   6.9996628e-04
   7.6660000e+01   2.9206281e-03   6.9597973e-04
   7.6670000e+01   2.9048843e-03   6.9200111e-04
   7.6680000e+01   2.8892274e-03   6.8803102e-04
   7.6690000e+01   2.8736610e-03   6.8407010e-04
   7.6700000e+01   2.8581879e-03   6.8011901e-04
   7.6710000e+01   2.8428094e-03   6.7617844e-04
   7.6720000e+01   2.8275254e-03   6.7224902e-04
   7.6730000e+01   2.8123348e-03   6.6833140e-04
   7.6740000e+01   2.7972351e-03   6.6442612e-04
   7.6750000e+01   2.7822225e-03   6.6053371e-04
   7.6760000e+01   2.7672923e-03   6.5665458e-04
   7.6770000e+01   2.7524385e-03   6.5278908e-04
   7.6780000e+01   2.7376547e-03   6.4893750e-04
   7.6790000e+01   2.7229333e-03   6.4510008e-04
   7.6800000e+01   2.7082666e-03   6.4127702e-04
   7.6810000e+01   2.6936464e-03   6.3746852e-04
   7.6820000e+01   2.6790645e-03   6.3367481e-04
   7.6830000e+01   2.6645127e-03   6.2989613e-04
   7.6840000e+01   2.6499832e-03   6.2613282e-04
   7.6850000e+01   2.6354686e-03   6.2238526e-04
   7.6860000e+01   2.6209621e-03   6.1865390e-04
   7.6870000e+01   2.6064578e-03   6.1493926e-04
   7.6880000e+01   2.5919503e-03   6.1124189e-04
   7.6890000e+01   2.5774354e-03   6.0756237e-04
   7.6900000e+01   2.5629098e-03   6.0390131e-04
   7.6910000e+01   2.5483710e-03   6.0025925e-04
   7.6920000e+01   2.5338177e-03   5.9663672e-04
   7.6930000e+01   2.5192492e-03   5.9303412e-04
   7.6940000e+01   2.5046660e-03   5.8945179e-04
   7.6950000e+01   2.4900694e-03   5.8588990e-04
   7.6960000e+01   2.4754615e-03   5.8234848e-04
   7.6970000e+01   2.4608454e-03   5.7882739e-04
   7.6980000e+01   2.4462247e-03   5.7532630e-04
   7.6990000e+01   2.4316037e-03   5.7184470e-04
   7.7000000e+01   2.4169875e-03   5.6838191e-04
   7.7010000e+01   2.4023813e-03   5.6493710e-04
   7.7020000e+01   2.3877907e-03   5.6150927e-04
   7.7030000e+01   2.3732213e-03   5.5809732e-04
   7.7040000e+01   2.3586788e-03   5.5470002e-04
   7.7050000e+01   2.3441685e-03   5.5131607e-04
   7.7060000e+01   2.3296952e-03   5.4794405e-04
   7.7070000e+01   2.3152635e-03   5.4458250e-04
   7.7080000e+01   2.3008770e-03   5.4122989e-04
   7.7090000e+01   2.2865390e-03   5.3788462e-04
   7.7100000e+01   2.2722520e-03   5.3454508e-04
   7.7110000e+01   2.2580178e-03   5.3120961e-04
   7.7120000e+01   2.2438376e-03   5.2787658e-04
   7.7130000e+01   2.2297121e-03   5.2454443e-04
   7.7140000e+01   2.2156413e-03   5.2121164e-04
   7.7150000e+01   2.2016250e-03   5.1787687e-04
   7.7160000e+01   2.1876623e-03   5.1453893e-04
   7.7170000e+01   2.1737519e-03   5.1119685e-04
   7.7180000e+01   2.1598924e-03   5.0784991e-04
   7.7190000e+01   2.1460818e-03   5.0449766e-04
   7.7200000e+01   2.1323181e-03   5.0113993e-04
   7.7210000e+01   2.1185989e-03   4.9777685e-04
   7.7220000e+01   2.1049218e-03   4.9440884e-04
   7.7230000e+01   2.0912841e-03   4.9103656e-04
   7.7240000e+01   2.0776834e-03   4.8766092e-04
   7.7250000e+01   2.0641172e-03   4.8428303e-04
   7.7260000e+01   2.0505829e-03   4.8090418e-04
   7.7270000e+01   2.0370784e-03   4.7752576e-04
   7.7280000e+01   2.0236013e-03   4.7414928e-04
   7.7290000e+01   2.0101498e-03   4.7077626e-04
   7.7300000e+01   1.9967221e-03   4.6740825e-04
   7.7310000e+01   1.9833163e-03   4.6404674e-04
   7.7320000e+01   1.9699311e-03   4.6069316e-04
   7.7330000e+01   1.9565652e-03   4.5734883e-04
   7.7340000e+01   1.9432173e-03   4.5401495e-04
   7.7350000e+01   1.9298866e-03   4.5069255e-04
   7.7360000e+01   1.9165724e-03   4.4738247e-04
   7.7370000e+01   1.9032743e-03   4.4408540e-04
   7.7380000e+01   1.8899923e-03   4.4080182e-04
   7.7390000e+01   1.8767267e-03   4.3753202e-04
   7.7400000e+01   1.8634780e-03   4.3427614e-04
   7.7410000e+01   1.8502474e-03   4.3103415e-04
   7.7420000e+01   1.8370361e-03   4.2780592e-04
   7.7430000e+01   1.8238459e-03   4.2459121e-04
   7.7440000e+01   1.8106789e-03   4.2138973e-04
   7.7450000e+01   1.7975371e-03   4.1820117e-04
   7.7460000e+01   1.7844231e-03   4.1502525e-04
   7.7470000e+01   1.7713394e-03   4.1186172e-04
   7.7480000e+01   1.7582885e-03   4.0871040e-04
   7.7490000e+01   1.7452728e-03   4.0557118e-04
   7.7500000e+01   1.7322949e-03   4.0244408e-04
   7.7510000e+01   1.7193568e-03   3.9932916e-04
   7.7520000e+01   1.7064606e-03   3.9622658e-04
   7.7530000e+01   1.6936081e-03   3.9313655e-04
   7.7540000e+01   1.6808009e-03   3.9005930e-04
   7.7550000e+01   1.6680403e-03   3.8699509e-04
   7.7560000e+01   1.6553275e-03   3.8394416e-04
   7.7570000e+01   1.6426634e-03   3.8090674e-04
   7.7580000e+01   1.6300488e-03   3.7788298e-04
   7.7590000e+01   1.6174844e-03   3.7487300e-04
   7.7600000e+01   1.6049707e-03   3.7187685e-04
   7.7610000e+01   1.5925081e-03   3.6889453e-04
   7.7620000e+01   1.5800969e-03   3.6592598e-04
   7.7630000e+01   1.5677375e-03   3.6297107e-04
   7.7640000e+01   1.5554299e-03   3.6002965e-04
   7.7650000e+01   1.5431744e-03   3.5710153e-04
   7.7660000e+01   1.5309710e-03   3.5418649e-04
   7.7670000e+01   1.5188200e-03   3.5128430e-04
   7.7680000e+01   1.5067212e-03   3.4839471e-04
   7.7690000e+01   1.4946747e-03   3.4551747e-04
   7.7700000e+01   1.4826805e-03   3.4265232e-04
   7.7710000e+01   1.4707385e-03   3.3979899e-04
   7.7720000e+01   1.4588485e-03   3.3695724e-04
   7.7730000e+01   1.4470102e-03   3.3412678e-04
   7.7740000e+01   1.4352233e-03   3.3130739e-04
   7.7750000e+01   1.4234875e-03   3.2849881e-04
   7.7760000e+01   1.4118022e-03   3.2570085e-04
   7.7770000e+01   1.4001672e-03   3.2291333e-04
   7.7780000e+01   1.3885818e-03   3.2013612e-04
   7.7790000e+01   1.3770458e-03   3.1736914e-04
   7.7800000e+01   1.3655587e-03   3.1461237e-04
   7.7810000e+01   1.3541202e-03   3.1186586e-04
   7.7820000e+01   1.3427301e-03   3.0912971e-04
   7.7830000e+01   1.3313879e-03   3.0640405e-04
   7.7840000e+01   1.3200933e-03   3.0368907e-04
   7.7850000e+01   1.3088458e-03   3.0098499e-04
   7.7860000e+01   1.2976449e-03   2.9829200e-04
   7.7870000e+01   1.2864898e-03   2.9561031e-04
   7.7880000e+01   1.2753794e-03   2.9294011e-04
   7.7890000e+01   1.2643124e-03   2.9028155e-04
   7.7900000e+01   1.2532874e-03   2.8763474e-04
   7.7910000e+01   1.2423026e-03   2.8499974e-04
   7.7920000e+01   1.2313559e-03   2.8237659e-04
   7.7930000e+01   1.2204454e-03   2.7976525e-04
   7.7940000e+01   1.2095687e-03   2.7716567e-04
   7.7950000e+01   1.1987235e-03   2.7457777e-04
   7.7960000e+01   1.1879076e-03   2.7200144e-04
   7.7970000e+01   1.1771190e-03   2.6943656e-04
   7.7980000e+01   1.1663557e-03   2.6688301e-04
   7.7990000e+01   1.1556160e-03   2.6434066e-04
   7.8000000e+01   1.1448986e-03   2.6180938e-04
   7.8010000e+01   1.1342026e-03   2.5928905e-04
   7.8020000e+01   1.1235274e-03   2.5677958e-04
   7.8030000e+01   1.1128728e-03   2.5428085e-04
   7.8040000e+01   1.1022393e-03   2.5179277e-04
   7.8050000e+01   1.0916275e-03   2.4931527e-04
   7.8060000e+01   1.0810387e-03   2.4684825e-04
   7.8070000e+01   1.0704744e-03   2.4439166e-04
   7.8080000e+01   1.0599365e-03   2.4194543e-04
   7.8090000e+01   1.0494274e-03   2.3950950e-04
   7.8100000e+01   1.0389495e-03   2.3708383e-04
   7.8110000e+01   1.0285055e-03   2.3466839e-04
   7.8120000e+01   1.0180983e-03   2.3226316e-04
   7.8130000e+01   1.0077308e-03   2.2986813e-04
   7.8140000e+01   9.9740587e-04   2.2748331e-04
   7.8150000e+01   9.8712645e-04   2.2510871e-04
   7.8160000e+01   9.7689526e-04   2.2274437e-04
   7.8170000e+01   9.6671487e-04   2.2039030e-04
   7.8180000e+01   9.5658762e-04   2.1804651e-04
   7.8190000e+01   9.4651555e-04   2.1571299e-04
   7.8200000e+01   9.3650041e-04   2.1338974e-04
   7.8210000e+01   9.2654363e-04   2.1107670e-04
   7.8220000e+01   9.1664625e-04   2.0877381e-04
   7.8230000e+01   9.0680902e-04   2.0648098e-04
   7.8240000e+01   8.9703231e-04   2.0419810e-04
   7.8250000e+01   8.8731621e-04   2.0192507e-04
   7.8260000e+01   8.7766048e-04   1.9966175e-04
   7.8270000e+01   8.6806464e-04   1.9740804e-04
   7.8280000e+01   8.5852796e-04   1.9516383e-04
   7.8290000e+01   8.4904947e-04   1.9292905e-04
   7.8300000e+01   8.3962805e-04   1.9070365e-04
   7.8310000e+01   8.3026241e-04   1.8848761e-04
   7.8320000e+01   8.2095114e-04   1.8628098e-04
   7.8330000e+01   8.1169273e-04   1.8408382e-04
   7.8340000e+01   8.0248563e-04   1.8189628e-04
   7.8350000e+01   7.9332827e-04   1.7971854e-04
   7.8360000e+01   7.8421909e-04   1.7755084e-04
   7.8370000e+01   7.7515664e-04   1.7539346e-04
   7.8380000e+01   7.6613956e-04   1.7324674e-04
   7.8390000e+01   7.5716666e-04   1.7111103e-04
   7.8400000e+01   7.4823691e-04   1.6898675e-04
   7.8410000e+01   7.3934952e-04   1.6687432e-04
   7.8420000e+01   7.3050390e-04   1.6477417e-04
   7.8430000e+01   7.2169969e-04   1.6268676e-04
   7.8440000e+01   7.1293674e-04   1.6061254e-04
   7.8450000e+01   7.0421510e-04   1.5855196e-04
   7.8460000e+01   6.9553500e-04   1.5650547e-04
   7.8470000e+01   6.8689684e-04   1.5447348e-04
   7.8480000e+01   6.7830114e-04   1.5245640e-04
   7.8490000e+01   6.6974853e-04   1.5045459e-04
   7.8500000e+01   6.6123972e-04   1.4846840e-04
   7.8510000e+01   6.5277549e-04   1.4649810e-04
   7.8520000e+01   6.4435668e-04   1.4454391e-04
   7.8530000e+01   6.3598415e-04   1.4260600e-04
   7.8540000e+01   6.2765878e-04   1.4068445e-04
   7.8550000e+01   6.1938146e-04   1.3877927e-04
   7.8560000e+01   6.1115304e-04   1.3689041e-04
   7.8570000e+01   6.0297438e-04   1.3501773e-04
   7.8580000e+01   5.9484628e-04   1.3316102e-04
   7.8590000e+01   5.8676947e-04   1.3132001e-04
   7.8600000e+01   5.7874464e-04   1.2949440e-04
   7.8610000e+01   5.7077241e-04   1.2768382e-04
   7.8620000e+01   5.6285331e-04   1.2588789e-04
   7.8630000e+01   5.5498782e-04   1.2410621e-04
   7.8640000e+01   5.4717632e-04   1.2233839e-04
   7.8650000e+01   5.3941916e-04   1.2058404e-04
   7.8660000e+01   5.3171659e-04   1.1884280e-04
   7.8670000e+01   5.2406882e-04   1.1711432e-04
   7.8680000e+01   5.1647600e-04   1.1539831e-04
   7.8690000e+01   5.0893820e-04   1.1369450e-04
   7.8700000e+01   5.0145544e-04   1.1200267e-04
   7.8710000e+01   4.9402769e-04   1.1032264e-04
   7.8720000e+01   4.8665483e-04   1.0865427e-04
   7.8730000e+01   4.7933669e-04   1.0699745e-04
   7.8740000e+01   4.7207305e-04   1.0535213e-04
   7.8750000e+01   4.6486359e-04   1.0371828e-04
   7.8760000e+01   4.5770796e-04   1.0209588e-04
   7.8770000e+01   4.5060578e-04   1.0048496e-04
   7.8780000e+01   4.4355661e-04   9.8885551e-05
   7.8790000e+01   4.3655999e-04   9.7297705e-05
   7.8800000e+01   4.2961547e-04   9.5721474e-05
   7.8810000e+01   4.2272261e-04   9.4156913e-05
   7.8820000e+01   4.1588098e-04   9.2604072e-05
   7.8830000e+01   4.0909019e-04   9.1062997e-05
   7.8840000e+01   4.0234992e-04   8.9533722e-05
   7.8850000e+01   3.9565990e-04   8.8016271e-05
   7.8860000e+01   3.8901991e-04   8.6510658e-05
   7.8870000e+01   3.8242981e-04   8.5016889e-05
   7.8880000e+01   3.7588952e-04   8.3534962e-05
   7.8890000e+01   3.6939901e-04   8.2064874e-05
   7.8900000e+01   3.6295832e-04   8.0606625e-05
   7.8910000e+01   3.5656753e-04   7.9160219e-05
   7.8920000e+01   3.5022674e-04   7.7725670e-05
   7.8930000e+01   3.4393610e-04   7.6303004e-05
   7.8940000e+01   3.3769579e-04   7.4892260e-05
   7.8950000e+01   3.3150599e-04   7.3493492e-05
   7.8960000e+01   3.2536691e-04   7.2106765e-05
   7.8970000e+01   3.1927877e-04   7.0732159e-05
   7.8980000e+01   3.1324180e-04   6.9369762e-05
   7.8990000e+01   3.0725622e-04   6.8019668e-05
   7.9000000e+01   3.0132227e-04   6.6681975e-05
   7.9010000e+01   2.9544018e-04   6.5356782e-05
   7.9020000e+01   2.8961019e-04   6.4044185e-05
   7.9030000e+01   2.8383254e-04   6.2744274e-05
   7.9040000e+01   2.7810748e-04   6.1457136e-05
   7.9050000e+01   2.7243524e-04   6.0182848e-05
   7.9060000e+01   2.6681610e-04   5.8921478e-05
   7.9070000e+01   2.6125030e-04   5.7673090e-05
   7.9080000e+01   2.5573813e-04   5.6437737e-05
   7.9090000e+01   2.5027987e-04   5.5215466e-05
   7.9100000e+01   2.4487579e-04   5.4006320e-05
   7.9110000e+01   2.3952618e-04   5.2810333e-05
   7.9120000e+01   2.3423134e-04   5.1627537e-05
   7.9130000e+01   2.2899153e-04   5.0457956e-05
   7.9140000e+01   2.2380703e-04   4.9301611e-05
   7.9150000e+01   2.1867810e-04   4.8158515e-05
   7.9160000e+01   2.1360500e-04   4.7028679e-05
   7.9170000e+01   2.0858799e-04   4.5912104e-05
   7.9180000e+01   2.0362733e-04   4.4808789e-05
   7.9190000e+01   1.9872326e-04   4.3718729e-05
   7.9200000e+01   1.9387605e-04   4.2641913e-05
   7.9210000e+01   1.8908598e-04   4.1578330e-05
   7.9220000e+01   1.8435334e-04   4.0527970e-05
   7.9230000e+01   1.7967842e-04   3.9490822e-05
   7.9240000e+01   1.7506152e-04   3.8466881e-05
   7.9250000e+01   1.7050296e-04   3.7456143e-05
   7.9260000e+01   1.6600305e-04   3.6458611e-05
   7.9270000e+01   1.6156208e-04   3.5474292e-05
   7.9280000e+01   1.5718034e-04   3.4503200e-05
   7.9290000e+01   1.5285809e-04   3.3545349e-05
   7.9300000e+01   1.4859556e-04   3.2600762e-05
   7.9310000e+01   1.4439293e-04   3.1669460e-05
   7.9320000e+01   1.4025037e-04   3.0751467e-05
   7.9330000e+01   1.3616795e-04   2.9846806e-05
   7.9340000e+01   1.3214575e-04   2.8955498e-05
   7.9350000e+01   1.2818375e-04   2.8077565e-05
   7.9360000e+01   1.2428193e-04   2.7213022e-05
   7.9370000e+01   1.2044020e-04   2.6361885e-05
   7.9380000e+01   1.1665845e-04   2.5524165e-05
   7.9390000e+01   1.1293652e-04   2.4699871e-05
   7.9400000e+01   1.0927425e-04   2.3889009e-05
   7.9410000e+01   1.0567146e-04   2.3091583e-05
   7.9420000e+01   1.0212796e-04   2.2307594e-05
   7.9430000e+01   9.8643563e-05   2.1537045e-05
   7.9440000e+01   9.5218094e-05   2.0779935e-05
   7.9450000e+01   9.1851393e-05   2.0036266e-05
   7.9460000e+01   8.8543321e-05   1.9306037e-05
   7.9470000e+01   8.5293769e-05   1.8589250e-05
   7.9480000e+01   8.2102655e-05   1.7885906e-05
   7.9490000e+01   7.8969935e-05   1.7196006e-05
   7.9500000e+01   7.5895598e-05   1.6519552e-05
   7.9510000e+01   7.2879672e-05   1.5856548e-05
   7.9520000e+01   6.9922221e-05   1.5206996e-05
   7.9530000e+01   6.7023341e-05   1.4570902e-05
   7.9540000e+01   6.4183165e-05   1.3948271e-05
   7.9550000e+01   6.1401853e-05   1.3339110e-05
   7.9560000e+01   5.8679589e-05   1.2743426e-05
   7.9570000e+01   5.6016580e-05   1.2161229e-05
   7.9580000e+01   5.3413048e-05   1.1592530e-05
   7.9590000e+01   5.0869226e-05   1.1037338e-05
   7.9600000e+01   4.8385353e-05   1.0495667e-05
   7.9610000e+01   4.5961671e-05   9.9675264e-06
   7.9620000e+01   4.3598418e-05   9.4529283e-06
   7.9630000e+01   4.1295830e-05   8.9518828e-06
   7.9640000e+01   3.9054133e-05   8.4643986e-06
   7.9650000e+01   3.6873544e-05   7.9904834e-06
   7.9660000e+01   3.4754268e-05   7.5301428e-06
   7.9670000e+01   3.2696497e-05   7.0833812e-06
   7.9680000e+01   3.0700410e-05   6.6502013e-06
   7.9690000e+01   2.8766171e-05   6.2306045e-06
   7.9700000e+01   2.6893930e-05   5.8245914e-06
   7.9710000e+01   2.5083822e-05   5.4321621e-06
   7.9720000e+01   2.3335969e-05   5.0533165e-06
   7.9730000e+01   2.1650480e-05   4.6880552e-06
   7.9740000e+01   2.0027454e-05   4.3363793e-06
   7.9750000e+01   1.8466980e-05   3.9982917e-06
   7.9760000e+01   1.6969138e-05   3.6737969e-06
   7.9770000e+01   1.5534005e-05   3.3629015e-06
   7.9780000e+01   1.4161655e-05   3.0656144e-06
   7.9790000e+01   1.2852158e-05   2.7819471e-06
   7.9800000e+01   1.1605588e-05   2.5119135e-06
   7.9810000e+01   1.0422020e-05   2.2555301e-06
   7.9820000e+01   9.3015313e-06   2.0128155e-06
   7.9830000e+01   8.2442047e-06   1.7837904e-06
   7.9840000e+01   7.2501271e-06   1.5684773e-06
   7.9850000e+01   6.3193903e-06   1.3669000e-06
   7.9860000e+01   5.4520910e-06   1.1790831e-06
   7.9870000e+01   4.6483306e-06   1.0050518e-06
   7.9880000e+01   3.9082144e-06   8.4483131e-07
   7.9890000e+01   3.2318516e-06   6.9844653e-07
   7.9900000e+01   2.6193546e-06   5.6592139e-07
   7.9910000e+01   2.0708379e-06   4.4727857e-07
   7.9920000e+01   1.5864181e-06   3.4253917e-07
   7.9930000e+01   1.1662125e-06   2.5172238e-07
   7.9940000e+01   8.1033877e-07   1.7484529e-07
   7.9950000e+01   5.1891411e-07   1.1192275e-07
   7.9960000e+01   2.9205461e-07   6.2967421e-08
   7.9970000e+01   1.2987469e-07   2.7989793e-08
   7.9980000e+01   3.2486597e-08   6.9983906e-09
   7.9990000e+01   0.0000000e+00   0.0000000e+00
   8.0000000e+01   0.0000000e+00   0.0000000e+00
   8.0010000e+01   0.0000000e+00   0.0000000e+00
   8.0020000e+01   0.0000000e+00   0.0000000e+00
   8.0030000e+01   0.0000000e+00   0.0000000e+00
   8.0040000e+01   0.0000000e+00   0.0000000e+00
   8.0050000e+01   0.0000000e+00   0.0000000e+00
   8.0060000e+01   0.0000000e+00   0.0000000e+00
   8.0070000e+01   0.0000000e+00   0.0000000e+00
   8.0080000e+01   0.0000000e+00   0.0000000e+00
   8.0090000e+01   0.0000000e+00   0.0000000e+00
   8.0100000e+01   0.0000000e+00   0.0000000e+00
   8.0110000e+01   0.0000000e+00   0.0000000e+00
   8.0120000e+01   0.0000000e+00   0.0000000e+00
   8.0130000e+01   0.0000000e+00   0.0000000e+00
   8.0140000e+01   0.0000000e+00   0.0000000e+00
   8.0150000e+01   0.0000000e+00   0.0000000e+00
   8.0160000e+01   0.0000000e+00   0.0000000e+00
   8.0170000e+01   0.0000000e+00   0.0000000e+00
   8.0180000e+01   0.0000000e+00   0.0000000e+00
   8.0190000e+01   0.0000000e+00   0.0000000e+00
   8.0200000e+01   0.0000000e+00   0.0000000e+00
   8.0210000e+01   0.0000000e+00   0.0000000e+00
   8.0220000e+01   0.0000000e+00   0.0000000e+00
   8.0230000e+01   0.0000000e+00   0.0000000e+00
   8.0240000e+01   0.0000000e+00   0.0000000e+00
   8.0250000e+01   0.0000000e+00   0.0000000e+00
   8.0260000e+01   0.0000000e+00   0.0000000e+00
   8.0270000e+01   0.0000000e+00   0.0000000e+00
   8.0280000e+01   0.0000000e+00   0.0000000e+00
   8.0290000e+01   0.0000000e+00   0.0000000e+00
   8.0300000e+01   0.0000000e+00   0.0000000e+00
   8.0310000e+01   0.0000000e+00   0.0000000e+00
   8.0320000e+01   0.0000000e+00   0.0000000e+00
   8.0330000e+01   0.0000000e+00   0.0000000e+00
   8.0340000e+01   0.0000000e+00   0.0000000e+00
   8.0350000e+01   0.0000000e+00   0.0000000e+00
   8.0360000e+01   0.0000000e+00   0.0000000e+00
   8.0370000e+01   0.0000000e+00   0.0000000e+00
   8.0380000e+01   0.0000000e+00   0.0000000e+00
   8.0390000e+01   0.0000000e+00   0.0000000e+00
   8.0400000e+01   0.0000000e+00   0.0000000e+00
   8.0410000e+01   0.0000000e+00   0.0000000e+00
   8.0420000e+01   0.0000000e+00   0.0000000e+00
   8.0430000e+01   0.0000000e+00   0.0000000e+00
   8.0440000e+01   0.0000000e+00   0.0000000e+00
   8.0450000e+01   0.0000000e+00   0.0000000e+00
   8.0460000e+01   0.0000000e+00   0.0000000e+00
   8.0470000e+01   0.0000000e+00   0.0000000e+00
   8.0480000e+01   0.0000000e+00   0.0000000e+00
   8.0490000e+01   0.0000000e+00   0.0000000e+00
   8.0500000e+01   0.0000000e+00   0.0000000e+00
   8.0510000e+01   0.0000000e+00   0.0000000e+00
   8.0520000e+01   0.0000000e+00   0.0000000e+00
   8.0530000e+01   0.0000000e+00   0.0000000e+00
   8.0540000e+01   0.0000000e+00   0.0000000e+00
   8.0550000e+01   0.0000000e+00   0.0000000e+00
   8.0560000e+01   0.0000000e+00   0.0000000e+00
   8.0570000e+01   0.0000000e+00   0.0000000e+00
   8.0580000e+01   0.0000000e+00   0.0000000e+00
   8.0590000e+01   0.0000000e+00   0.0000000e+00
   8.0600000e+01   0.0000000e+00   0.0000000e+00
   8.0610000e+01   0.0000000e+00   0.0000000e+00
   8.0620000e+01   0.0000000e+00   0.0000000e+00
   8.0630000e+01   0.0000000e+00   0.0000000e+00
   8.0640000e+01   0.0000000e+00   0.0000000e+00
   8.0650000e+01   0.0000000e+00   0.0000000e+00
   8.0660000e+01   0.0000000e+00   0.0000000e+00
   8.0670000e+01   0.0000000e+00   0.0000000e+00
   8.0680000e+01   0.0000000e+00   0.0000000e+00
   8.0690000e+01   0.0000000e+00   0.0000000e+00
   8.0700000e+01   0.0000000e+00   0.0000000e+00
   8.0710000e+01   0.0000000e+00   0.0000000e+00
   8.0720000e+01   0.0000000e+00   0.0000000e+00
   8.0730000e+01   0.0000000e+00   0.0000000e+00
   8.0740000e+01   0.0000000e+00   0.0000000e+00
   8.0750000e+01   0.0000000e+00   0.0000000e+00
   8.0760000e+01   0.0000000e+00   0.0000000e+00
   8.0770000e+01   0.0000000e+00   0.0000000e+00
   8.0780000e+01   0.0000000e+00   0.0000000e+00
   8.0790000e+01   0.0000000e+00   0.0000000e+00
   8.0800000e+01   0.0000000e+00   0.0000000e+00
   8.0810000e+01   0.0000000e+00   0.0000000e+00
   8.0820000e+01   0.0000000e+00   0.0000000e+00
   8.0830000e+01   0.0000000e+00   0.0000000e+00
   8.0840000e+01   0.0000000e+00   0.0000000e+00
   8.0850000e+01   0.0000000e+00   0.0000000e+00
   8.0860000e+01   0.0000000e+00   0.0000000e+00
   8.0870000e+01   0.0000000e+00   0.0000000e+00
   8.0880000e+01   0.0000000e+00   0.0000000e+00
   8.0890000e+01   0.0000000e+00   0.0000000e+00
   8.0900000e+01   0.0000000e+00   0.0000000e+00
   8.0910000e+01   0.0000000e+00   0.0000000e+00
   8.0920000e+01   0.0000000e+00   0.0000000e+00
   8.0930000e+01   0.0000000e+00   0.0000000e+00
   8.0940000e+01   0.0000000e+00   0.0000000e+00
   8.0950000e+01   0.0000000e+00   0.0000000e+00
   8.0960000e+01   0.0000000e+00   0.0000000e+00
   8.0970000e+01   0.0000000e+00   0.0000000e+00
   8.0980000e+01   0.0000000e+00   0.0000000e+00
   8.0990000e+01   0.0000000e+00   0.0000000e+00
   8.1000000e+01   0.0000000e+00   0.0000000e+00
   8.1010000e+01   0.0000000e+00   0.0000000e+00
   8.1020000e+01   0.0000000e+00   0.0000000e+00
   8.1030000e+01   0.0000000e+00   0.0000000e+00
   8.1040000e+01   0.0000000e+00   0.0000000e+00
   8.1050000e+01   0.0000000e+00   0.0000000e+00
   8.1060000e+01   0.0000000e+00   0.0000000e+00
   8.1070000e+01   0.0000000e+00   0.0000000e+00
   8.1080000e+01   0.0000000e+00   0.0000000e+00
   8.1090000e+01   0.0000000e+00   0.0000000e+00
   8.1100000e+01   0.0000000e+00   0.0000000e+00
   8.1110000e+01   0.0000000e+00   0.0000000e+00
   8.1120000e+01   0.0000000e+00   0.0000000e+00
   8.1130000e+01   0.0000000e+00   0.0000000e+00
   8.1140000e+01   0.0000000e+00   0.0000000e+00
   8.1150000e+01   0.0000000e+00   0.0000000e+00
   8.1160000e+01   0.0000000e+00   0.0000000e+00
   8.1170000e+01   0.0000000e+00   0.0000000e+00
   8.1180000e+01   0.0000000e+00   0.0000000e+00
   8.1190000e+01   0.0000000e+00   0.0000000e+00
   8.1200000e+01   0.0000000e+00   0.0000000e+00
   8.1210000e+01   0.0000000e+00   0.0000000e+00
   8.1220000e+01   0.0000000e+00   0.0000000e+00
   8.1230000e+01   0.0000000e+00   0.0000000e+00
   8.1240000e+01   0.0000000e+00   0.0000000e+00
   8.1250000e+01   0.0000000e+00   0.0000000e+00
   8.1260000e+01   0.0000000e+00   0.0000000e+00
   8.1270000e+01   0.0000000e+00   0.0000000e+00
   8.1280000e+01   0.0000000e+00   0.0000000e+00
   8.1290000e+01   0.0000000e+00   0.0000000e+00
   8.1300000e+01   0.0000000e+00   0.0000000e+00
   8.1310000e+01   0.0000000e+00   0.0000000e+00
   8.1320000e+01   0.0000000e+00   0.0000000e+00
   8.1330000e+01   0.0000000e+00   0.0000000e+00
   8.1340000e+01   0.0000000e+00   0.0000000e+00
   8.1350000e+01   0.0000000e+00   0.0000000e+00
   8.1360000e+01   0.0000000e+00   0.0000000e+00
   8.1370000e+01   0.0000000e+00   0.0000000e+00
   8.1380000e+01   0.0000000e+00   0.0000000e+00
   8.1390000e+01   0.0000000e+00   0.0000000e+00
   8.1400000e+01   0.0000000e+00   0.0000000e+00
   8.1410000e+01   0.0000000e+00   0.0000000e+00
   8.1420000e+01   0.0000000e+00   0.0000000e+00
   8.1430000e+01   0.0000000e+00   0.0000000e+00
   8.1440000e+01   0.0000000e+00   0.0000000e+00
   8.1450000e+01   0.0000000e+00   0.0000000e+00
   8.1460000e+01   0.0000000e+00   0.0000000e+00
   8.1470000e+01   0.0000000e+00   0.0000000e+00
   8.1480000e+01   0.0000000e+00   0.0000000e+00
   8.1490000e+01   0.0000000e+00   0.0000000e+00
   8.1500000e+01   0.0000000e+00   0.0000000e+00
   8.1510000e+01   0.0000000e+00   0.0000000e+00
   8.1520000e+01   0.0000000e+00   0.0000000e+00
   8.1530000e+01   0.0000000e+00   0.0000000e+00
   8.1540000e+01   0.0000000e+00   0.0000000e+00
   8.1550000e+01   0.0000000e+00   0.0000000e+00
   8.1560000e+01   0.0000000e+00   0.0000000e+00
   8.1570000e+01   0.0000000e+00   0.0000000e+00
   8.1580000e+01   0.0000000e+00   0.0000000e+00
   8.1590000e+01   0.0000000e+00   0.0000000e+00
   8.1600000e+01   0.0000000e+00   0.0000000e+00
   8.1610000e+01   0.0000000e+00   0.0000000e+00
   8.1620000e+01   0.0000000e+00   0.0000000e+00
   8.1630000e+01   0.0000000e+00   0.0000000e+00
   8.1640000e+01   0.0000000e+00   0.0000000e+00
   8.1650000e+01   0.0000000e+00   0.0000000e+00
   8.1660000e+01   0.0000000e+00   0.0000000e+00
   8.1670000e+01   0.0000000e+00   0.0000000e+00
   8.1680000e+01   0.0000000e+00   0.0000000e+00
   8.1690000e+01   0.0000000e+00   0.0000000e+00
   8.1700000e+01   0.0000000e+00   0.0000000e+00
   8.1710000e+01   0.0000000e+00   0.0000000e+00
   8.1720000e+01   0.0000000e+00   0.0000000e+00
   8.1730000e+01   0.0000000e+00   0.0000000e+00
   8.1740000e+01   0.0000000e+00   0.0000000e+00
   8.1750000e+01   0.0000000e+00   0.0000000e+00
   8.1760000e+01   0.0000000e+00   0.0000000e+00
   8.1770000e+01   0.0000000e+00   0.0000000e+00
   8.1780000e+01   0.0000000e+00   0.0000000e+00
   8.1790000e+01   0.0000000e+00   0.0000000e+00
   8.1800000e+01   0.0000000e+00   0.0000000e+00
   8.1810000e+01   0.0000000e+00   0.0000000e+00
   8.1820000e+01   0.0000000e+00   0.0000000e+00
   8.1830000e+01   0.0000000e+00   0.0000000e+00
   8.1840000e+01   0.0000000e+00   0.0000000e+00
   8.1850000e+01   0.0000000e+00   0.0000000e+00
   8.1860000e+01   0.0000000e+00   0.0000000e+00
   8.1870000e+01   0.0000000e+00   0.0000000e+00
   8.1880000e+01   0.0000000e+00   0.0000000e+00
   8.1890000e+01   0.0000000e+00   0.0000000e+00
   8.1900000e+01   0.0000000e+00   0.0000000e+00
   8.1910000e+01   0.0000000e+00   0.0000000e+00
